Mutation,Mutation_in_Ecoli,Species,Ref_code,Warning,Comment,Modify,Mut_modify_to,Pos_modify_to,Link
K88E,K87E,Borreliella burgdorferi,Criswell2006,AA_pos inconsistent with AA_pos_Ecoli,"The abstract states that B. burgdorferi mutations K88R and K88E, homologous to E. coli Lys-87, confer streptomycin resistance; however, the E. coli codon at position 87 (GTT) does not encode lysine, while the codon at position 88 (AAA) does.",yes,K88E,88,https://pmc.ncbi.nlm.nih.gov/articles/PMC1366916/
K88R,K87R,Borreliella burgdorferi,Criswell2006,AA_pos inconsistent with AA_pos_Ecoli,"The abstract states that B. burgdorferi mutations K88R and K88E, homologous to E. coli Lys-87, confer streptomycin resistance; however, the E. coli codon at position 87 (GTT) does not encode lysine, while the codon at position 88 (AAA) does.",yes,K88R,88,https://pmc.ncbi.nlm.nih.gov/articles/PMC1366916/
A22G,A22G,Escherichia coli,Agarwal2011,AA_original or AA_mutation inconsistent with AA_pos,Amino acid at the position 22 of E.coli is P and at the position 23 is A. Adding one to each of these positions makes them match the E.coli reference.,yes,A23G,23,https://www.sciencedirect.com/science/article/pii/S0022283611005110?via%3Dihub
D108Y,D108Y,Escherichia coli,Agarwal2011,AA_original or AA_mutation inconsistent with AA_pos,Amino acid at the position 108 of E.coli is K and at the position 109 is D. Adding one to each of these positions makes them match the E.coli reference.,yes,D109Y,10,https://www.sciencedirect.com/science/article/pii/S0022283611005110?via%3Dihub
E24D,E24D,Escherichia coli,Agarwal2011,AA_original or AA_mutation inconsistent with AA_pos,Amino acid at the position 24 of E.coli is L and at the position 25 is E. Adding one to each of these positions makes them match the E.coli reference.,yes,E25D,25,https://www.sciencedirect.com/science/article/pii/S0022283611005110?via%3Dihub
G105C,G105C,Escherichia coli,Agarwal2011,AA_original or AA_mutation inconsistent with AA_pos,Amino acid at the position 105 of E.coli is S and at the position 106 is G. Adding one to each of these positions makes them match the E.coli reference.,yes,G106C,10,https://www.sciencedirect.com/science/article/pii/S0022283611005110?via%3Dihub
G67R,G67R,Escherichia coli,Agarwal2011,AA_original or AA_mutation inconsistent with AA_pos,Amino acid at the position 67 of E.coli is I and at the position 68 is G. Adding one to each of these positions makes them match the E.coli reference.,yes,G68R,68,https://www.sciencedirect.com/science/article/pii/S0022283611005110?via%3Dihub
G91D,G91D,Escherichia coli,Chumpolkulwong2004,Nt_pos inconsistent with codons and AA_pos position; AA_original or AA_mutation inconsistent with AA_pos,Amino acid at the position 91 of E.coli is P and at the position 92 is G. Adding one to each of these positions makes them match the E.coli reference. The Nt_pos_Ecoli still matches with our reference E.coli. (275 => amino acid 92),yes,G92D,92,https://febs.onlinelibrary.wiley.com/doi/10.1111/j.1432-1033.2004.04016.x
G91R,G91R,Escherichia coli,Timms1992,Nt_pos predicted to not exist in E. coli; AA_original or AA_mutation inconsistent with AA_pos,Amino acid at the position 91 of E.coli is P and at the position 92 is G. Adding one to each of these positions makes them match the E.coli reference.,yes,G92R,92,https://pubmed.ncbi.nlm.nih.gov/1552908/
H76P,H76P,Escherichia coli,Agarwal2011,AA_original or AA_mutation inconsistent with AA_pos,Amino acid at the position 76 of E.coli is E and at the position 77 is H. Adding one to each of these positions makes them match the E.coli reference.,yes,H77P,77,https://www.sciencedirect.com/science/article/pii/S0022283611005110?via%3Dihub
H95D,H95D,Escherichia coli,Agarwal2011,AA_original or AA_mutation inconsistent with AA_pos,Amino acid at the position 95 of E.coli is Y and at the position 96 is H. Adding one to each of these positions makes them match the E.coli reference.,yes,H96D,96,https://www.sciencedirect.com/science/article/pii/S0022283611005110?via%3Dihub
I66M,I66M,Escherichia coli,Agarwal2011,AA_original or AA_mutation inconsistent with AA_pos,Amino acid at the position 66 of E.coli is Y and at the position 67 is I. Adding one to each of these positions makes them match the E.coli reference.,yes,I67M,67,https://www.sciencedirect.com/science/article/pii/S0022283611005110?via%3Dihub
I79N,I79N,Escherichia coli,Agarwal2011,AA_original or AA_mutation inconsistent with AA_pos,Amino acid at the position 79 of E.coli is V and at the position 80 is I. Adding one to each of these positions makes them match the E.coli reference.,yes,I80N,80,https://www.sciencedirect.com/science/article/pii/S0022283611005110?via%3Dihub
I81F,I81F,Escherichia coli,Agarwal2011,AA_original or AA_mutation inconsistent with AA_pos,Amino acid at the position 81 of E.coli is L and at the position 82 is I. Adding one to each of these positions makes them match the E.coli reference.,yes,I82F,82,https://www.sciencedirect.com/science/article/pii/S0022283611005110?via%3Dihub
K107N,K107N,Escherichia coli,Agarwal2011,AA_original or AA_mutation inconsistent with AA_pos,Amino acid at the position 107 of E.coli is V and at the position 108 is K. Adding one to each of these positions makes them match the E.coli reference.,yes,K108N,10,https://www.sciencedirect.com/science/article/pii/S0022283611005110?via%3Dihub
K42I,K42I,Escherichia coli,Chumpolkulwong2004,Nt_pos inconsistent with codons and AA_pos position; AA_original or AA_mutation inconsistent with AA_pos,Amino acid at the position 42 of E.coli is P and at the position 43 is K. Adding one to each of these positions makes them match the E.coli reference. The Nt_pos_Ecoli still matches with our reference E.coli. (128 => amino acid 43),yes,K43I,43,https://febs.onlinelibrary.wiley.com/doi/10.1111/j.1432-1033.2004.04016.x
K42I,K42I,Escherichia coli,Hosaka2004,AA_original or AA_mutation inconsistent with AA_pos,Amino acid at the position 42 of E.coli is P and at the position 43 is K. Adding one to each of these positions makes them match the E.coli reference.,yes,K43I,43,https://pubmed.ncbi.nlm.nih.gov/14966659/
K42I,K42I,Escherichia coli,Timms1992,Nt_pos predicted to not exist in E. coli; AA_original or AA_mutation inconsistent with AA_pos,Amino acid at the position 42 of E.coli is P and at the position 43 is K. Adding one to each of these positions makes them match the E.coli reference.,yes,K43I,43,https://pubmed.ncbi.nlm.nih.gov/1552908/
K42N,K42N,Escherichia coli,Chen2013,AA_original or AA_mutation inconsistent with AA_pos; Nt_pos inconsistent with codons and AA_pos position,Amino acid at the position 42 of E.coli is P and at the position 43 is K. Adding one to each of these positions makes them match the E.coli reference.,yes,K43N,43,https://pmc.ncbi.nlm.nih.gov/articles/PMC3754346/
K42N,K42N,Escherichia coli,Chumpolkulwong2004,Nt_pos inconsistent with codons and AA_pos position; AA_original or AA_mutation inconsistent with AA_pos,Amino acid at the position 42 of E.coli is P and at the position 43 is K. Adding one to each of these positions makes them match the E.coli reference. The Nt_pos_Ecoli still matches with our reference E.coli. (129 => amino acid 43),yes,K43N,43,https://febs.onlinelibrary.wiley.com/doi/10.1111/j.1432-1033.2004.04016.x
K42N,K42N,Escherichia coli,Hosaka2004,Nt_pos inconsistent with codons and AA_pos position; AA_original or AA_mutation inconsistent with AA_pos,Amino acid at the position 42 of E.coli is P and at the position 43 is K. Adding one to each of these positions makes them match the E.coli reference. The Nt_pos_Ecoli still matches with our reference E.coli. (129 => amino acid 43),yes,K43N,43,https://pubmed.ncbi.nlm.nih.gov/14966659/
K42N,K42N,Escherichia coli,Timms1992,Nt_pos predicted to not exist in E. coli; AA_original or AA_mutation inconsistent with AA_pos,Amino acid at the position 42 of E.coli is P and at the position 43 is K. Adding one to each of these positions makes them match the E.coli reference.,yes,K43N,43,https://pubmed.ncbi.nlm.nih.gov/1552908/
K42N,K42N,Escherichia coli,Vila-Sanjurjo2007,AA_original or AA_mutation inconsistent with AA_pos,Amino acid at the position 42 of E.coli is P and at the position 43 is K. Adding one to each of these positions makes them match the E.coli reference.,yes,K43N,43,https://www.tandfonline.com/doi/epdf/10.1179/joc.2004.16.4.347?needAccess=true
K42R,K42R,Escherichia coli,Chen2013,AA_original or AA_mutation inconsistent with AA_pos; Nt_pos inconsistent with codons and AA_pos position,Amino acid at the position 42 of E.coli is P and at the position 43 is K. Adding one to each of these positions makes them match the E.coli reference.,yes,K43R,43,https://pmc.ncbi.nlm.nih.gov/articles/PMC3754346/
K42R,K42R,Escherichia coli,Chumpolkulwong2004,Nt_pos inconsistent with codons and AA_pos position; AA_original or AA_mutation inconsistent with AA_pos,Amino acid at the position 42 of E.coli is P and at the position 43 is K. Adding one to each of these positions makes them match the E.coli reference. The Nt_pos_Ecoli still matches with our reference E.coli. (128 => amino acid 43),yes,K43R,43,https://febs.onlinelibrary.wiley.com/doi/10.1111/j.1432-1033.2004.04016.x
K42R,K42R,Escherichia coli,Timms1992,Nt_pos predicted to not exist in E. coli; AA_original or AA_mutation inconsistent with AA_pos,Amino acid at the position 42 of E.coli is P and at the position 43 is K. Adding one to each of these positions makes them match the E.coli reference.,yes,K43R,43,https://pubmed.ncbi.nlm.nih.gov/1552908/
K42T,K42T,Escherichia coli,Agarwal2011,AA_original or AA_mutation inconsistent with AA_pos,Amino acid at the position 42 of E.coli is P and at the position 43 is K. Adding one to each of these positions makes them match the E.coli reference.,yes,K43T,43,https://www.sciencedirect.com/science/article/pii/S0022283611005110?via%3Dihub
K42T,K42T,Escherichia coli,Chen2013,AA_original or AA_mutation inconsistent with AA_pos,Amino acid at the position 42 of E.coli is P and at the position 43 is K. Adding one to each of these positions makes them match the E.coli reference.,yes,K43T,43,https://pmc.ncbi.nlm.nih.gov/articles/PMC3754346/
K42T,K42T,Escherichia coli,Chumpolkulwong2004,Nt_pos inconsistent with codons and AA_pos position; AA_original or AA_mutation inconsistent with AA_pos,Amino acid at the position 42 of E.coli is P and at the position 43 is K. Adding one to each of these positions makes them match the E.coli reference. The Nt_pos_Ecoli still matches with our reference E.coli. (128 => amino acid 88),yes,K43T,43,https://febs.onlinelibrary.wiley.com/doi/10.1111/j.1432-1033.2004.04016.x
K42T,K42T,Escherichia coli,Hosaka2004,AA_original or AA_mutation inconsistent with AA_pos,Amino acid at the position 42 of E.coli is P and at the position 43 is K. Adding one to each of these positions makes them match the E.coli reference. The Nt_pos_Ecoli still matches with our reference E.coli. (128 => amino acid 43),yes,K43T,43,https://pubmed.ncbi.nlm.nih.gov/14966659/
K42T,K42T,Escherichia coli,Vila-Sanjurjo2007,AA_original or AA_mutation inconsistent with AA_pos,Amino acid at the position 42 of E.coli is P and at the position 43 is K. Adding one to each of these positions makes them match the E.coli reference.,yes,K43T,43,https://pubmed.ncbi.nlm.nih.gov/17512991/
K43I,K43I,Escherichia coli,Agarwal2011,NA,,yes,K44I,44,https://www.sciencedirect.com/science/article/pii/S0022283611005110?via%3Dihub
K43N,K43N,Escherichia coli,Hosaka2004,NA,,yes,K44N,44,https://pubmed.ncbi.nlm.nih.gov/14966659/
K43T,K43T,Escherichia coli,Hosaka2004,NA,,yes,K44T,44,https://pubmed.ncbi.nlm.nih.gov/14966659/
K87E,K87E,Escherichia coli,Chumpolkulwong2004,Nt_pos inconsistent with codons and AA_pos position; AA_original or AA_mutation inconsistent with AA_pos,Amino acid at the position 87 of E.coli is V and at the position 88 is K. Adding one to each of these positions makes them match the E.coli reference. The Nt_pos_Ecoli still matches with our reference E.coli. (262 => amino acid 88),yes,K88E,88,https://febs.onlinelibrary.wiley.com/doi/10.1111/j.1432-1033.2004.04016.x
K87E,K87E,Escherichia coli,Gill2004,AA_original or AA_mutation inconsistent with AA_pos,Amino acid at the position 87 of E.coli is V and at the position 88 is K. Adding one to each of these positions makes them match the E.coli reference. ,yes,K88E,88,https://www.tandfonline.com/doi/epdf/10.1179/joc.2004.16.4.347?needAccess=true
K87E,K87E,Escherichia coli,Hosaka2004,AA_original or AA_mutation inconsistent with AA_pos,Amino acid at the position 87 of E.coli is V and at the position 88 is K. Adding one to each of these positions makes them match the E.coli reference. ,yes,K88E,88,https://pubmed.ncbi.nlm.nih.gov/14966659/
K87N,K87N,Escherichia coli,Hosaka2004,Nt_pos inconsistent with codons and AA_pos position; AA_original or AA_mutation inconsistent with AA_pos,Amino acid at the position 87 of E.coli is V and at the position 88 is K. Adding one to each of these positions makes them match the E.coli reference. ,yes,K88N,88,https://pubmed.ncbi.nlm.nih.gov/14966659/
K87R,K87R,Escherichia coli,Chen2013,AA_original or AA_mutation inconsistent with AA_pos,Amino acid at the position 87 of E.coli is V and at the position 88 is K. Adding one to each of these positions makes them match the E.coli reference. ,yes,K88R,88,https://pmc.ncbi.nlm.nih.gov/articles/PMC3754346/
K87R,K87R,Escherichia coli,Chumpolkulwong2004,Nt_pos inconsistent with codons and AA_pos position; AA_original or AA_mutation inconsistent with AA_pos,Amino acid at the position 87 of E.coli is V and at the position 88 is K. Adding one to each of these positions makes them match the E.coli reference. The Nt_pos_Ecoli still matches with our reference E.coli. (263 => amino acid 88),yes,K88R,88,https://febs.onlinelibrary.wiley.com/doi/10.1111/j.1432-1033.2004.04016.x
K87R,K87R,Escherichia coli,Timms1992,Nt_pos predicted to not exist in E. coli; AA_original or AA_mutation inconsistent with AA_pos,Amino acid at the position 87 of E.coli is V and at the position 88 is K. Adding one to each of these positions makes them match the E.coli reference.,yes,K88R,88,https://pubmed.ncbi.nlm.nih.gov/1552908/
K87R,K87R,Escherichia coli,Vila-Sanjurjo2007,AA_original or AA_mutation inconsistent with AA_pos,Amino acid at the position 87 of E.coli is V and at the position 88 is K. Adding one to each of these positions makes them match the E.coli reference. ,yes,K88R,88,https://pubmed.ncbi.nlm.nih.gov/17512991/
L23Q,L23Q,Escherichia coli,Agarwal2011,AA_original or AA_mutation inconsistent with AA_pos,Amino acid at the position 23 of E.coli is A and at the position 24 is L. Adding one to each of these positions makes them match the E.coli reference.,yes,L24Q,24,https://www.sciencedirect.com/science/article/pii/S0022283611005110?via%3Dihub
L48Q,L48Q,Escherichia coli,Agarwal2011,AA_original or AA_mutation inconsistent with AA_pos,Amino acid at the position 48 of E.coli is A and at the position 49 is L. Adding one to each of these positions makes them match the E.coli reference.,yes,L49Q,49,https://www.sciencedirect.com/science/article/pii/S0022283611005110?via%3Dihub
L6Q,L6Q,Escherichia coli,Agarwal2011,NA,,yes,L7Q,7Q,https://www.sciencedirect.com/science/article/pii/S0022283611005110?via%3Dihub
L73P,L73P,Escherichia coli,Agarwal2011,AA_original or AA_mutation inconsistent with AA_pos,Amino acid at the position 73 of E.coli is N and at the position 74 is L. Adding one to each of these positions makes them match the E.coli reference.,yes,L74P,74,https://www.sciencedirect.com/science/article/pii/S0022283611005110?via%3Dihub
L80R,L80R,Escherichia coli,Agarwal2011,AA_original or AA_mutation inconsistent with AA_pos,Amino acid at the position 80 of E.coli is I and at the position 81 is L. Adding one to each of these positions makes them match the E.coli reference.,yes,L81R,81,https://www.sciencedirect.com/science/article/pii/S0022283611005110?via%3Dihub
N19K,N19K,Escherichia coli,Agarwal2011,AA_original or AA_mutation inconsistent with AA_pos,Amino acid at the position 19 of E.coli is S and at the position 20 is N. Adding one to each of these positions makes them match the E.coli reference.,yes,N20K,20,https://www.sciencedirect.com/science/article/pii/S0022283611005110?via%3Dihub
N58K,N58K,Escherichia coli,Agarwal2011,AA_original or AA_mutation inconsistent with AA_pos,Amino acid at the position 58 of E.coli is T and at the position 59 is N. Adding one to each of these positions makes them match the E.coli reference.,yes,N59K,59,https://www.sciencedirect.com/science/article/pii/S0022283611005110?via%3Dihub
P10L,P10L,Escherichia coli,Agarwal2011,AA_original or AA_mutation inconsistent with AA_pos,Amino acid at the position 10 of E.coli is K and at the position 11 is P. Adding one to each of these positions makes them match the E.coli reference.,yes,P11L,11,https://www.sciencedirect.com/science/article/pii/S0022283611005110?via%3Dihub
P21R,P21R,Escherichia coli,Agarwal2011,AA_original or AA_mutation inconsistent with AA_pos,Amino acid at the position 21 of E.coli is V and at the position 22 is P. Adding one to each of these positions makes them match the E.coli reference.,yes,P22R,22,https://www.sciencedirect.com/science/article/pii/S0022283611005110?via%3Dihub
P41A,P41A,Escherichia coli,Agarwal2011,AA_original or AA_mutation inconsistent with AA_pos,Amino acid at the position 41 of E.coli is T and at the position 42 is P. Adding one to each of these positions makes them match the E.coli reference.,yes,P42A,42,https://www.sciencedirect.com/science/article/pii/S0022283611005110?via%3Dihub
P41L,P41L,Escherichia coli,Timms1992,,,yes,P42L,42,https://pubmed.ncbi.nlm.nih.gov/1552908/
P90L,P90L,Escherichia coli,Chumpolkulwong2004,Nt_pos inconsistent with codons and AA_pos position; AA_original or AA_mutation inconsistent with AA_pos,Amino acid at the position 90 of E.coli is L and at the position 91 is P. Adding one to each of these positions makes them match the E.coli reference. The Nt_pos_Ecoli still matches with our reference E.coli. (272 => amino acid 91),yes,P91L,91,https://febs.onlinelibrary.wiley.com/doi/10.1111/j.1432-1033.2004.04016.x
P90L,P90L,Escherichia coli,Hosaka2004,AA_original or AA_mutation inconsistent with AA_pos,Amino acid at the position 90 of E.coli is L and at the position 91 is P. Adding one to each of these positions makes them match the E.coli reference. ,yes,P91L,91,https://pubmed.ncbi.nlm.nih.gov/14966659/
P90L,P90L,Escherichia coli,Timms1992,,,yes,P91L,91,https://pubmed.ncbi.nlm.nih.gov/1552908/
P90Q,P90Q,Escherichia coli,Chumpolkulwong2004,Nt_pos inconsistent with codons and AA_pos position; AA_original or AA_mutation inconsistent with AA_pos,Amino acid at the position 90 of E.coli is L and at the position 91 is P. Adding one to each of these positions makes them match the E.coli reference. The Nt_pos_Ecoli still matches with our reference E.coli. (272 => amino acid 91),yes,P91Q,91,https://febs.onlinelibrary.wiley.com/doi/10.1111/j.1432-1033.2004.04016.x
Q5R,Q5R,Escherichia coli,Agarwal2011,AA_original or AA_mutation inconsistent with AA_pos,Amino acid at the position 5 of E.coli is N and at the position 6 is Q. Adding one to each of these positions makes them match the E.coli reference.,yes,Q6R,6R,https://www.sciencedirect.com/science/article/pii/S0022283611005110?via%3Dihub
R11C,R11C,Escherichia coli,Agarwal2011,AA_original or AA_mutation inconsistent with AA_pos,Amino acid at the position 11 of E.coli is P and at the position 12 is R. Adding one to each of these positions makes them match the E.coli reference.,yes,R12C,12,https://www.sciencedirect.com/science/article/pii/S0022283611005110?via%3Dihub
R13H,R13H,Escherichia coli,Agarwal2011,AA_original or AA_mutation inconsistent with AA_pos,Amino acid at the position 13 of E.coli is A and at the position 14 is R. Adding one to each of these positions makes them match the E.coli reference.,yes,R14H,14,https://www.sciencedirect.com/science/article/pii/S0022283611005110?via%3Dihub
R35S,R35S,Escherichia coli,Agarwal2011,AA_original or AA_mutation inconsistent with AA_pos,Amino acid at the position 35 of E.coli is T and at the position 36 is R. Adding one to each of these positions makes them match the E.coli reference.,yes,R36S,36,https://www.sciencedirect.com/science/article/pii/S0022283611005110?via%3Dihub
R53C,R53C,Escherichia coli,Hosaka2004,NA,,yes,R54C,54,
R53H,R53H,Escherichia coli,Agarwal2011,AA_original or AA_mutation inconsistent with AA_pos,Amino acid at the position 94 of E.coli is R and at the position 95 is Y. Adding one to each of these positions makes them match the E.coli reference.,yes,R54H,54,https://www.sciencedirect.com/science/article/pii/S0022283611005110?via%3Dihub
R53S,R53S,Escherichia coli,Agarwal2011,AA_original or AA_mutation inconsistent with AA_pos,Amino acid at the position 53 of E.coli is C and at the position 54 is R. Adding one to each of these positions makes them match the E.coli reference.,yes,R54S,54,https://www.sciencedirect.com/science/article/pii/S0022283611005110?via%3Dihub
R85H,R85H,Escherichia coli,Agarwal2011,AA_original or AA_mutation inconsistent with AA_pos,Amino acid at the position 85 of E.coli is G and at the position 86 is R. Adding one to each of these positions makes them match the E.coli reference.,yes,R86H,86,https://www.sciencedirect.com/science/article/pii/S0022283611005110?via%3Dihub
R85S,R85S,Escherichia coli,Agarwal2011,AA_original or AA_mutation inconsistent with AA_pos,Amino acid at the position 85 of E.coli is G and at the position 86 is R. Adding one to each of these positions makes them match the E.coli reference.,yes,R86S,86,https://www.sciencedirect.com/science/article/pii/S0022283611005110?via%3Dihub
R93S,R93S,Escherichia coli,Agarwal2011,AA_original or AA_mutation inconsistent with AA_pos,Amino acid at the position 93 of E.coli is V and at the position 94 is R. Adding one to each of these positions makes them match the E.coli reference.,yes,R94S,94,https://www.sciencedirect.com/science/article/pii/S0022283611005110?via%3Dihub
S77C,S77C,Escherichia coli,Agarwal2011,AA_original or AA_mutation inconsistent with AA_pos,Amino acid at the position 77 of E.coli is H and at the position 78 is S. Adding one to each of these positions makes them match the E.coli reference.,yes,S78C,78,https://www.sciencedirect.com/science/article/pii/S0022283611005110?via%3Dihub
T2K,T2K,Escherichia coli,Agarwal2011,AA_original or AA_mutation inconsistent with AA_pos,Amino acid at the position 2 of E.coli is A and at the position 3 is T. Adding one to each of these positions makes them match the E.coli reference.,yes,T3K,3K,https://www.sciencedirect.com/science/article/pii/S0022283611005110?via%3Dihub
T2R,T2R,Escherichia coli,Agarwal2011,AA_original or AA_mutation inconsistent with AA_pos,Amino acid at the position 2 of E.coli is A and at the position 3 is T. Adding one to each of these positions makes them match the E.coli reference.,yes,T3R,3R,https://www.sciencedirect.com/science/article/pii/S0022283611005110?via%3Dihub
T39S,T39S,Escherichia coli,Agarwal2011,,,yes,T40S,40,https://www.sciencedirect.com/science/article/pii/S0022283611005110?via%3Dihub
T57S,T57S,Escherichia coli,Agarwal2011,AA_original or AA_mutation inconsistent with AA_pos,Amino acid at the position 57 of E.coli is L and at the position 58 is T. Adding one to each of these positions makes them match the E.coli reference.,yes,T58S,58,https://www.sciencedirect.com/science/article/pii/S0022283611005110?via%3Dihub
V106L,V106L,Escherichia coli,Agarwal2011,AA_original or AA_mutation inconsistent with AA_pos,Amino acid at the position 106 of E.coli is G and at the position 107 is V. Adding one to each of these positions makes them match the E.coli reference.,yes,V107L,10,https://www.sciencedirect.com/science/article/pii/S0022283611005110?via%3Dihub
V20E,V20E,Escherichia coli,Agarwal2011,AA_original or AA_mutation inconsistent with AA_pos,Amino acid at the position 20 of E.coli is N and at the position 21 is V. Adding one to each of these positions makes them match the E.coli reference.,yes,V21E,21,https://www.sciencedirect.com/science/article/pii/S0022283611005110?via%3Dihub
V3F,V3F,Escherichia coli,Agarwal2011,AA_original or AA_mutation inconsistent with AA_pos,Amino acid at the position 3 of E.coli is T and at the position 4 is V. Adding one to each of these positions makes them match the E.coli reference.,yes,V4F,4F,https://www.sciencedirect.com/science/article/pii/S0022283611005110?via%3Dihub
V62L,V62L,Escherichia coli,Agarwal2011,AA_original or AA_mutation inconsistent with AA_pos,Amino acid at the position 62 of E.coli is E and at the position 63 is V. Adding one to each of these positions makes them match the E.coli reference.,yes,V63L,63,https://www.sciencedirect.com/science/article/pii/S0022283611005110?via%3Dihub
V78E,V78E,Escherichia coli,Agarwal2011,AA_original or AA_mutation inconsistent with AA_pos,Amino acid at the position 78 of E.coli is S and at the position 79 is V. Adding one to each of these positions makes them match the E.coli reference.,yes,V79E,79,https://www.sciencedirect.com/science/article/pii/S0022283611005110?via%3Dihub
V7E,V7E,Escherichia coli,Agarwal2011,AA_original or AA_mutation inconsistent with AA_pos,Amino acid at the position 7 of E.coli is L and at the position 8 is V. Adding one to each of these positions makes them match the E.coli reference.,yes,V8E,8E,https://www.sciencedirect.com/science/article/pii/S0022283611005110?via%3Dihub
V7I,V7I,Escherichia coli,Agarwal2011,AA_original or AA_mutation inconsistent with AA_pos,Amino acid at the position 7 of E.coli is L and at the position 8 is V. Adding one to each of these positions makes them match the E.coli reference.,yes,V8I,8I,https://www.sciencedirect.com/science/article/pii/S0022283611005110?via%3Dihub
V97E,V97E,Escherichia coli,Agarwal2011,AA_original or AA_mutation inconsistent with AA_pos,Amino acid at the position 97 of E.coli is T and at the position 98 is V. Adding one to each of these positions makes them match the E.coli reference.,yes,V98E,98,https://www.sciencedirect.com/science/article/pii/S0022283611005110?via%3Dihub
Y94N,Y94N,Escherichia coli,Agarwal2011,AA_original or AA_mutation inconsistent with AA_pos,Amino acid at the position 94 of E.coli is R and at the position 95 is Y. Adding one to each of these positions makes them match the E.coli reference.,yes,Y95N,95,https://www.sciencedirect.com/science/article/pii/S0022283611005110?via%3Dihub
P41L,P41L,Klebsiella pneumoniae,Tsai2014,AA_original or AA_mutation inconsistent with AA_pos,Amino acid at the position 41 of K. pneumoniae is T and at the position 42 is P. Adding one to each of these positions makes them match the K. pneumoniae reference. The Nt_pos_Ecoli still matches with our reference E.coli. (125 => amino acid 42),yes,P42L,42,https://pmc.ncbi.nlm.nih.gov/articles/PMC4182516/#s2
K42R,K42R,Klebsiella pneumoniae,Tsai2014,AA_original or AA_mutation inconsistent with AA_pos,Amino acid at the position 42 of K. pneumoniae is P and at the position 43 is K. Adding one to each of these positions makes them match the K. pneumoniae reference. The Nt_pos_Ecoli still matches with our reference E.coli. (128 => amino acid 43),yes,K43R,43,https://pmc.ncbi.nlm.nih.gov/articles/PMC4182516/#s3
K42N,K42N,Klebsiella pneumoniae,Tsai2014,AA_original or AA_mutation inconsistent with AA_pos,Amino acid at the position 42 of K. pneumoniae is P and at the position 43 is K. Adding one to each of these positions makes them match the K. pneumoniae reference. The Nt_pos_Ecoli still matches with our reference E.coli. (129 => amino acid 43),yes,K43N,43,https://pmc.ncbi.nlm.nih.gov/articles/PMC4182516/#s4
K42T,K42T,Klebsiella pneumoniae,Tsai2014,AA_original or AA_mutation inconsistent with AA_pos,Amino acid at the position 42 of K. pneumoniae is P and at the position 43 is K. Adding one to each of these positions makes them match the K. pneumoniae reference.,yes,K43T,43,https://pmc.ncbi.nlm.nih.gov/articles/PMC4182516/#s5
K42Q,K42Q,Klebsiella pneumoniae,Tsai2014,AA_original or AA_mutation inconsistent with AA_pos,Amino acid at the position 42 of K. pneumoniae is P and at the position 43 is K. Adding one to each of these positions makes them match the K. pneumoniae reference. The Nt_pos_Ecoli still matches with our reference E.coli. (127 => amino acid 43),yes,K43Q,43,https://pmc.ncbi.nlm.nih.gov/articles/PMC4182516/#s6
K43E,K43E,Klebsiella pneumoniae,Tsai2014,NA,,yes,K44E,44,https://pmc.ncbi.nlm.nih.gov/articles/PMC4182516/#s7
K87R,K87R,Klebsiella pneumoniae,Tsai2014,AA_original or AA_mutation inconsistent with AA_pos,Amino acid at the position 87 of K. pneumoniae is V and at the position 88 is K. Adding one to each of these positions makes them match the K. pneumoniae reference. The Nt_pos_Ecoli still matches with our reference E.coli. (263 => amino acid 88),yes,K88R,88,https://pmc.ncbi.nlm.nih.gov/articles/PMC4182516/#s8
D88E,D88E,Klebsiella pneumoniae,Tsai2014,AA_original or AA_mutation inconsistent with AA_pos,Amino acid at the position 87 of K. pneumoniae is V and at the position 88 is K. Adding one to each of these positions makes them match the K. pneumoniae reference. The Nt_pos_Ecoli still matches with our reference E.coli. (267 => amino acid 89),yes,D89E,89,https://pmc.ncbi.nlm.nih.gov/articles/PMC4182516/#s9
P90Q,P90Q,Klebsiella pneumoniae,Tsai2014,AA_original or AA_mutation inconsistent with AA_pos,Amino acid at the position 87 of K. pneumoniae is V and at the position 88 is K. Adding one to each of these positions makes them match the K. pneumoniae reference. The Nt_pos_Ecoli still matches with our reference E.coli. (272 => amino acid 91),yes,P91Q,91,https://pmc.ncbi.nlm.nih.gov/articles/PMC4182516/#s10
P90R,P90R,Klebsiella pneumoniae,Tsai2014,AA_original or AA_mutation inconsistent with AA_pos,Amino acid at the position 87 of K. pneumoniae is V and at the position 88 is K. Adding one to each of these positions makes them match the K. pneumoniae reference. The Nt_pos_Ecoli still matches with our reference E.coli. (272 => amino acid 91),yes,P91R,91,https://pmc.ncbi.nlm.nih.gov/articles/PMC4182516/#s11
P90L,P90L,Klebsiella pneumoniae,Tsai2014,AA_original or AA_mutation inconsistent with AA_pos,Amino acid at the position 87 of K. pneumoniae is V and at the position 88 is K. Adding one to each of these positions makes them match the K. pneumoniae reference. The Nt_pos_Ecoli still matches with our reference E.coli. (272 => amino acid 91),yes,P91L,91,https://pmc.ncbi.nlm.nih.gov/articles/PMC4182516/#s12
G91D,G91D,Klebsiella pneumoniae,Tsai2014,AA_original or AA_mutation inconsistent with AA_pos,Amino acid at the position 87 of K. pneumoniae is V and at the position 88 is K. Adding one to each of these positions makes them match the K. pneumoniae reference. The Nt_pos_Ecoli still matches with our reference E.coli. (275 => amino acid 92),yes,G92D,92,https://pmc.ncbi.nlm.nih.gov/articles/PMC4182516/#s13
A48P,A48P,Mycobacterium tuberculosis,Brammacharry2014,Codon_original inconsistent with Nt_pos,"The nucleotides in paper does not match the reference genome, however, the amino acids and their positions are still correct. GCC(A) -> CCC(P)",no,A48P,48,http://pubs.sciepub.com/ajmr/2/3/1/index.html
A53E,A53E,Mycobacterium tuberculosis,Brammacharry2014,Codon_original inconsistent with Nt_pos,The nucleotides at the positions in the paper of the reference is GCC (A). This codon cannot be mutated to E through a sing mutation point. ,yes,NA,NA,http://pubs.sciepub.com/ajmr/2/3/1/index.html
L74R,L74R,Mycobacterium tuberculosis,Brammacharry2014,Codon_original inconsistent with Nt_pos,"The nucleotides in paper does not match the reference genome, however, the amino acids and their positions are still correct. CTG(L) -> CGG(R)",no,L74R,74,http://pubs.sciepub.com/ajmr/2/3/1/index.html
Q76L,Q76L,Mycobacterium tuberculosis,Brammacharry2014,Codon_original inconsistent with Nt_pos,Does not match the codon in the reference genome in our data,yes,NA,NA,http://pubs.sciepub.com/ajmr/2/3/1/index.html
V80G,V80G,Mycobacterium tuberculosis,Brammacharry2014,Codon_original inconsistent with Nt_pos,"The nucleotides in paper does not match the reference genome, however, the amino acids and their positions are still correct. GTG(V)->GGG(G)",no,V80G,80,http://pubs.sciepub.com/ajmr/2/3/1/index.html
R83Q,R83Q,Mycobacterium tuberculosis,Brammacharry2014,More than one nucleotide differences between Codon_original and Codon_mutation,,yes,NA,NA,http://pubs.sciepub.com/ajmr/2/3/1/index.html
R86P,R86P,Mycobacterium tuberculosis,Brammacharry2014,Codon_original inconsistent with Nt_pos,"The nucleotides in paper does not match the reference genome, however, the amino acids and their positions are still correct. CGG (R) -> CCG(P)",no,R86P,86,http://pubs.sciepub.com/ajmr/2/3/1/index.html
L90H,L90H,Mycobacterium tuberculosis,Brammacharry2014,Codon_original inconsistent with Nt_pos,The nucleotides at the positions in the paper of the reference is CTG (L). This codon cannot be mutated to E through a sing mutation point. ,no,L90H,90,http://pubs.sciepub.com/ajmr/2/3/1/index.html
G92A,G92A,Mycobacterium tuberculosis,Brammacharry2014,Codon_original inconsistent with Nt_pos,"The nucleotides in paper does not match the reference genome, however, the amino acids and their positions are still correct. GGT(G)->GAT(A)",no,G92A,92,http://pubs.sciepub.com/ajmr/2/3/1/index.html
I98T,I98T,Mycobacterium tuberculosis,Brammacharry2014,Codon_original inconsistent with Nt_pos,"The nucleotides in paper does not match the reference genome, however, the amino acids and their positions are still correct. ATC(I) -> ACC(T)",no,I98T,98,http://pubs.sciepub.com/ajmr/2/3/1/index.html
K42R,K42R,Mycobacterium kansasii,Bakula2018,No nucleotide differences between Codon_original and Codon_mutation,Error typo.  Nt_pos 128 should be amino acid 43 instead of 42 ,yes,K43R,43,
K42R,K42R,Mycolicibacterium smegmatis,Springer2001,AA_original or AA_mutation inconsistent with AA_pos,"The amino acid at the position 42 of the reference is P, while at the position 43 is T",yes,K43R,43,https://pubmed.ncbi.nlm.nih.gov/11557484/
K42N,K42N,Mycolicibacterium smegmatis,Springer2001,AA_original or AA_mutation inconsistent with AA_pos,"The amino acid at the position 42 of the reference is P, while at the position 43 is T",yes,K43N,43,https://pubmed.ncbi.nlm.nih.gov/11557484/
K42T,K42T,Mycolicibacterium smegmatis,Springer2001,AA_original or AA_mutation inconsistent with AA_pos,"The amino acid at the position 42 of the reference is P, while at the position 43 is T",yes,K43T,43,https://pubmed.ncbi.nlm.nih.gov/11557484/
K87E,K87E,Mycolicibacterium smegmatis,Springer2001,AA_original or AA_mutation inconsistent with AA_pos,Amino acid at the position 87 of M. smegmatis is V and at the position 88 is K. Adding one to each of these positions makes them match the M. smegmatis reference.,yes,K88E,88,https://pubmed.ncbi.nlm.nih.gov/11557484/
K87R,K87R,Mycolicibacterium smegmatis,Springer2001,AA_original or AA_mutation inconsistent with AA_pos,Amino acid at the position 87 of M. smegmatis is V and at the position 88 is K. Adding one to each of these positions makes them match the M. smegmatis reference.,yes,K88R,88,https://pubmed.ncbi.nlm.nih.gov/11557484/
P41S,P41S,Thermus thermophilus,Gregory2001,AA_original or AA_mutation inconsistent with AA_pos,Adding one to each of these positions makes them match the T. thermophilus reference. I have checked both amino acid and nucleotide seq of T. thermophilus reference.,yes,P42S,42,
K42R,K42R,Thermus thermophilus,Gregory2001,AA_original or AA_mutation inconsistent with AA_pos,Adding one to each of these positions makes them match the T. thermophilus reference. I have checked both amino acid and nucleotide seq of T. thermophilus reference.,yes,K43R,43,
R85C,R85C,Thermus thermophilus,Gregory2001,AA_original or AA_mutation inconsistent with AA_pos,Adding one to each of these positions makes them match the T. thermophilus reference. I have checked both amino acid and nucleotide seq of T. thermophilus reference.,yes,R86C,86,
R85H,R85H,Thermus thermophilus,Gregory2001,AA_original or AA_mutation inconsistent with AA_pos,Adding one to each of these positions makes them match the T. thermophilus reference. I have checked both amino acid and nucleotide seq of T. thermophilus reference.,yes,R86H,86,
K87R,K87R,Thermus thermophilus,Gregory2001,AA_original or AA_mutation inconsistent with AA_pos,Adding one to each of these positions makes them match the T. thermophilus reference. I have checked both amino acid and nucleotide seq of T. thermophilus reference.,yes,K88R,88,
K87E,K87E,Thermus thermophilus,Gregory2001,AA_original or AA_mutation inconsistent with AA_pos,Adding one to each of these positions makes them match the T. thermophilus reference. I have checked both amino acid and nucleotide seq of T. thermophilus reference.,yes,K88E,88,
P90L,P90L,Thermus thermophilus,Gregory2001,NA,,yes,P91L,91,
R37C,R37C,Thermus thermophilus,Gregory2009,AA_original or AA_mutation inconsistent with AA_pos,Adding one to each of these positions makes them match the T. thermophilus reference. I have checked both amino acid and nucleotide seq of T. thermophilus reference.,yes,R38C,38,https://pmc.ncbi.nlm.nih.gov/articles/PMC2648704/pdf/208.pdf
K42T,K42T,Thermus thermophilus,Gregory2009,AA_original or AA_mutation inconsistent with AA_pos,Adding one to each of these positions makes them match the T. thermophilus reference. I have checked both amino acid and nucleotide seq of T. thermophilus reference.,yes,K43T,43,https://pmc.ncbi.nlm.nih.gov/articles/PMC2648704/pdf/208.pdf
K53E,K53E,Thermus thermophilus,Gregory2009,AA_original or AA_mutation inconsistent with AA_pos,Adding one to each of these positions makes them match the T. thermophilus reference. I have checked both amino acid and nucleotide seq of T. thermophilus reference.,yes,K54E,54,https://pmc.ncbi.nlm.nih.gov/articles/PMC2648704/pdf/208.pdf
H76R,H76R,Thermus thermophilus,Gregory2009,AA_original or AA_mutation inconsistent with AA_pos,Adding one to each of these positions makes them match the T. thermophilus reference. I have checked both amino acid and nucleotide seq of T. thermophilus reference.,yes,H77R,77,https://pmc.ncbi.nlm.nih.gov/articles/PMC2648704/pdf/208.pdf
H76E,H76E,Thermus thermophilus,Gregory2009,NA,,yes,H77E,77,https://pmc.ncbi.nlm.nih.gov/articles/PMC2648704/pdf/208.pdf
H76K,H76K,Thermus thermophilus,Gregory2009,AA_original or AA_mutation inconsistent with AA_pos,Adding one to each of these positions makes them match the T. thermophilus reference. I have checked both amino acid and nucleotide seq of T. thermophilus reference.,yes,H77K,77,https://pmc.ncbi.nlm.nih.gov/articles/PMC2648704/pdf/208.pdf
H76A,H76A,Thermus thermophilus,Gregory2009,AA_original or AA_mutation inconsistent with AA_pos,Adding one to each of these positions makes them match the T. thermophilus reference. I have checked both amino acid and nucleotide seq of T. thermophilus reference.,yes,H77A,77,https://pmc.ncbi.nlm.nih.gov/articles/PMC2648704/pdf/208.pdf
K43R,K43R,Erwinia amylovora,Chiou1995,Codon_original inconsistent with Nt_pos,The Nt_pos and codon_original origins from E. coli since the study uses Escherichia coli as a host and a vector for clone strA-strB gene pair of Erwinia amylovora plasmid pea34.,no,K43R,43,https://www.sciencedirect.com/science/article/pii/0378111994007214?via%3Dihub
K43N,K43N,Erwinia amylovora,Chiou1995,Codon_original inconsistent with Nt_pos,The Nt_pos and codon_original origins from E. coli since the study uses Escherichia coli as a host and a vector for clone strA-strB gene pair of Erwinia amylovora plasmid pea34.,no,K43N,43,https://www.sciencedirect.com/science/article/pii/0378111994007214?via%3Dihub
K43T,K43T,Erwinia amylovora,Chiou1995,Codon_original inconsistent with Nt_pos,The Nt_pos and codon_original origins from E. coli since the study uses Escherichia coli as a host and a vector for clone strA-strB gene pair of Erwinia amylovora plasmid pea34.,no,K43T,43,https://www.sciencedirect.com/science/article/pii/0378111994007214?via%3Dihub
K43R,K42R,Wolbachia pipientis,Fallon2013,AA_original or AA_mutation inconsistent with AA_pos,Adding one to each of these positions makes them match the Wolbachia pipientis reference. I have looked into the figure and counted the number of amino acid - position 43 of E. coli.,yes,K43R,43,https://pubmed.ncbi.nlm.nih.gov/23271364/
,,,,,,,,,
,,,,,,,,,
,,,,,,,,,