Species,Strain,Genotype,Gene,Nt_pos,Nt_pos_Ecoli,Nt_original,Nt_mutation,Nt_OtoM,Nt_mut_name,Nt_mut_name_Ecoli,Codon_original,Codon_mutation,Codon_OtoM,AA_pos,AA_pos_Ecoli,AA_original,AA_mutation,AA_OtoM,AA_mut_name,AA_mut_name_Ecoli,Origin,MIC_mgPerL,Rel_fitness,n_clones,Comments,Ref_code,Modify_by,Strain_ID,RefSeq_ID,Warning,Warning2,Select
Bacillus pumilus,NA,NA,rpsL,NA,NA,NA,NA,NA,NA,NA,NA,NA,NA,56,43,K,N,K -> N,rpsL_K56N,rpsL_K43N,Lab-generated,NA,NA,NA,NA,Danilova2017,NA,Bacillus_pumilus_NA,rpsL_Bacillus_pumilus_SAFR-032,NA,NA,0
Bacillus subtilis,NA,NA,rpsL,64,64,C,T,C -> T,rpsL_C64T,rpsL_C64T,CCT,TCT,CCT -> TCT,22,22,P,S,P -> S,rpsL_P22S,rpsL_P22S,Lab-generated,NA,NA,NA,NA,Hosoya1998,NA,Bacillus_subtilis_NA,rpsL_Bacillus_subtilis_168,NA,NA,0
Bacillus subtilis,NA,NA,rpsL,167,128,A,G,A -> G,rpsL_A167G,rpsL_A128G,AAA,AGA,AAA -> AGA,56,43,K,R,K -> R,rpsL_K56R,rpsL_K43R,Lab-generated,NA,NA,NA,NA,Hosoya1998,NA,Bacillus_subtilis_NA,rpsL_Bacillus_subtilis_168,NA,NA,0
Bacillus subtilis,NA,NA,rpsL,168,129,A,T,A -> T,rpsL_A168T,rpsL_A129T,AAA,AAT,AAA -> AAT,56,43,K,N,K -> N,rpsL_K56N,rpsL_K43N,Lab-generated,NA,NA,NA,NA,Hosoya1998,NA,Bacillus_subtilis_NA,rpsL_Bacillus_subtilis_168,NA,NA,0
Bacillus subtilis,NA,NA,rpsL,167,128,A,C,A -> C,rpsL_A167C,rpsL_A128C,AAA,ACA,AAA -> ACA,56,43,K,T,K -> T,rpsL_K56T,rpsL_K43T,Lab-generated,NA,NA,NA,NA,Hosoya1998,NA,Bacillus_subtilis_NA,rpsL_Bacillus_subtilis_168,NA,NA,0
Bacillus subtilis,NA,NA,rpsL,166,127,A,C,A -> C,rpsL_A166C,rpsL_A127C,AAA,CAA,AAA -> CAA,56,43,K,Q,K -> Q,rpsL_K56Q,rpsL_K43Q,Lab-generated,NA,NA,NA,NA,Hosoya1998,NA,Bacillus_subtilis_NA,rpsL_Bacillus_subtilis_168,NA,NA,0
Bacillus subtilis,NA,NA,rpsL,NA,NA,NA,NA,NA,NA,NA,NA,NA,NA,99,86,R,C,R -> C,rpsL_R99C,rpsL_R86C,Lab-generated,NA,NA,NA,NA,Wu2024,NA,Bacillus_subtilis_NA,rpsL_Bacillus_subtilis_168,NA,NA,0
Bifidobacterium bifidum,Yakult,NA,rpsL,NA,NA,NA,NA,NA,NA,NA,NA,NA,NA,43,43,K,R,K -> R,rpsL_K43R,rpsL_K43R,Lab-generated,NA,NA,NA,NA,Sato2010,NA,Bifidobacterium_bifidum_Yakult,rpsL_Bifidobacterium_bifidum_CNCM_I-4319,NA,NA,0
Bifidobacterium bifidum,NA,NA,rpsL,NA,NA,NA,NA,NA,NA,NA,NA,NA,NA,43,43,K,R,K -> R,rpsL_K43R,rpsL_K43R,Isolate,NA,NA,NA,NA,Sirichoat2020,NA,Bifidobacterium_bifidum_NA,rpsL_Bifidobacterium_bifidum_CNCM_I-4319,NA,NA,0
Bifidobacterium breve,Yakult,NA,rpsL,NA,NA,NA,NA,NA,NA,NA,NA,NA,NA,43,43,K,R,K -> R,rpsL_K43R,rpsL_K43R,Lab-generated,NA,NA,NA,NA,Kiwaki2009,NA,Bifidobacterium_breve_Yakult,rpsL_Bifidobacterium_breve_JCM_1192,NA,NA,0
Borreliella burgdorferi,NA,NA,rpsL,NA,NA,NA,NA,NA,NA,NA,NA,NA,NA,88,87,K,R,K -> R,rpsL_K88R,rpsL_K87R,Lab-generated,500,NA,NA,"Borrelia burgdorferi is a heterotypic synonym of Borreliella burgdorferi, ncbi link https://www.ncbi.nlm.nih.gov/Taxonomy/Browser/wwwtax.cgi?id=224326",Criswell2006,NA,Borreliella_burgdorferi_NA,rpsL_Borreliella_burgdorferi_Bol26,AA_pos inconsistent with AA_pos_Ecoli,NA,1
Borreliella burgdorferi,NA,NA,rpsL,NA,NA,NA,NA,NA,NA,NA,NA,NA,NA,88,87,K,E,K -> E,rpsL_K88E,rpsL_K87E,Lab-generated,500,NA,NA,"Borrelia burgdorferi is a heterotypic synonym of Borreliella burgdorferi, ncbi link https://www.ncbi.nlm.nih.gov/Taxonomy/Browser/wwwtax.cgi?id=224327",Criswell2006,NA,Borreliella_burgdorferi_NA,rpsL_Borreliella_burgdorferi_Bol26,AA_pos inconsistent with AA_pos_Ecoli,NA,1
Borreliella burgdorferi,NA,NA,rpsL,NA,NA,NA,NA,NA,NA,NA,NA,NA,NA,88,88,K,E,K -> E,rpsL_K88E,rpsL_K88E,Lab-generated,NA,NA,NA,"Borrelia burgdorferi is a heterotypic synonym of Borreliella burgdorferi, ncbi link https://www.ncbi.nlm.nih.gov/Taxonomy/Browser/wwwtax.cgi?id=224329",Drecktrah2010,NA,Borreliella_burgdorferi_NA,rpsL_Borreliella_burgdorferi_Bol26,NA,NA,0
Brucella melitensis,NA,NA,rpsL,NA,NA,NA,NA,NA,NA,NA,NA,NA,NA,91,91,P,L,P -> L,rpsL_P91L,rpsL_P91L,Isolate,NA,NA,NA,NA,Cloeckaert2002,NA,Brucella_melitensis_NA,rpsL_Brucella_melitensis_16M,NA,NA,0
Campylobacter coli,NA,NA,rpsL,NA,NA,NA,NA,NA,NA,NA,NA,NA,NA,43,43,K,R,K -> R,rpsL_K43R,rpsL_K43R,Isolate,NA,NA,NA,NA,Habib2023,NA,Campylobacter_coli_NA,rpsL_Campylobacter_coli_FDAARGOS_735,NA,NA,0
Campylobacter coli,NA,NA,rpsL,NA,NA,NA,NA,NA,NA,NA,NA,NA,NA,43,43,K,R,K -> R,rpsL_K43R,rpsL_K43R,Isolate,NA,NA,NA,NA,Zarske2024,NA,Campylobacter_coli_NA,rpsL_Campylobacter_coli_FDAARGOS_735,NA,NA,0
Campylobacter coli,NA,NA,rpsL,NA,NA,NA,NA,NA,NA,NA,NA,NA,NA,88,88,K,R,K -> R,rpsL_K88R,rpsL_K88R,Isolate,NA,NA,NA,NA,Zarske2024,NA,Campylobacter_coli_NA,rpsL_Campylobacter_coli_FDAARGOS_735,NA,NA,0
Campylobacter jejuni,NA,NA,rpsL,NA,NA,NA,NA,NA,NA,NA,NA,NA,NA,43,43,K,R,K -> R,rpsL_K43R,rpsL_K43R,Isolate,NA,NA,NA,NA,Zarske2024,NA,Campylobacter_jejuni_NA,rpsL_Campylobacter_jejuni_NCTC_11168,NA,NA,0
Clavibacter michiganensis,NA,NA,rpsL,128,128,A,G,A -> G,rpsL_A128G,rpsL_A128G,AAG,AGG,AAG -> AGG,43,43,K,R,K -> R,rpsL_K43R,rpsL_K43R,Lab-generated,NA,NA,NA,NA,Chen2022,NA,Clavibacter_michiganensis_NA,rpsL_Clavibacter_michiganensis_LMG7333,NA,NA,0
Clavibacter michiganensis,NA,NA,rpsL,NA,NA,AAA,AGA,AAA -> AGA,NA,NA,NA,NA,NA,43,43,K,R,K -> R,rpsL_K43R,rpsL_K43R,Isolate,NA,NA,NA,Confers high level of resistance.,Valenzuela2019,NA,Clavibacter_michiganensis_NA,rpsL_Clavibacter_michiganensis_LMG7333,NA,NA,0
Corynebacterium glutamicum,NA,NA,rpsL,NA,NA,NA,NA,NA,NA,NA,NA,NA,NA,43,43,K,R,K -> R,rpsL_K43R,rpsL_K43R,Lab-generated,NA,NA,NA,NA,Kim2011,NA,Corynebacterium_glutamicum_NA,rpsL_Corynebacterium_glutamicum_ATCC_13032,NA,NA,0
Corynebacterium glutamicum,NA,NA,rpsL,NA,NA,NA,NA,NA,NA,NA,NA,NA,NA,43,43,K,T,K -> T,rpsL_K43T,rpsL_K43T,Lab-generated,NA,NA,NA,NA,Wang2019b,NA,Corynebacterium_glutamicum_NA,rpsL_Corynebacterium_glutamicum_ATCC_13032,NA,NA,0
Corynebacterium glutamicum,NA,NA,rpsL,NA,NA,NA,NA,NA,NA,NA,NA,NA,NA,43,43,K,R,K -> R,rpsL_K43R,rpsL_K43R,Lab-generated,NA,NA,NA,NA,Wang2019b,NA,Corynebacterium_glutamicum_NA,rpsL_Corynebacterium_glutamicum_ATCC_13032,NA,NA,0
Corynebacterium glutamicum,NA,NA,rpsL,NA,NA,NA,NA,NA,NA,NA,NA,NA,NA,43,43,K,N,K -> N,rpsL_K43N,rpsL_K43N,Lab-generated,NA,NA,NA,NA,Wang2019b,NA,Corynebacterium_glutamicum_NA,rpsL_Corynebacterium_glutamicum_ATCC_13032,NA,NA,0
Deinococcus geothermalis,S1,NA,rpsL,NA,NA,NA,NA,NA,NA,NA,NA,NA,NA,88,88,K,E,K -> E,rpsL_K88E,rpsL_K88E,Lab-generated,NA,NA,NA,NA,Lee2022,NA,Deinococcus_geothermalis_S1,rpsL_Deinococcus_geothermalis_DSM_11300,NA,NA,0
Deinococcus geothermalis,S1,NA,rpsL,NA,NA,NA,NA,NA,NA,NA,NA,NA,NA,91,91,P,H,P -> H,rpsL_P91H,rpsL_P91H,Lab-generated,NA,NA,NA,NA,Lee2022,NA,Deinococcus_geothermalis_S1,rpsL_Deinococcus_geothermalis_DSM_11300,NA,NA,0
Deinococcus geothermalis,S1,NA,rpsL,NA,NA,NA,NA,NA,NA,NA,NA,NA,NA,91,91,P,L,P -> L,rpsL_P91L,rpsL_P91L,Lab-generated,NA,NA,NA,NA,Lee2022,NA,Deinococcus_geothermalis_S1,rpsL_Deinococcus_geothermalis_DSM_11300,NA,NA,0
Deinococcus geothermalis,S2,NA,rpsL,NA,NA,NA,NA,NA,NA,NA,NA,NA,NA,91,91,P,H,P -> H,rpsL_P91H,rpsL_P91H,Lab-generated,NA,NA,NA,NA,Lee2022,NA,Deinococcus_geothermalis_S2,rpsL_Deinococcus_geothermalis_DSM_11300,NA,NA,0
Erwinia amylovora,FB-93-5,NA,rpsL,128,128,A,G,A -> G,rpsL_A128G,rpsL_A128G,AAA,AGA,AAA -> AGA,43,43,K,R,K -> R,rpsL_K43R,rpsL_K43R,Isolate,4096,NA,NA,High level of resistance. Not clear what the amino acid/nucleotide mutation was since it only provided AGA (Arg).,Chiou1995,Le Na Ngo,Erwinia_amylovora_FB-93-5,rpsL_Erwinia_amylovora_EaSmR,Codon_original inconsistent with Nt_pos,AA_original or AA_mutation inconsistent with AA_pos,1
Erwinia amylovora,829,NA,rpsL,NA,NA,NA,NA,NA,NA,NA,NA,NA,NA,43,43,K,R,K -> R,rpsL_K43R,rpsL_K43R,Isolate,4096,NA,NA,NA,Chiou1995,Le Na Ngo,Erwinia_amylovora_829,rpsL_Erwinia_amylovora_EaSmR,NA,AA_original or AA_mutation inconsistent with AA_pos,1
Erwinia amylovora,263,NA,rpsL,NA,NA,NA,NA,NA,NA,NA,NA,NA,NA,43,43,K,R,K -> R,rpsL_K43R,rpsL_K43R,Isolate,4096,NA,NA,NA,Chiou1995,Le Na Ngo,Erwinia_amylovora_263,rpsL_Erwinia_amylovora_EaSmR,NA,AA_original or AA_mutation inconsistent with AA_pos,1
Erwinia amylovora,850,NA,rpsL,128,128,A,G,A -> G,rpsL_A128G,rpsL_A128G,AAA,AGA,AAA -> AGA,43,43,K,R,K -> R,rpsL_K43R,rpsL_K43R,Isolate,4096,NA,NA,High level of resistance. Not clear what the amino acid/nucleotide mutation was since it only provided AGA (Arg).,Chiou1995,Le Na Ngo,Erwinia_amylovora_850,rpsL_Erwinia_amylovora_EaSmR,Codon_original inconsistent with Nt_pos,AA_original or AA_mutation inconsistent with AA_pos,1
Erwinia amylovora,S5,NA,rpsL,NA,NA,NA,NA,NA,NA,NA,NA,NA,NA,43,43,K,R,K -> R,rpsL_K43R,rpsL_K43R,Isolate,4096,NA,NA,NA,Chiou1995,Le Na Ngo,Erwinia_amylovora_S5,rpsL_Erwinia_amylovora_EaSmR,NA,AA_original or AA_mutation inconsistent with AA_pos,1
Erwinia amylovora,R11,NA,rpsL,NA,NA,NA,NA,NA,NA,NA,NA,NA,NA,43,43,K,R,K -> R,rpsL_K43R,rpsL_K43R,Isolate,4096,NA,NA,NA,Chiou1995,Le Na Ngo,Erwinia_amylovora_R11,rpsL_Erwinia_amylovora_EaSmR,NA,AA_original or AA_mutation inconsistent with AA_pos,1
Erwinia amylovora,SC1,NA,rpsL,NA,NA,NA,NA,NA,NA,NA,NA,NA,NA,43,43,K,R,K -> R,rpsL_K43R,rpsL_K43R,Isolate,4096,NA,NA,NA,Chiou1995,Le Na Ngo,Erwinia_amylovora_SC1,rpsL_Erwinia_amylovora_EaSmR,NA,AA_original or AA_mutation inconsistent with AA_pos,1
Erwinia amylovora,SC2,NA,rpsL,NA,NA,NA,NA,NA,NA,NA,NA,NA,NA,43,43,K,R,K -> R,rpsL_K43R,rpsL_K43R,Isolate,4096,NA,NA,NA,Chiou1995,Le Na Ngo,Erwinia_amylovora_SC2,rpsL_Erwinia_amylovora_EaSmR,NA,AA_original or AA_mutation inconsistent with AA_pos,1
Erwinia amylovora,JR18b,NA,rpsL,128,128,A,G,A -> G,rpsL_A128G,rpsL_A128G,AAA,AGA,AAA -> AGA,43,43,K,R,K -> R,rpsL_K43R,rpsL_K43R,Isolate,4096,NA,NA,High level of resistance. Not clear what the amino acid/nucleotide mutation was since it only provided AGA (Arg).,Chiou1995,Le Na Ngo,Erwinia_amylovora_JR18b,rpsL_Erwinia_amylovora_EaSmR,Codon_original inconsistent with Nt_pos,AA_original or AA_mutation inconsistent with AA_pos,1
Erwinia amylovora,OR1,NA,rpsL,129,129,A,T,A -> T,rpsL_A129T,rpsL_A129T,AAA,AAT,AAA -> AAT,43,43,K,N,K -> N,rpsL_K43N,rpsL_K43N,Isolate,4096,NA,NA,HIGH level of resistance. Not clear what the amino acid/nucleotide mutation was since it only provided AAT (Asn).,Chiou1995,Le Na Ngo,Erwinia_amylovora_OR1,rpsL_Erwinia_amylovora_EaSmR,Codon_original inconsistent with Nt_pos,NA,1
Erwinia amylovora,OR2,NA,rpsL,NA,NA,NA,NA,NA,NA,NA,NA,NA,NA,43,43,K,N,K -> N,rpsL_K43N,rpsL_K43N,Isolate,4096,NA,NA,NA,Chiou1995,Le Na Ngo,Erwinia_amylovora_OR2,rpsL_Erwinia_amylovora_EaSmR,NA,NA,0
Erwinia amylovora,OR3,NA,rpsL,129,129,A,C,A -> C,rpsL_A129C,rpsL_A129C,AAA,AAC,AAA -> AAC,43,43,K,N,K -> N,rpsL_K43N,rpsL_K43N,Isolate,4096,NA,NA,High level of resistance. Not clear what the amino acid/nucleotide mutation was since only AAC (Asn) was given.,Chiou1995,Le Na Ngo,Erwinia_amylovora_OR3,rpsL_Erwinia_amylovora_EaSmR,Codon_original inconsistent with Nt_pos,NA,1
Erwinia amylovora,OR4,NA,rpsL,NA,NA,NA,NA,NA,NA,NA,NA,NA,NA,43,43,K,T,K -> T,rpsL_K43T,rpsL_K43T,Isolate,4096,NA,NA,NA,Chiou1995,Le Na Ngo,Erwinia_amylovora_OR4,rpsL_Erwinia_amylovora_EaSmR,NA,AA_original or AA_mutation inconsistent with AA_pos,1
Erwinia amylovora,OR5,NA,rpsL,128,128,A,C,A -> C,rpsL_A128C,rpsL_A128C,AAA,ACA,AAA -> ACA,43,43,K,T,K -> T,rpsL_K43T,rpsL_K43T,Isolate,4096,NA,NA,High level of resistance. Not clear what the amino acid/nucleotide mutation was since only ACA (Thr) was given.,Chiou1995,Le Na Ngo,Erwinia_amylovora_OR5,rpsL_Erwinia_amylovora_EaSmR,Codon_original inconsistent with Nt_pos,AA_original or AA_mutation inconsistent with AA_pos,1
Erwinia amylovora,OR10,NA,rpsL,NA,NA,NA,NA,NA,NA,NA,NA,NA,NA,43,43,K,R,K -> R,rpsL_K43R,rpsL_K43R,Isolate,4096,NA,NA,NA,Chiou1995,Le Na Ngo,Erwinia_amylovora_OR10,rpsL_Erwinia_amylovora_EaSmR,NA,AA_original or AA_mutation inconsistent with AA_pos,1
Erwinia amylovora,OR20,NA,rpsL,128,128,A,G,A -> G,rpsL_A128G,rpsL_A128G,AAA,AGA,AAA -> AGA,43,43,K,R,K -> R,rpsL_K43R,rpsL_K43R,Isolate,4096,NA,NA,High level of resistance. Not clear what the amino acid/nucleotide mutation was since only AGA (Arg) was given.,Chiou1995,Le Na Ngo,Erwinia_amylovora_OR20,rpsL_Erwinia_amylovora_EaSmR,Codon_original inconsistent with Nt_pos,AA_original or AA_mutation inconsistent with AA_pos,1
Erwinia amylovora,Ea88,NA,rpsL,NA,NA,NA,NA,NA,NA,NA,NA,NA,NA,43,43,K,R,K -> R,rpsL_K43R,rpsL_K43R,Isolate,4096,NA,NA,NA,Chiou1995,Le Na Ngo,Erwinia_amylovora_Ea88,rpsL_Erwinia_amylovora_EaSmR,NA,AA_original or AA_mutation inconsistent with AA_pos,1
Erwinia amylovora,JL1177,NA,rpsL,NA,NA,NA,NA,NA,NA,NA,NA,NA,NA,43,43,K,R,K -> R,rpsL_K43R,rpsL_K43R,Isolate,4096,NA,NA,NA,Chiou1995,Le Na Ngo,Erwinia_amylovora_JL1177,rpsL_Erwinia_amylovora_EaSmR,NA,AA_original or AA_mutation inconsistent with AA_pos,1
Erwinia amylovora,LA014,NA,rpsL,NA,NA,NA,NA,NA,NA,NA,NA,NA,NA,43,43,K,R,K -> R,rpsL_K43R,rpsL_K43R,Isolate,4096,NA,NA,NA,Chiou1995,Le Na Ngo,Erwinia_amylovora_LA014,rpsL_Erwinia_amylovora_EaSmR,NA,AA_original or AA_mutation inconsistent with AA_pos,1
Erwinia amylovora,LA058,NA,rpsL,128,128,A,G,A -> G,rpsL_A128G,rpsL_A128G,AAA,AGA,AAA -> AGA,43,43,K,R,K -> R,rpsL_K43R,rpsL_K43R,Isolate,4096,NA,NA,High level of resistance. Not clear what the amino acid/nucleotide mutation was since only AGA (Arg) was given.,Chiou1995,Le Na Ngo,Erwinia_amylovora_LA058,rpsL_Erwinia_amylovora_EaSmR,Codon_original inconsistent with Nt_pos,AA_original or AA_mutation inconsistent with AA_pos,1
Erwinia amylovora,NZR4,NA,rpsL,NA,NA,NA,NA,NA,NA,NA,NA,NA,NA,43,43,K,R,K -> R,rpsL_K43R,rpsL_K43R,Isolate,4096,NA,NA,NA,Chiou1995,Le Na Ngo,Erwinia_amylovora_NZR4,rpsL_Erwinia_amylovora_EaSmR,NA,AA_original or AA_mutation inconsistent with AA_pos,1
Erwinia amylovora,NZR10,NA,rpsL,NA,NA,NA,NA,NA,NA,NA,NA,NA,NA,43,43,K,R,K -> R,rpsL_K43R,rpsL_K43R,Isolate,4096,NA,NA,NA,Chiou1995,Le Na Ngo,Erwinia_amylovora_NZR10,rpsL_Erwinia_amylovora_EaSmR,NA,AA_original or AA_mutation inconsistent with AA_pos,1
Erwinia amylovora,NZS4,NA,rpsL,128,128,A,G,A -> G,rpsL_A128G,rpsL_A128G,AAA,AGA,AAA -> AGA,43,43,K,R,K -> R,rpsL_K43R,rpsL_K43R,Isolate,4096,NA,NA,High level of resistance. Not clear what the amino acid/nucleotide mutation was since only AGA (Arg) was given.,Chiou1995,Le Na Ngo,Erwinia_amylovora_NZS4,rpsL_Erwinia_amylovora_EaSmR,Codon_original inconsistent with Nt_pos,AA_original or AA_mutation inconsistent with AA_pos,1
Erwinia amylovora,NA,NA,rpsL,NA,NA,NA,NA,NA,NA,NA,NA,NA,NA,43,43,K,R,K -> R,rpsL_K43R,rpsL_K43R,Lab-generated,NA,NA,NA,NA,Door2013,NA,Erwinia_amylovora_NA,rpsL_Erwinia_amylovora_EaSmR,NA,AA_original or AA_mutation inconsistent with AA_pos,1
Erwinia amylovora,NA,NA,rpsL,NA,NA,NA,NA,NA,NA,NA,NA,NA,NA,43,43,K,R,K -> R,rpsL_K43R,rpsL_K43R,Lab-generated,NA,NA,NA,NA,Forster2015,NA,Erwinia_amylovora_NA,rpsL_Erwinia_amylovora_EaSmR,NA,AA_original or AA_mutation inconsistent with AA_pos,1
Erwinia amylovora,NA,NA,rpsL,NA,NA,NA,NA,NA,NA,NA,NA,NA,NA,43,43,K,R,K -> R,rpsL_K43R,rpsL_K43R,Lab-generated,NA,NA,NA,NA,Ham2024,NA,Erwinia_amylovora_NA,rpsL_Erwinia_amylovora_EaSmR,NA,AA_original or AA_mutation inconsistent with AA_pos,1
Erwinia amylovora,NA,NA,rpsL,NA,NA,NA,NA,NA,NA,NA,NA,NA,NA,43,43,K,N,K -> N,rpsL_K43N,rpsL_K43N,Lab-generated,NA,NA,NA,NA,Ham2024,NA,Erwinia_amylovora_NA,rpsL_Erwinia_amylovora_EaSmR,NA,NA,0
Erwinia amylovora,NA,NA,rpsL,NA,NA,NA,NA,NA,NA,NA,NA,NA,NA,86,86,R,S,R -> S,rpsL_R86S,rpsL_R86S,Lab-generated,NA,NA,NA,NA,Ham2024,NA,Erwinia_amylovora_NA,rpsL_Erwinia_amylovora_EaSmR,NA,NA,0
Erwinia amylovora,NA,NA,rpsL,NA,NA,NA,NA,NA,NA,NA,NA,NA,NA,86,86,R,C,R -> C,rpsL_R86C,rpsL_R86C,Lab-generated,NA,NA,NA,NA,Ham2024,NA,Erwinia_amylovora_NA,rpsL_Erwinia_amylovora_EaSmR,NA,NA,0
Erwinia amylovora,NA,NA,rpsL,NA,NA,NA,NA,NA,NA,NA,NA,NA,NA,86,86,R,S,R -> S,rpsL_R86S,rpsL_R86S,Lab-generated,NA,NA,NA,NA,Ham2024,NA,Erwinia_amylovora_NA,rpsL_Erwinia_amylovora_EaSmR,NA,NA,0
Erwinia amylovora,NA,NA,rpsL,NA,NA,NA,NA,NA,NA,NA,NA,NA,NA,88,88,K,R,K -> R,rpsL_K88R,rpsL_K88R,Lab-generated,NA,NA,NA,NA,Ham2024,NA,Erwinia_amylovora_NA,rpsL_Erwinia_amylovora_EaSmR,NA,NA,0
Erwinia amylovora,NA,NA,rpsL,NA,NA,NA,NA,NA,NA,NA,NA,NA,NA,88,88,K,T,K -> T,rpsL_K88T,rpsL_K88T,Lab-generated,NA,NA,NA,NA,Ham2024,NA,Erwinia_amylovora_NA,rpsL_Erwinia_amylovora_EaSmR,NA,NA,0
Erwinia amylovora,NA,NA,rpsL,NA,NA,NA,NA,NA,NA,NA,NA,NA,NA,88,88,K,R,K -> R,rpsL_K88R,rpsL_K88R,Lab-generated,NA,NA,NA,NA,Ham2024,NA,Erwinia_amylovora_NA,rpsL_Erwinia_amylovora_EaSmR,NA,NA,0
Erwinia amylovora,NA,NA,rpsL,NA,NA,NA,NA,NA,NA,NA,NA,NA,NA,91,91,P,S,P -> S,rpsL_P91S,rpsL_P91S,Lab-generated,NA,NA,NA,NA,Ham2024,NA,Erwinia_amylovora_NA,rpsL_Erwinia_amylovora_EaSmR,NA,NA,0
Erwinia amylovora,NA,NA,rpsL,NA,NA,NA,NA,NA,NA,NA,NA,NA,NA,91,91,P,T,P -> T,rpsL_P91T,rpsL_P91T,Lab-generated,NA,NA,NA,NA,Ham2024,NA,Erwinia_amylovora_NA,rpsL_Erwinia_amylovora_EaSmR,NA,NA,0
Erwinia amylovora,NA,NA,rpsL,NA,NA,NA,NA,NA,NA,NA,NA,NA,NA,92,92,G,C,G -> C,rpsL_G92C,rpsL_G92C,Lab-generated,NA,NA,NA,NA,Ham2024,NA,Erwinia_amylovora_NA,rpsL_Erwinia_amylovora_EaSmR,NA,NA,0
Erwinia amylovora,NA,NA,rpsL,NA,NA,NA,NA,NA,NA,NA,NA,NA,NA,43,43,K,N,K -> N,rpsL_K43N,rpsL_K43N,Isolate,NA,NA,NA,NA,He2024,NA,Erwinia_amylovora_NA,rpsL_Erwinia_amylovora_EaSmR,NA,NA,0
Erwinia amylovora,NA,NA,rpsL,NA,NA,NA,NA,NA,NA,NA,NA,NA,NA,43,43,K,R,K -> R,rpsL_K43R,rpsL_K43R,Isolate,NA,NA,NA,NA,Smits2014,NA,Erwinia_amylovora_NA,rpsL_Erwinia_amylovora_EaSmR,NA,AA_original or AA_mutation inconsistent with AA_pos,1
Erwinia pyrifoliae,NA,NA,rpsL,NA,NA,NA,NA,NA,NA,NA,NA,NA,NA,43,43,K,T,K -> T,rpsL_K43T,rpsL_K43T,Isolate,NA,NA,NA,NA,Lee2023,NA,Erwinia_pyrifoliae_NA,rpsL_Erwinia_pyrifoliae_EpK1/15,NA,NA,0
Escherichia coli,NA,NA,rpsL,NA,NA,NA,NA,NA,NA,NA,NA,NA,NA,10,10,P,L,P -> L,rpsL_P10L,rpsL_P10L,Lab-generated,NA,NA,NA,Restrictive,Agarwal2011,NA,Escherichia_coli_NA,rpsL_Escherichia_coli_MG1655,NA,AA_original or AA_mutation inconsistent with AA_pos,1
Escherichia coli,NA,NA,rpsL,NA,NA,NA,NA,NA,NA,NA,NA,NA,NA,105,105,G,C,G -> C,rpsL_G105C,rpsL_G105C,Lab-generated,6,NA,NA,ram,Agarwal2011,NA,Escherichia_coli_NA,rpsL_Escherichia_coli_MG1655,NA,AA_original or AA_mutation inconsistent with AA_pos,1
Escherichia coli,NA,NA,rpsL,NA,NA,NA,NA,NA,NA,NA,NA,NA,NA,106,106,V,L,V -> L,rpsL_V106L,rpsL_V106L,Lab-generated,6,NA,NA,ram,Agarwal2011,NA,Escherichia_coli_NA,rpsL_Escherichia_coli_MG1655,NA,AA_original or AA_mutation inconsistent with AA_pos,1
Escherichia coli,NA,NA,rpsL,NA,NA,NA,NA,NA,NA,NA,NA,NA,NA,107,107,K,N,K -> N,rpsL_K107N,rpsL_K107N,Lab-generated,6,NA,NA,ram,Agarwal2011,NA,Escherichia_coli_NA,rpsL_Escherichia_coli_MG1655,NA,AA_original or AA_mutation inconsistent with AA_pos,1
Escherichia coli,NA,NA,rpsL,NA,NA,NA,NA,NA,NA,NA,NA,NA,NA,108,108,D,Y,D -> Y,rpsL_D108Y,rpsL_D108Y,Lab-generated,NA,NA,NA,Restrictive,Agarwal2011,NA,Escherichia_coli_NA,rpsL_Escherichia_coli_MG1655,NA,AA_original or AA_mutation inconsistent with AA_pos,1
Escherichia coli,NA,NA,rpsL,NA,NA,NA,NA,NA,NA,NA,NA,NA,NA,11,11,R,C,R -> C,rpsL_R11C,rpsL_R11C,Lab-generated,12,NA,NA,Restrictive,Agarwal2011,NA,Escherichia_coli_NA,rpsL_Escherichia_coli_MG1655,NA,AA_original or AA_mutation inconsistent with AA_pos,1
Escherichia coli,NA,NA,rpsL,NA,NA,NA,NA,NA,NA,NA,NA,NA,NA,13,13,R,H,R -> H,rpsL_R13H,rpsL_R13H,Lab-generated,6,NA,NA,ram,Agarwal2011,NA,Escherichia_coli_NA,rpsL_Escherichia_coli_MG1655,NA,AA_original or AA_mutation inconsistent with AA_pos,1
Escherichia coli,NA,NA,rpsL,NA,NA,NA,NA,NA,NA,NA,NA,NA,NA,19,19,N,K,N -> K,rpsL_N19K,rpsL_N19K,Lab-generated,3.13,NA,NA,ram,Agarwal2011,NA,Escherichia_coli_NA,rpsL_Escherichia_coli_MG1655,NA,AA_original or AA_mutation inconsistent with AA_pos,1
Escherichia coli,NA,NA,rpsL,NA,NA,NA,NA,NA,NA,NA,NA,NA,NA,2,2,T,K,T -> K,rpsL_T2K,rpsL_T2K,Lab-generated,6,NA,NA,Restrictive,Agarwal2011,NA,Escherichia_coli_NA,rpsL_Escherichia_coli_MG1655,NA,AA_original or AA_mutation inconsistent with AA_pos,1
Escherichia coli,NA,NA,rpsL,NA,NA,NA,NA,NA,NA,NA,NA,NA,NA,2,2,T,R,T -> R,rpsL_T2R,rpsL_T2R,Lab-generated,NA,NA,NA,Restrictive,Agarwal2011,NA,Escherichia_coli_NA,rpsL_Escherichia_coli_MG1655,NA,AA_original or AA_mutation inconsistent with AA_pos,1
Escherichia coli,NA,NA,rpsL,NA,NA,NA,NA,NA,NA,NA,NA,NA,NA,20,20,V,E,V -> E,rpsL_V20E,rpsL_V20E,Lab-generated,6,NA,NA,Restrictive,Agarwal2011,NA,Escherichia_coli_NA,rpsL_Escherichia_coli_MG1655,NA,AA_original or AA_mutation inconsistent with AA_pos,1
Escherichia coli,NA,NA,rpsL,NA,NA,NA,NA,NA,NA,NA,NA,NA,NA,21,21,P,R,P -> R,rpsL_P21R,rpsL_P21R,Lab-generated,6,NA,NA,ram,Agarwal2011,NA,Escherichia_coli_NA,rpsL_Escherichia_coli_MG1655,NA,AA_original or AA_mutation inconsistent with AA_pos,1
Escherichia coli,NA,NA,rpsL,NA,NA,NA,NA,NA,NA,NA,NA,NA,NA,22,22,A,G,A -> G,rpsL_A22G,rpsL_A22G,Lab-generated,6,NA,NA,ram,Agarwal2011,NA,Escherichia_coli_NA,rpsL_Escherichia_coli_MG1655,NA,AA_original or AA_mutation inconsistent with AA_pos,1
Escherichia coli,NA,NA,rpsL,NA,NA,NA,NA,NA,NA,NA,NA,NA,NA,23,23,L,Q,L -> Q,rpsL_L23Q,rpsL_L23Q,Lab-generated,12,NA,NA,Restrictive,Agarwal2011,NA,Escherichia_coli_NA,rpsL_Escherichia_coli_MG1655,NA,AA_original or AA_mutation inconsistent with AA_pos,1
Escherichia coli,NA,NA,rpsL,NA,NA,NA,NA,NA,NA,NA,NA,NA,NA,24,24,E,D,E -> D,rpsL_E24D,rpsL_E24D,Lab-generated,6,NA,NA,ram,Agarwal2011,NA,Escherichia_coli_NA,rpsL_Escherichia_coli_MG1655,NA,AA_original or AA_mutation inconsistent with AA_pos,1
Escherichia coli,NA,NA,rpsL,NA,NA,NA,NA,NA,NA,NA,NA,NA,NA,3,3,V,F,V -> F,rpsL_V3F,rpsL_V3F,Lab-generated,6,NA,NA,ram,Agarwal2011,NA,Escherichia_coli_NA,rpsL_Escherichia_coli_MG1655,NA,AA_original or AA_mutation inconsistent with AA_pos,1
Escherichia coli,NA,NA,rpsL,NA,NA,NA,NA,NA,NA,NA,NA,NA,NA,35,35,R,S,R -> S,rpsL_R35S,rpsL_R35S,Lab-generated,6,NA,NA,Restrictive,Agarwal2011,NA,Escherichia_coli_NA,rpsL_Escherichia_coli_MG1655,NA,AA_original or AA_mutation inconsistent with AA_pos,1
Escherichia coli,NA,NA,rpsL,NA,NA,NA,NA,NA,NA,NA,NA,NA,NA,39,39,T,S,T -> S,rpsL_T39S,rpsL_T39S,Lab-generated,12,NA,NA,Restrictive,Agarwal2011,NA,Escherichia_coli_NA,rpsL_Escherichia_coli_MG1655,NA,NA,0
Escherichia coli,NA,NA,rpsL,NA,NA,NA,NA,NA,NA,NA,NA,NA,NA,41,41,P,A,P -> A,rpsL_P41A,rpsL_P41A,Lab-generated,12,NA,NA,Restrictive,Agarwal2011,NA,Escherichia_coli_NA,rpsL_Escherichia_coli_MG1655,NA,AA_original or AA_mutation inconsistent with AA_pos,1
Escherichia coli,NA,NA,rpsL,NA,NA,NA,NA,NA,NA,NA,NA,NA,NA,42,42,K,T,K -> T,rpsL_K42T,rpsL_K42T,Lab-generated,NA,NA,NA,Restrictive,Agarwal2011,NA,Escherichia_coli_NA,rpsL_Escherichia_coli_MG1655,NA,AA_original or AA_mutation inconsistent with AA_pos,1
Escherichia coli,NA,NA,rpsL,NA,NA,NA,NA,NA,NA,NA,NA,NA,NA,43,43,K,I,K -> I,rpsL_K43I,rpsL_K43I,Lab-generated,6,NA,NA,ram,Agarwal2011,NA,Escherichia_coli_NA,rpsL_Escherichia_coli_MG1655,NA,NA,0
Escherichia coli,NA,NA,rpsL,NA,NA,NA,NA,NA,NA,NA,NA,NA,NA,48,48,L,Q,L -> Q,rpsL_L48Q,rpsL_L48Q,Lab-generated,12,NA,NA,Restrictive,Agarwal2011,NA,Escherichia_coli_NA,rpsL_Escherichia_coli_MG1655,NA,AA_original or AA_mutation inconsistent with AA_pos,1
Escherichia coli,NA,NA,rpsL,NA,NA,NA,NA,NA,NA,NA,NA,NA,NA,5,5,Q,R,Q -> R,rpsL_Q5R,rpsL_Q5R,Lab-generated,NA,NA,NA,Restrictive,Agarwal2011,NA,Escherichia_coli_NA,rpsL_Escherichia_coli_MG1655,NA,AA_original or AA_mutation inconsistent with AA_pos,1
Escherichia coli,NA,NA,rpsL,NA,NA,NA,NA,NA,NA,NA,NA,NA,NA,53,53,R,S,R -> S,rpsL_R53S,rpsL_R53S,Lab-generated,12,NA,NA,Restrictive,Agarwal2011,NA,Escherichia_coli_NA,rpsL_Escherichia_coli_MG1655,NA,AA_original or AA_mutation inconsistent with AA_pos,1
Escherichia coli,NA,NA,rpsL,NA,NA,NA,NA,NA,NA,NA,NA,NA,NA,53,53,R,H,R -> H,rpsL_R53H,rpsL_R53H,Lab-generated,NA,NA,NA,Restrictive,Agarwal2011,NA,Escherichia_coli_NA,rpsL_Escherichia_coli_MG1655,NA,AA_original or AA_mutation inconsistent with AA_pos,1
Escherichia coli,NA,NA,rpsL,NA,NA,NA,NA,NA,NA,NA,NA,NA,NA,57,57,T,S,T -> S,rpsL_T57S,rpsL_T57S,Lab-generated,6,NA,NA,ram,Agarwal2011,NA,Escherichia_coli_NA,rpsL_Escherichia_coli_MG1655,NA,AA_original or AA_mutation inconsistent with AA_pos,1
Escherichia coli,NA,NA,rpsL,NA,NA,NA,NA,NA,NA,NA,NA,NA,NA,58,58,N,K,N -> K,rpsL_N58K,rpsL_N58K,Lab-generated,12,NA,NA,Restrictive,Agarwal2011,NA,Escherichia_coli_NA,rpsL_Escherichia_coli_MG1655,NA,AA_original or AA_mutation inconsistent with AA_pos,1
Escherichia coli,NA,NA,rpsL,NA,NA,NA,NA,NA,NA,NA,NA,NA,NA,6,6,L,Q,L -> Q,rpsL_L6Q,rpsL_L6Q,Lab-generated,12,NA,NA,Restrictive,Agarwal2011,NA,Escherichia_coli_NA,rpsL_Escherichia_coli_MG1655,NA,NA,0
Escherichia coli,NA,NA,rpsL,NA,NA,NA,NA,NA,NA,NA,NA,NA,NA,62,62,V,L,V -> L,rpsL_V62L,rpsL_V62L,Lab-generated,6,NA,NA,ram,Agarwal2011,NA,Escherichia_coli_NA,rpsL_Escherichia_coli_MG1655,NA,AA_original or AA_mutation inconsistent with AA_pos,1
Escherichia coli,NA,NA,rpsL,NA,NA,NA,NA,NA,NA,NA,NA,NA,NA,66,66,I,M,I -> M,rpsL_I66M,rpsL_I66M,Lab-generated,12,NA,NA,Restrictive,Agarwal2011,NA,Escherichia_coli_NA,rpsL_Escherichia_coli_MG1655,NA,AA_original or AA_mutation inconsistent with AA_pos,1
Escherichia coli,NA,NA,rpsL,NA,NA,NA,NA,NA,NA,NA,NA,NA,NA,67,67,G,R,G -> R,rpsL_G67R,rpsL_G67R,Lab-generated,6,NA,NA,Restrictive,Agarwal2011,NA,Escherichia_coli_NA,rpsL_Escherichia_coli_MG1655,NA,AA_original or AA_mutation inconsistent with AA_pos,1
Escherichia coli,NA,NA,rpsL,NA,NA,NA,NA,NA,NA,NA,NA,NA,NA,7,7,V,I,V -> I,rpsL_V7I,rpsL_V7I,Lab-generated,NA,NA,NA,Restrictive,Agarwal2011,NA,Escherichia_coli_NA,rpsL_Escherichia_coli_MG1655,NA,AA_original or AA_mutation inconsistent with AA_pos,1
Escherichia coli,NA,NA,rpsL,NA,NA,NA,NA,NA,NA,NA,NA,NA,NA,7,7,V,E,V -> E,rpsL_V7E,rpsL_V7E,Lab-generated,6,NA,NA,Restrictive,Agarwal2011,NA,Escherichia_coli_NA,rpsL_Escherichia_coli_MG1655,NA,AA_original or AA_mutation inconsistent with AA_pos,1
Escherichia coli,NA,NA,rpsL,NA,NA,NA,NA,NA,NA,NA,NA,NA,NA,73,73,L,P,L -> P,rpsL_L73P,rpsL_L73P,Lab-generated,25,NA,NA,Restrictive,Agarwal2011,NA,Escherichia_coli_NA,rpsL_Escherichia_coli_MG1655,NA,AA_original or AA_mutation inconsistent with AA_pos,1
Escherichia coli,NA,NA,rpsL,NA,NA,NA,NA,NA,NA,NA,NA,NA,NA,76,76,H,P,H -> P,rpsL_H76P,rpsL_H76P,Lab-generated,25,NA,NA,Restrictive,Agarwal2011,NA,Escherichia_coli_NA,rpsL_Escherichia_coli_MG1655,NA,AA_original or AA_mutation inconsistent with AA_pos,1
Escherichia coli,NA,NA,rpsL,NA,NA,NA,NA,NA,NA,NA,NA,NA,NA,77,77,S,C,S -> C,rpsL_S77C,rpsL_S77C,Lab-generated,6,NA,NA,Restrictive,Agarwal2011,NA,Escherichia_coli_NA,rpsL_Escherichia_coli_MG1655,NA,AA_original or AA_mutation inconsistent with AA_pos,1
Escherichia coli,NA,NA,rpsL,NA,NA,NA,NA,NA,NA,NA,NA,NA,NA,78,78,V,E,V -> E,rpsL_V78E,rpsL_V78E,Lab-generated,6,NA,NA,ram,Agarwal2011,NA,Escherichia_coli_NA,rpsL_Escherichia_coli_MG1655,NA,AA_original or AA_mutation inconsistent with AA_pos,1
Escherichia coli,NA,NA,rpsL,NA,NA,NA,NA,NA,NA,NA,NA,NA,NA,79,79,I,N,I -> N,rpsL_I79N,rpsL_I79N,Lab-generated,6,NA,NA,ram,Agarwal2011,NA,Escherichia_coli_NA,rpsL_Escherichia_coli_MG1655,NA,AA_original or AA_mutation inconsistent with AA_pos,1
Escherichia coli,NA,NA,rpsL,NA,NA,NA,NA,NA,NA,NA,NA,NA,NA,80,80,L,R,L -> R,rpsL_L80R,rpsL_L80R,Lab-generated,6,NA,NA,ram,Agarwal2011,NA,Escherichia_coli_NA,rpsL_Escherichia_coli_MG1655,NA,AA_original or AA_mutation inconsistent with AA_pos,1
Escherichia coli,NA,NA,rpsL,NA,NA,NA,NA,NA,NA,NA,NA,NA,NA,81,81,I,F,I -> F,rpsL_I81F,rpsL_I81F,Lab-generated,12,NA,NA,Restrictive,Agarwal2011,NA,Escherichia_coli_NA,rpsL_Escherichia_coli_MG1655,NA,AA_original or AA_mutation inconsistent with AA_pos,1
Escherichia coli,NA,NA,rpsL,NA,NA,NA,NA,NA,NA,NA,NA,NA,NA,85,85,R,H,R -> H,rpsL_R85H,rpsL_R85H,Lab-generated,12,NA,NA,Restrictive,Agarwal2011,NA,Escherichia_coli_NA,rpsL_Escherichia_coli_MG1655,NA,AA_original or AA_mutation inconsistent with AA_pos,1
Escherichia coli,NA,NA,rpsL,NA,NA,NA,NA,NA,NA,NA,NA,NA,NA,85,85,R,S,R -> S,rpsL_R85S,rpsL_R85S,Lab-generated,25,NA,NA,Restrictive,Agarwal2011,NA,Escherichia_coli_NA,rpsL_Escherichia_coli_MG1655,NA,AA_original or AA_mutation inconsistent with AA_pos,1
Escherichia coli,NA,NA,rpsL,NA,NA,NA,NA,NA,NA,NA,NA,NA,NA,93,93,R,S,R -> S,rpsL_R93S,rpsL_R93S,Lab-generated,12,NA,NA,Restrictive,Agarwal2011,NA,Escherichia_coli_NA,rpsL_Escherichia_coli_MG1655,NA,AA_original or AA_mutation inconsistent with AA_pos,1
Escherichia coli,NA,NA,rpsL,NA,NA,NA,NA,NA,NA,NA,NA,NA,NA,94,94,Y,N,Y -> N,rpsL_Y94N,rpsL_Y94N,Lab-generated,12,NA,NA,Restrictive,Agarwal2011,NA,Escherichia_coli_NA,rpsL_Escherichia_coli_MG1655,NA,AA_original or AA_mutation inconsistent with AA_pos,1
Escherichia coli,NA,NA,rpsL,NA,NA,NA,NA,NA,NA,NA,NA,NA,NA,95,95,H,D,H -> D,rpsL_H95D,rpsL_H95D,Lab-generated,6,NA,NA,Restrictive,Agarwal2011,NA,Escherichia_coli_NA,rpsL_Escherichia_coli_MG1655,NA,AA_original or AA_mutation inconsistent with AA_pos,1
Escherichia coli,NA,NA,rpsL,NA,NA,NA,NA,NA,NA,NA,NA,NA,NA,97,97,V,E,V -> E,rpsL_V97E,rpsL_V97E,Lab-generated,6,NA,NA,Restrictive,Agarwal2011,NA,Escherichia_coli_NA,rpsL_Escherichia_coli_MG1655,NA,AA_original or AA_mutation inconsistent with AA_pos,1
Escherichia coli,NA,NA,rpsL,NA,NA,NA,NA,NA,NA,NA,NA,NA,NA,97,97,V,E,V -> E,rpsL_V97E,rpsL_V97E,Lab-generated,NA,NA,NA,Restrictive,Agarwal2011,NA,Escherichia_coli_NA,rpsL_Escherichia_coli_MG1655,NA,AA_original or AA_mutation inconsistent with AA_pos,1
Escherichia coli,NA,NA,rpsL,NA,NA,NA,NA,NA,NA,NA,NA,NA,NA,44,44,K,Q,K -> Q,rpsL_K44Q,rpsL_K44Q,Lab-generated,NA,NA,NA,They mutated Escherichia coli rsmG and also performed a genotyping study on rpsL from several isolates showing the ability to grow at higher streptomycin concentrations than parental strains,Beniez2014,NA,Escherichia_coli_NA,rpsL_Escherichia_coli_MG1655,NA,NA,0
Escherichia coli,NA,NA,rpsL,NA,NA,NA,NA,NA,NA,NA,NA,NA,NA,7,7,L,Q,L -> Q,rpsL_L7Q,rpsL_L7Q,Lab-generated,NA,NA,NA,NA,Beniez2014,NA,Escherichia_coli_NA,rpsL_Escherichia_coli_MG1655,NA,NA,0
Escherichia coli,NA,NA,rpsL,NA,NA,NA,NA,NA,NA,NA,NA,NA,NA,77,77,H,L,H -> L,rpsL_H77L,rpsL_H77L,Lab-generated,NA,NA,NA,NA,Beniez2014,NA,Escherichia_coli_NA,rpsL_Escherichia_coli_MG1655,NA,NA,0
Escherichia coli,NA,NA,rpsL,NA,NA,NA,NA,NA,NA,NA,NA,NA,NA,86,86,R,S,R -> S,rpsL_R86S,rpsL_R86S,Lab-generated,NA,NA,NA,NA,Beniez2014,NA,Escherichia_coli_NA,rpsL_Escherichia_coli_MG1655,NA,NA,0
Escherichia coli,NA,NA,rpsL,NA,NA,NA,NA,NA,NA,NA,NA,NA,NA,88,88,K,Q,K -> Q,rpsL_K88Q,rpsL_K88Q,Lab-generated,NA,NA,NA,NA,Beniez2014,NA,Escherichia_coli_NA,rpsL_Escherichia_coli_MG1655,NA,NA,0
Escherichia coli,NA,NA,rpsL,NA,NA,NA,NA,NA,NA,NA,NA,NA,NA,88,88,K,R,K -> R,rpsL_K88R,rpsL_K88R,Lab-generated,NA,NA,NA,NA,Beniez2014,NA,Escherichia_coli_NA,rpsL_Escherichia_coli_MG1655,NA,NA,0
Escherichia coli,NA,NA,rpsL,NA,NA,NA,NA,NA,NA,NA,NA,NA,NA,91,91,P,S,P -> S,rpsL_P91S,rpsL_P91S,Lab-generated,NA,NA,NA,NA,Beniez2014,NA,Escherichia_coli_NA,rpsL_Escherichia_coli_MG1655,NA,NA,0
Escherichia coli,NA,NA,rpsL,NA,NA,NA,NA,NA,NA,NA,NA,NA,NA,43,43,K,R,K -> R,rpsL_K43R,rpsL_K43R,Lab-generated,NA,NA,NA,NA,Brulisauer2023,NA,Escherichia_coli_NA,rpsL_Escherichia_coli_MG1655,NA,NA,0
Escherichia coli,EDL933,NA,rpsL,NA,NA,NA,NA,NA,NA,NA,NA,NA,NA,42,42,K,R,K -> R,rpsL_K42R,rpsL_K42R,Lab-generated,NA,NA,NA,NA,Chen2013,NA,Escherichia_coli_EDL933,rpsL_Escherichia_coli_MG1655,NA,AA_original or AA_mutation inconsistent with AA_pos,1
Escherichia coli,Sakai,NA,rpsL,NA,NA,NA,NA,NA,NA,NA,NA,NA,NA,42,42,K,T,K -> T,rpsL_K42T,rpsL_K42T,Lab-generated,NA,NA,NA,NA,Chen2013,NA,Escherichia_coli_Sakai,rpsL_Escherichia_coli_MG1655,NA,AA_original or AA_mutation inconsistent with AA_pos,1
Escherichia coli,EDL933,NA,rpsL,NA,NA,NA,NA,NA,NA,NA,NA,NA,NA,42,42,K,N,K -> N,rpsL_K42N,rpsL_K42N,Lab-generated,NA,NA,NA,NA,Chen2013,NA,Escherichia_coli_EDL933,rpsL_Escherichia_coli_MG1655,NA,AA_original or AA_mutation inconsistent with AA_pos,1
Escherichia coli,EDL933,NA,rpsL,NA,NA,NA,NA,NA,NA,NA,NA,NA,NA,87,87,K,R,K -> R,rpsL_K87R,rpsL_K87R,Lab-generated,NA,NA,NA,NA,Chen2013,NA,Escherichia_coli_EDL933,rpsL_Escherichia_coli_MG1655,NA,AA_original or AA_mutation inconsistent with AA_pos,1
Escherichia coli,KO-365,NA,rpsL,128,128,A,G,A -> G,rpsL_A128G,rpsL_A128G,AAA,AGA,AAA -> AGA,42,42,K,R,K -> R,rpsL_K42R,rpsL_K42R,Isolate,10000,NA,NA,Spontaneous STP mutants collected and screened with the goal of testing the effect of mutations within rpsL and in turn protein S12 on protein synthesis.,Chumpolkulwong2004,Le Na Ngo,Escherichia_coli_KO-365,rpsL_Escherichia_coli_MG1655,Nt_pos inconsistent with codons and AA_pos position,AA_original or AA_mutation inconsistent with AA_pos,1
Escherichia coli,KO-368,NA,rpsL,129,129,A,C,A -> C,rpsL_A129C,rpsL_A129C,AAA,AAC,AAA -> AAC,42,42,K,N,K -> N,rpsL_K42N,rpsL_K42N,Isolate,10000,NA,NA,Spontaneous STP mutants collected and screened with the goal of testing the effect of mutations within rpsL and in turn protein S12 on protein synthesis.,Chumpolkulwong2004,Le Na Ngo,Escherichia_coli_KO-368,rpsL_Escherichia_coli_MG1655,Nt_pos inconsistent with codons and AA_pos position,AA_original or AA_mutation inconsistent with AA_pos,1
Escherichia coli,KO-371,NA,rpsL,128,128,A,C,A -> C,rpsL_A128C,rpsL_A128C,AAA,ACA,AAA -> ACA,42,42,K,T,K -> T,rpsL_K42T,rpsL_K42T,Isolate,10000,NA,NA,Spontaneous STP mutants collected and screened with the goal of testing the effect of mutations within rpsL and in turn protein S12 on protein synthesis.,Chumpolkulwong2004,Le Na Ngo,Escherichia_coli_KO-371,rpsL_Escherichia_coli_MG1655,Nt_pos inconsistent with codons and AA_pos position,AA_original or AA_mutation inconsistent with AA_pos,1
Escherichia coli,KO-374,NA,rpsL,128,128,A,T,A -> T,rpsL_A128T,rpsL_A128T,AAA,ATA,AAA -> ATA,42,42,K,I,K -> I,rpsL_K42I,rpsL_K42I,Isolate,10000,NA,NA,Spontaneous STP mutants collected and screened with the goal of testing the effect of mutations within rpsL and in turn protein S12 on protein synthesis.,Chumpolkulwong2004,Le Na Ngo,Escherichia_coli_KO-374,rpsL_Escherichia_coli_MG1655,Nt_pos inconsistent with codons and AA_pos position,AA_original or AA_mutation inconsistent with AA_pos,1
Escherichia coli,KO-375,NA,rpsL,263,263,A,G,A -> G,rpsL_A263G,rpsL_A263G,AAA,AGA,AAA -> AGA,87,87,K,R,K -> R,rpsL_K87R,rpsL_K87R,Isolate,10000,NA,NA,Spontaneous STP mutants collected and screened with the goal of testing the effect of mutations within rpsL and in turn protein S12 on protein synthesis.,Chumpolkulwong2004,Le Na Ngo,Escherichia_coli_KO-375,rpsL_Escherichia_coli_MG1655,Nt_pos inconsistent with codons and AA_pos position,AA_original or AA_mutation inconsistent with AA_pos,1
Escherichia coli,KO-430,NA,rpsL,262,262,A,G,A -> G,rpsL_A262G,rpsL_A262G,AAA,GAA,AAA -> GAA,87,87,K,E,K -> E,rpsL_K87E,rpsL_K87E,Isolate,30,NA,NA,Spontaneous STP mutants collected and screened with the goal of testing the effect of mutations within rpsL and in turn protein S12 on protein synthesis.,Chumpolkulwong2004,Le Na Ngo,Escherichia_coli_KO-430,rpsL_Escherichia_coli_MG1655,Nt_pos inconsistent with codons and AA_pos position,AA_original or AA_mutation inconsistent with AA_pos,1
Escherichia coli,KO-376,NA,rpsL,272,272,C,T,C -> T,rpsL_C272T,rpsL_C272T,CCG,CTG,CCG -> CTG,90,90,P,L,P -> L,rpsL_P90L,rpsL_P90L,Isolate,10000,NA,NA,Spontaneous STP mutants collected and screened with the goal of testing the effect of mutations within rpsL and in turn protein S12 on protein synthesis.,Chumpolkulwong2004,Le Na Ngo,Escherichia_coli_KO-376,rpsL_Escherichia_coli_MG1655,Nt_pos inconsistent with codons and AA_pos position,NA,1
Escherichia coli,KO-378,NA,rpsL,272,272,C,A,C -> A,rpsL_C272A,rpsL_C272A,CCG,CAG,CCG -> CAG,90,90,P,Q,P -> Q,rpsL_P90Q,rpsL_P90Q,Isolate,30,NA,NA,Spontaneous STP mutants collected and screened with the goal of testing the effect of mutations within rpsL and in turn protein S12 on protein synthesis.,Chumpolkulwong2004,Le Na Ngo,Escherichia_coli_KO-378,rpsL_Escherichia_coli_MG1655,Nt_pos inconsistent with codons and AA_pos position,AA_original or AA_mutation inconsistent with AA_pos,1
Escherichia coli,KO-431,NA,rpsL,275,275,G,A,G -> A,rpsL_G275A,rpsL_G275A,GGT,GAT,GGT -> GAT,91,91,G,D,G -> D,rpsL_G91D,rpsL_G91D,Isolate,10000,NA,NA,Spontaneous STP mutants collected and screened with the goal of testing the effect of mutations within rpsL and in turn protein S12 on protein synthesis.,Chumpolkulwong2004,Le Na Ngo,Escherichia_coli_KO-431,rpsL_Escherichia_coli_MG1655,Nt_pos inconsistent with codons and AA_pos position,AA_original or AA_mutation inconsistent with AA_pos,1
Escherichia coli,NA,NA,rpsL,NA,NA,NA,NA,NA,NA,NA,NA,NA,NA,87,87,K,E,K -> E,rpsL_K87E,rpsL_K87E,Lab-generated,25,NA,NA,NA,Gill2004,NA,Escherichia_coli_NA,rpsL_Escherichia_coli_MG1655,NA,AA_original or AA_mutation inconsistent with AA_pos,1
Escherichia coli,NA,NA,rpsL,NA,NA,NA,NA,NA,NA,NA,NA,NA,NA,86,86,R,S,R -> S,rpsL_R86S,rpsL_R86S,Lab-generated,25,NA,NA,NA,Gossner2021,NA,Escherichia_coli_NA,rpsL_Escherichia_coli_MG1655,NA,NA,0
Escherichia coli,NA,NA,rpsL,129,129,A,C,A -> C,rpsL_A129C,rpsL_A129C,AAA,AAC,AAA -> AAC,43,42,K,N,K -> N,rpsL_K43N,rpsL_K42N,Lab-generated,NA,NA,NA,NA,Hosaka2004,NA,Escherichia_coli_NA,rpsL_Escherichia_coli_MG1655,Nt_pos_Ecoli inconsistent with codons and AA_pos position,NA,1
Escherichia coli,NA,NA,rpsL,128,128,A,C,A -> C,rpsL_A128C,rpsL_A128C,AAA,ACA,AAA -> ACA,43,42,K,T,K -> T,rpsL_K43T,rpsL_K42T,Lab-generated,NA,NA,NA,NA,Hosaka2004,NA,Escherichia_coli_NA,rpsL_Escherichia_coli_MG1655,Nt_pos_Ecoli inconsistent with codons and AA_pos position,NA,1
Escherichia coli,NA,NA,rpsL,NA,NA,NA,NA,NA,NA,NA,NA,NA,NA,42,42,K,I,K -> I,rpsL_K42I,rpsL_K42I,Lab-generated,NA,NA,NA,NA,Hosaka2004,NA,Escherichia_coli_NA,rpsL_Escherichia_coli_MG1655,NA,AA_original or AA_mutation inconsistent with AA_pos,1
Escherichia coli,NA,NA,rpsL,NA,NA,NA,NA,NA,NA,NA,NA,NA,NA,43,43,K,N,K -> N,rpsL_K43N,rpsL_K43N,Lab-generated,NA,NA,NA,NA,Hosaka2004,NA,Escherichia_coli_NA,rpsL_Escherichia_coli_MG1655,NA,NA,0
Escherichia coli,NA,NA,rpsL,NA,NA,NA,NA,NA,NA,NA,NA,NA,NA,43,43,K,T,K -> T,rpsL_K43T,rpsL_K43T,Lab-generated,NA,NA,NA,NA,Hosaka2004,NA,Escherichia_coli_NA,rpsL_Escherichia_coli_MG1655,NA,NA,0
Escherichia coli,NA,NA,rpsL,NA,NA,NA,NA,NA,NA,NA,NA,NA,NA,53,53,R,C,R -> C,rpsL_R53C,rpsL_R53C,Lab-generated,NA,NA,NA,NA,Hosaka2004,NA,Escherichia_coli_NA,rpsL_Escherichia_coli_MG1655,NA,NA,0
Escherichia coli,NA,NA,rpsL,262,262,A,G,A -> G,rpsL_A262G,rpsL_A262G,AAA,GAA,AAA -> GAA,88,87,K,E,K -> E,rpsL_K88E,rpsL_K87E,Lab-generated,NA,NA,NA,NA,Hosaka2004,NA,Escherichia_coli_NA,rpsL_Escherichia_coli_MG1655,Nt_pos_Ecoli inconsistent with codons and AA_pos position,NA,1
Escherichia coli,NA,NA,rpsL,264,264,A,C,A -> C,rpsL_A264C,rpsL_A264C,AAA,AAC,AAA -> AAC,88,87,K,N,K -> N,rpsL_K88N,rpsL_K87N,Lab-generated,NA,NA,NA,NA,Hosaka2004,NA,Escherichia_coli_NA,rpsL_Escherichia_coli_MG1655,Nt_pos_Ecoli inconsistent with codons and AA_pos position,NA,1
Escherichia coli,NA,NA,rpsL,NA,NA,NA,NA,NA,NA,NA,NA,NA,NA,90,90,P,L,P -> L,rpsL_P90L,rpsL_P90L,Lab-generated,NA,NA,NA,NA,Hosaka2004,NA,Escherichia_coli_NA,rpsL_Escherichia_coli_MG1655,NA,NA,0
Escherichia coli,NA,NA,rpsL,NA,NA,NA,NA,NA,NA,NA,NA,NA,NA,43,43,K,N,K -> N,rpsL_K43N,rpsL_K43N,Lab-generated,NA,NA,NA,NA,Lopez2023,NA,Escherichia_coli_NA,rpsL_Escherichia_coli_MG1655,NA,NA,0
Escherichia coli,WP2,NA,rpsL,427,427,C,T,C -> T,rpsL_C427T,rpsL_C427T,,T, -> T,41,41,P,L,P -> L,rpsL_P41L,rpsL_P41L,Lab-generated,NA,NA,NA,NA,Timms1992,NA,Escherichia_coli_WP2,rpsL_Escherichia_coli_MG1655,Nt_pos predicted to not exist in E. coli,AA_original or AA_mutation inconsistent with AA_pos,1
Escherichia coli,CM1141,NA,rpsL,427,427,C,T,C -> T,rpsL_C427T,rpsL_C427T,,T, -> T,41,41,P,L,P -> L,rpsL_P41L,rpsL_P41L,Lab-generated,NA,NA,NA,NA,Timms1992,NA,Escherichia_coli_CM1141,rpsL_Escherichia_coli_MG1655,Nt_pos predicted to not exist in E. coli,AA_original or AA_mutation inconsistent with AA_pos,1
Escherichia coli,WP2,NA,rpsL,430,430,A,G,A -> G,rpsL_A430G,rpsL_A430G,,G, -> G,42,42,K,R,K -> R,rpsL_K42R,rpsL_K42R,Lab-generated,NA,NA,NA,NA,Timms1992,NA,Escherichia_coli_WP2,rpsL_Escherichia_coli_MG1655,Nt_pos predicted to not exist in E. coli,AA_original or AA_mutation inconsistent with AA_pos,1
Escherichia coli,WP2,NA,rpsL,430,430,A,T,A -> T,rpsL_A430T,rpsL_A430T,,T, -> T,42,42,K,I,K -> I,rpsL_K42I,rpsL_K42I,Lab-generated,NA,NA,NA,NA,Timms1992,NA,Escherichia_coli_WP2,rpsL_Escherichia_coli_MG1655,Nt_pos predicted to not exist in E. coli,AA_original or AA_mutation inconsistent with AA_pos,1
Escherichia coli,WP2,NA,rpsL,431,431,A,T,A -> T,rpsL_A431T,rpsL_A431T,,T, -> T,42,42,K,N,K -> N,rpsL_K42N,rpsL_K42N,Lab-generated,NA,NA,NA,NA,Timms1992,NA,Escherichia_coli_WP2,rpsL_Escherichia_coli_MG1655,Nt_pos predicted to not exist in E. coli,AA_original or AA_mutation inconsistent with AA_pos,1
Escherichia coli,WP2,NA,rpsL,565,565,A,G,A -> G,rpsL_A565G,rpsL_A565G,,G, -> G,87,87,K,R,K -> R,rpsL_K87R,rpsL_K87R,Lab-generated,NA,NA,NA,NA,Timms1992,NA,Escherichia_coli_WP2,rpsL_Escherichia_coli_MG1655,Nt_pos predicted to not exist in E. coli,AA_original or AA_mutation inconsistent with AA_pos,1
Escherichia coli,WP2,NA,rpsL,574,574,C,T,C -> T,rpsL_C574T,rpsL_C574T,,T, -> T,90,90,P,L,P -> L,rpsL_P90L,rpsL_P90L,Lab-generated,NA,NA,NA,NA,Timms1992,NA,Escherichia_coli_WP2,rpsL_Escherichia_coli_MG1655,Nt_pos predicted to not exist in E. coli,NA,1
Escherichia coli,WP2,NA,rpsL,574,574,C,T,C -> T,rpsL_C574T,rpsL_C574T,,T, -> T,90,90,P,L,P -> L,rpsL_P90L,rpsL_P90L,Lab-generated,NA,NA,NA,NA,Timms1992,NA,Escherichia_coli_WP2,rpsL_Escherichia_coli_MG1655,Nt_pos predicted to not exist in E. coli,NA,1
Escherichia coli,CM1141,NA,rpsL,574,574,C,T,C -> T,rpsL_C574T,rpsL_C574T,,T, -> T,90,90,P,L,P -> L,rpsL_P90L,rpsL_P90L,Lab-generated,NA,NA,NA,NA,Timms1992,NA,Escherichia_coli_CM1141,rpsL_Escherichia_coli_MG1655,Nt_pos predicted to not exist in E. coli,NA,1
Escherichia coli,CM1141,NA,rpsL,574,574,C,T,C -> T,rpsL_C574T,rpsL_C574T,,T, -> T,90,90,P,L,P -> L,rpsL_P90L,rpsL_P90L,Lab-generated,NA,NA,NA,NA,Timms1992,NA,Escherichia_coli_CM1141,rpsL_Escherichia_coli_MG1655,Nt_pos predicted to not exist in E. coli,NA,1
Escherichia coli,WP2,NA,rpsL,577,577,G,A,G -> A,rpsL_G577A,rpsL_G577A,,A, -> A,91,91,G,R,G -> R,rpsL_G91R,rpsL_G91R,Lab-generated,NA,NA,NA,NA,Timms1992,NA,Escherichia_coli_WP2,rpsL_Escherichia_coli_MG1655,Nt_pos predicted to not exist in E. coli,AA_original or AA_mutation inconsistent with AA_pos,1
Escherichia coli,CM1141,NA,rpsL,577,577,G,A,G -> A,rpsL_G577A,rpsL_G577A,,A, -> A,91,91,G,R,G -> R,rpsL_G91R,rpsL_G91R,Lab-generated,NA,NA,NA,NA,Timms1992,NA,Escherichia_coli_CM1141,rpsL_Escherichia_coli_MG1655,Nt_pos predicted to not exist in E. coli,AA_original or AA_mutation inconsistent with AA_pos,1
Escherichia coli,MC312,NA,rpsL,NA,NA,NA,NA,NA,NA,NA,NA,NA,NA,42,42,K,N,K -> N,rpsL_K42N,rpsL_K42N,Lab-generated,NA,NA,NA,NA,Vila-Sanjurjo2007,NA,Escherichia_coli_MC312,rpsL_Escherichia_coli_MG1655,NA,AA_original or AA_mutation inconsistent with AA_pos,1
Escherichia coli,MC312,NA,rpsL,NA,NA,NA,NA,NA,NA,NA,NA,NA,NA,42,42,K,T,K -> T,rpsL_K42T,rpsL_K42T,Lab-generated,NA,NA,NA,NA,Vila-Sanjurjo2007,NA,Escherichia_coli_MC312,rpsL_Escherichia_coli_MG1655,NA,AA_original or AA_mutation inconsistent with AA_pos,1
Escherichia coli,MC312,NA,rpsL,NA,NA,NA,NA,NA,NA,NA,NA,NA,NA,87,87,K,R,K -> R,rpsL_K87R,rpsL_K87R,Lab-generated,NA,NA,NA,NA,Vila-Sanjurjo2007,NA,Escherichia_coli_MC312,rpsL_Escherichia_coli_MG1655,NA,AA_original or AA_mutation inconsistent with AA_pos,1
Glaesserella parasuis,NA,NA,rpsL,NA,NA,NA,NA,NA,NA,NA,NA,NA,NA,43,43,K,R,K -> R,rpsL_K43R,rpsL_K43R,Lab-generated,NA,NA,NA,former namely Haemophilus parasuis,Dai2018,NA,Glaesserella_parasuis_NA,rpsL_Glaesserella_parasuis_YHP1818,NA,NA,0
Glaesserella parasuis,NA,NA,rpsL,NA,NA,NA,NA,NA,NA,NA,NA,NA,NA,88,88,K,R,K -> R,rpsL_K88R,rpsL_K88R,Lab-generated,NA,NA,NA,former namely Haemophilus parasuis,Dai2018,NA,Glaesserella_parasuis_NA,rpsL_Glaesserella_parasuis_YHP1818,NA,NA,0
Klebsiella pneumoniae,NA,NA,rpsL,125,125,C,T,C -> T,rpsL_C125T,rpsL_C125T,CCT,CTT,CCT -> CTT,41,41,P,L,P -> L,rpsL_P41L,rpsL_P41L,Lab-generated,NA,NA,NA,NA,Tsai2014,NA,Klebsiella_pneumoniae_NA,rpsL_Klebsiella_pneumoniae_HS11286,Nt_pos inconsistent with codons and AA_pos position,AA_original or AA_mutation inconsistent with AA_pos,1
Klebsiella pneumoniae,NA,NA,rpsL,128,128,A,G,A -> G,rpsL_A128G,rpsL_A128G,AAG,AGG,AAG -> AGG,42,42,K,R,K -> R,rpsL_K42R,rpsL_K42R,Lab-generated,NA,NA,NA,NA,Tsai2014,NA,Klebsiella_pneumoniae_NA,rpsL_Klebsiella_pneumoniae_HS11286,Nt_pos inconsistent with codons and AA_pos position,AA_original or AA_mutation inconsistent with AA_pos,1
Klebsiella pneumoniae,NA,NA,rpsL,129,129,G,T,G -> T,rpsL_G129T,rpsL_G129T,AAG,AAT,AAG -> AAT,42,42,K,N,K -> N,rpsL_K42N,rpsL_K42N,Lab-generated,NA,NA,NA,NA,Tsai2014,NA,Klebsiella_pneumoniae_NA,rpsL_Klebsiella_pneumoniae_HS11286,Nt_pos inconsistent with codons and AA_pos position,AA_original or AA_mutation inconsistent with AA_pos,1
Klebsiella pneumoniae,NA,NA,rpsL,128,128,A,T,A -> T,rpsL_A128T,rpsL_A128T,AAG,ATG,AAG -> ATG,42,42,K,T,K -> T,rpsL_K42T,rpsL_K42T,Lab-generated,NA,NA,NA,NA,Tsai2014,NA,Klebsiella_pneumoniae_NA,rpsL_Klebsiella_pneumoniae_HS11286,Nt_pos inconsistent with codons and AA_pos position,AA_original or AA_mutation inconsistent with AA_pos,1
Klebsiella pneumoniae,NA,NA,rpsL,127,127,A,C,A -> C,rpsL_A127C,rpsL_A127C,AAG,CAG,AAG -> CAG,42,42,K,Q,K -> Q,rpsL_K42Q,rpsL_K42Q,Lab-generated,NA,NA,NA,NA,Tsai2014,NA,Klebsiella_pneumoniae_NA,rpsL_Klebsiella_pneumoniae_HS11286,Nt_pos inconsistent with codons and AA_pos position,AA_original or AA_mutation inconsistent with AA_pos,1
Klebsiella pneumoniae,NA,NA,rpsL,130,130,A,G,A -> G,rpsL_A130G,rpsL_A130G,AAA,GAA,AAA -> GAA,43,43,K,E,K -> E,rpsL_K43E,rpsL_K43E,Lab-generated,NA,NA,NA,NA,Tsai2014,NA,Klebsiella_pneumoniae_NA,rpsL_Klebsiella_pneumoniae_HS11286,Nt_pos inconsistent with codons and AA_pos position,NA,1
Klebsiella pneumoniae,NA,NA,rpsL,263,263,A,C,A -> C,rpsL_A263C,rpsL_A263C,AAA,ACA,AAA -> ACA,87,87,K,R,K -> R,rpsL_K87R,rpsL_K87R,Lab-generated,NA,NA,NA,NA,Tsai2014,NA,Klebsiella_pneumoniae_NA,rpsL_Klebsiella_pneumoniae_HS11286,Nt_pos inconsistent with codons and AA_pos position,AA_original or AA_mutation inconsistent with AA_pos,1
Klebsiella pneumoniae,NA,NA,rpsL,267,267,C,G,C -> G,rpsL_C267G,rpsL_C267G,GAC,GAG,GAC -> GAG,88,88,D,E,D -> E,rpsL_D88E,rpsL_D88E,Lab-generated,NA,NA,NA,NA,Tsai2014,NA,Klebsiella_pneumoniae_NA,rpsL_Klebsiella_pneumoniae_HS11286,Nt_pos inconsistent with codons and AA_pos position,AA_original or AA_mutation inconsistent with AA_pos,1
Klebsiella pneumoniae,NA,NA,rpsL,272,272,C,A,C -> A,rpsL_C272A,rpsL_C272A,CCG,CAG,CCG -> CAG,90,90,P,Q,P -> Q,rpsL_P90Q,rpsL_P90Q,Lab-generated,NA,NA,NA,NA,Tsai2014,NA,Klebsiella_pneumoniae_NA,rpsL_Klebsiella_pneumoniae_HS11286,Nt_pos inconsistent with codons and AA_pos position,AA_original or AA_mutation inconsistent with AA_pos,1
Klebsiella pneumoniae,NA,NA,rpsL,272,272,C,G,C -> G,rpsL_C272G,rpsL_C272G,CCG,CGG,CCG -> CGG,90,90,P,R,P -> R,rpsL_P90R,rpsL_P90R,Lab-generated,NA,NA,NA,NA,Tsai2014,NA,Klebsiella_pneumoniae_NA,rpsL_Klebsiella_pneumoniae_HS11286,Nt_pos inconsistent with codons and AA_pos position,AA_original or AA_mutation inconsistent with AA_pos,1
Klebsiella pneumoniae,NA,NA,rpsL,272,272,C,T,C -> T,rpsL_C272T,rpsL_C272T,CCG,CTG,CCG -> CTG,90,90,P,L,P -> L,rpsL_P90L,rpsL_P90L,Lab-generated,NA,NA,NA,NA,Tsai2014,NA,Klebsiella_pneumoniae_NA,rpsL_Klebsiella_pneumoniae_HS11286,Nt_pos inconsistent with codons and AA_pos position,NA,1
Klebsiella pneumoniae,NA,NA,rpsL,275,275,G,A,G -> A,rpsL_G275A,rpsL_G275A,GGT,GAT,GGT -> GAT,91,91,G,D,G -> D,rpsL_G91D,rpsL_G91D,Lab-generated,NA,NA,NA,NA,Tsai2014,NA,Klebsiella_pneumoniae_NA,rpsL_Klebsiella_pneumoniae_HS11286,Nt_pos inconsistent with codons and AA_pos position,AA_original or AA_mutation inconsistent with AA_pos,1
Legionella pneumophila,NA,NA,rpsL,NA,NA,NA,NA,NA,NA,NA,NA,NA,NA,88,88,K,R,K -> R,rpsL_K88R,rpsL_K88R,Lab-generated,NA,NA,NA,NA,Zhu2015,NA,Legionella_pneumophila_NA,rpsL_Legionella_pneumophila_Philadelphia-1,NA,NA,0
Lysinibacillus sphaericus,DSLS5,NA,rpsL,NA,NA,NA,NA,NA,NA,NA,NA,NA,NA,56,43,K,R,K -> R,rpsL_K56R,rpsL_K43R,Lab-generated,NA,NA,NA,NA,Suriyanarayanan2016,NA,Lysinibacillus_sphaericus_DSLS5,rpsL_Lysinibacillus_sphaericus_DSM_28,NA,NA,0
Macrococcoides caseolyticum,NA,NA,rpsL,NA,NA,NA,NA,NA,NA,NA,NA,NA,NA,22,22,P,A,P -> A,rpsL_P22A,rpsL_P22A,Isolate,NA,NA,NA,NA,Keller2022,NA,Macrococcoides_caseolyticum_NA,rpsL_Macrococcoides_caseolyticum_FDAARGOS_868,NA,NA,0
Macrococcoides caseolyticum,NA,NA,rpsL,NA,NA,NA,NA,NA,NA,NA,NA,NA,NA,56,43,K,R,K -> R,rpsL_K56R,rpsL_K43R,Isolate,NA,NA,NA,NA,Keller2022,NA,Macrococcoides_caseolyticum_NA,rpsL_Macrococcoides_caseolyticum_FDAARGOS_868,NA,NA,0
Mycobacterium kansasii,NA,NA,rpsL,128,128,A,G,A -> G,rpsL_A128G,rpsL_A128G,AGG,AGG,AGG -> AGG,42,42,K,R,K -> R,rpsL_K42R,rpsL_K42R,Isolate,64,NA,NA,NA,Bakula2018,NA,Mycobacterium_kansasii_NA,rpsL_Mycobacterium_kansasii_ATCC_12478,No nucleotide differences between Codon_original and Codon_mutation,AA_original or AA_mutation inconsistent with AA_pos,1
Mycobacterium tuberculosis,NA,NA,rpsL,NA,NA,NA,NA,NA,NA,NA,NA,NA,NA,43,43,K,R,K -> R,rpsL_K43R,rpsL_K43R,Isolate,10,NA,NA,NA,Abbadi2001,NA,Mycobacterium_tuberculosis_NA,rpsL_Mycobacterium_tuberculosis_H37Rv,NA,NA,0
Mycobacterium tuberculosis,NA,NA,rpsL,NA,NA,NA,NA,NA,NA,NA,NA,NA,NA,88,88,K,R,K -> R,rpsL_K88R,rpsL_K88R,Isolate,10,NA,NA,NA,Abbadi2001,NA,Mycobacterium_tuberculosis_NA,rpsL_Mycobacterium_tuberculosis_H37Rv,NA,NA,0
Mycobacterium tuberculosis,NA,NA,rpsL,NA,NA,NA,NA,NA,NA,NA,NA,NA,NA,43,43,K,R,K -> R,rpsL_K43R,rpsL_K43R,Isolate,10,NA,NA,NA,Abbadi2009,NA,Mycobacterium_tuberculosis_NA,rpsL_Mycobacterium_tuberculosis_H37Rv,NA,NA,0
Mycobacterium tuberculosis,NA,NA,rpsL,NA,NA,NA,NA,NA,NA,NA,NA,NA,NA,88,88,K,R,K -> R,rpsL_K88R,rpsL_K88R,Isolate,10,NA,NA,NA,Abbadi2009,NA,Mycobacterium_tuberculosis_NA,rpsL_Mycobacterium_tuberculosis_H37Rv,NA,NA,0
Mycobacterium tuberculosis,NA,NA,rpsL,NA,NA,NA,NA,NA,NA,NA,NA,NA,NA,43,43,K,R,K -> R,rpsL_K43R,rpsL_K43R,Isolate,NA,NA,NA,NA,Al-Mutairi2018,NA,Mycobacterium_tuberculosis_NA,rpsL_Mycobacterium_tuberculosis_H37Rv,NA,NA,0
Mycobacterium tuberculosis,NA,NA,rpsL,NA,NA,NA,NA,NA,NA,NA,NA,NA,NA,88,88,K,R,K -> R,rpsL_K88R,rpsL_K88R,Isolate,NA,NA,NA,NA,Al-Mutairi2018,NA,Mycobacterium_tuberculosis_NA,rpsL_Mycobacterium_tuberculosis_H37Rv,NA,NA,0
Mycobacterium tuberculosis,NA,NA,rpsL,NA,NA,NA,NA,NA,NA,NA,NA,NA,NA,43,43,K,R,K -> R,rpsL_K43R,rpsL_K43R,Isolate,NA,NA,NA,NA,Al-Mutairi2019,NA,Mycobacterium_tuberculosis_NA,rpsL_Mycobacterium_tuberculosis_H37Rv,NA,NA,0
Mycobacterium tuberculosis,NA,NA,rpsL,NA,NA,NA,NA,NA,NA,NA,NA,NA,NA,88,88,K,R,K -> R,rpsL_K88R,rpsL_K88R,Isolate,NA,NA,NA,NA,Al-Mutairi2019,NA,Mycobacterium_tuberculosis_NA,rpsL_Mycobacterium_tuberculosis_H37Rv,NA,NA,0
Mycobacterium tuberculosis,NA,NA,rpsL,128,128,A,G,A -> G,rpsL_A128G,rpsL_A128G,AAG,AGG,AAG -> AGG,43,43,K,R,K -> R,rpsL_K43R,rpsL_K43R,Isolate,NA,NA,NA,NA,Al-Mutairi2024,NA,Mycobacterium_tuberculosis_NA,rpsL_Mycobacterium_tuberculosis_H37Rv,NA,NA,0
Mycobacterium tuberculosis,NA,NA,rpsL,263,263,A,G,A -> G,rpsL_A263G,rpsL_A263G,AAG,AGG,AAG -> AGG,88,88,K,R,K -> R,rpsL_K88R,rpsL_K88R,Isolate,NA,NA,NA,NA,Al-Mutairi2024,NA,Mycobacterium_tuberculosis_NA,rpsL_Mycobacterium_tuberculosis_H37Rv,NA,NA,0
Mycobacterium tuberculosis,NA,NA,rpsL,263,263,A,C,A -> C,rpsL_A263C,rpsL_A263C,AAG,ACG,AAG -> ACG,88,88,K,T,K -> T,rpsL_K88T,rpsL_K88T,Isolate,NA,NA,NA,NA,Al-Mutairi2024,NA,Mycobacterium_tuberculosis_NA,rpsL_Mycobacterium_tuberculosis_H37Rv,NA,NA,0
Mycobacterium tuberculosis,NA,NA,rpsL,263,263,A,T,A -> T,rpsL_A263T,rpsL_A263T,AAG,ATG,AAG -> ATG,88,88,K,M,K -> M,rpsL_K88M,rpsL_K88M,Isolate,NA,NA,NA,NA,Al-Mutairi2024,NA,Mycobacterium_tuberculosis_NA,rpsL_Mycobacterium_tuberculosis_H37Rv,NA,NA,0
Mycobacterium tuberculosis,NA,NA,rpsL,NA,NA,NA,NA,NA,NA,NA,NA,NA,NA,43,43,K,R,K -> R,rpsL_K43R,rpsL_K43R,Isolate,NA,NA,NA,NA,Ali2015,NA,Mycobacterium_tuberculosis_NA,rpsL_Mycobacterium_tuberculosis_H37Rv,NA,NA,0
Mycobacterium tuberculosis,NA,NA,rpsL,NA,NA,NA,NA,NA,NA,NA,NA,NA,NA,88,88,K,R,K -> R,rpsL_K88R,rpsL_K88R,Isolate,NA,NA,NA,NA,Ali2015,NA,Mycobacterium_tuberculosis_NA,rpsL_Mycobacterium_tuberculosis_H37Rv,NA,NA,0
Mycobacterium tuberculosis,NA,NA,rpsL,NA,NA,NA,NA,NA,NA,NA,NA,NA,NA,43,43,K,R,K -> R,rpsL_K43R,rpsL_K43R,Isolate,NA,NA,NA,NA,Anwaierjiang2021,NA,Mycobacterium_tuberculosis_NA,rpsL_Mycobacterium_tuberculosis_H37Rv,NA,NA,0
Mycobacterium tuberculosis,NA,NA,rpsL,NA,NA,NA,NA,NA,NA,NA,NA,NA,NA,88,88,K,R,K -> R,rpsL_K88R,rpsL_K88R,Isolate,NA,NA,NA,NA,Anwaierjiang2021,NA,Mycobacterium_tuberculosis_NA,rpsL_Mycobacterium_tuberculosis_H37Rv,NA,NA,0
Mycobacterium tuberculosis,NA,NA,rpsL,NA,NA,NA,NA,NA,NA,NA,NA,NA,NA,43,43,K,R,K -> R,rpsL_K43R,rpsL_K43R,Isolate,NA,NA,NA,NA,Ballif2012,NA,Mycobacterium_tuberculosis_NA,rpsL_Mycobacterium_tuberculosis_H37Rv,NA,NA,0
Mycobacterium tuberculosis,NA,NA,rpsL,NA,NA,NA,NA,NA,NA,NA,NA,NA,NA,88,88,K,Q,K -> Q,rpsL_K88Q,rpsL_K88Q,Isolate,NA,NA,NA,NA,Ballif2012,NA,Mycobacterium_tuberculosis_NA,rpsL_Mycobacterium_tuberculosis_H37Rv,NA,NA,0
Mycobacterium tuberculosis,NA,NA,rpsL,NA,NA,NA,NA,NA,NA,NA,NA,NA,NA,88,88,K,R,K -> R,rpsL_K88R,rpsL_K88R,Isolate,NA,NA,NA,NA,Ballif2012,NA,Mycobacterium_tuberculosis_NA,rpsL_Mycobacterium_tuberculosis_H37Rv,NA,NA,0
Mycobacterium tuberculosis,NA,NA,rpsL,NA,NA,NA,NA,NA,NA,NA,NA,NA,NA,43,43,K,R,K -> R,rpsL_K43R,rpsL_K43R,Isolate,100,NA,NA,NA,Bauskenieks2015,NA,Mycobacterium_tuberculosis_NA,rpsL_Mycobacterium_tuberculosis_H37Rv,NA,NA,0
Mycobacterium tuberculosis,NA,NA,rpsL,NA,NA,NA,NA,NA,NA,NA,NA,NA,NA,88,88,K,R,K -> R,rpsL_K88R,rpsL_K88R,Isolate,100,NA,NA,NA,Bauskenieks2015,NA,Mycobacterium_tuberculosis_NA,rpsL_Mycobacterium_tuberculosis_H37Rv,NA,NA,0
Mycobacterium tuberculosis,NA,NA,rpsL,NA,NA,NA,NA,NA,NA,NA,NA,NA,NA,43,43,K,R,K -> R,rpsL_K43R,rpsL_K43R,Isolate,NA,NA,NA,all members of this strain family had an identical mutation in codon 43,Bifani2001,NA,Mycobacterium_tuberculosis_NA,rpsL_Mycobacterium_tuberculosis_H37Rv,NA,NA,0
Mycobacterium tuberculosis,NA,NA,rpsL,NA,NA,NA,NA,NA,NA,NA,NA,NA,NA,43,43,K,R,K -> R,rpsL_K43R,rpsL_K43R,Isolate,NA,NA,NA,NA,Borham2022,NA,Mycobacterium_tuberculosis_NA,rpsL_Mycobacterium_tuberculosis_H37Rv,NA,NA,0
Mycobacterium tuberculosis,NA,NA,rpsL,NA,NA,NA,NA,NA,NA,NA,NA,NA,NA,43,43,K,R,K -> R,rpsL_K43R,rpsL_K43R,Isolate,NA,NA,NA,NA,Bouziane2019,NA,Mycobacterium_tuberculosis_NA,rpsL_Mycobacterium_tuberculosis_H37Rv,NA,NA,0
Mycobacterium tuberculosis,NA,NA,rpsL,128,128,A,G,A -> G,rpsL_A128G,rpsL_A128G,AAG,AGG,AAG -> AGG,43,43,K,R,K -> R,rpsL_K43R,rpsL_K43R,Isolate,2048,NA,NA,22 strains had this mutation. High level of resistance. IN VIVO -> Isolate,Brammacharry2014,Le Na Ngo,Mycobacterium_tuberculosis_NA,rpsL_Mycobacterium_tuberculosis_H37Rv,NA,NA,0
Mycobacterium tuberculosis,NA,NA,rpsL,142,142,G,C,G -> C,rpsL_G142C,rpsL_G142C,GCA,CCA,GCA -> CCA,48,48,A,P,A -> P,rpsL_A48P,rpsL_A48P,Isolate,NA,NA,NA,5 strains had this mutation. IN VIVO -> Isolate,Brammacharry2014,Le Na Ngo,Mycobacterium_tuberculosis_NA,rpsL_Mycobacterium_tuberculosis_H37Rv,Codon_original inconsistent with Nt_pos,NA,1
Mycobacterium tuberculosis,NA,NA,rpsL,158,158,C,A,C -> A,rpsL_C158A,rpsL_C158A,GCA,GAA,GCA -> GAA,53,53,A,E,A -> E,rpsL_A53E,rpsL_A53E,Isolate,NA,NA,NA,4 strains had this mutation. IN VIVO -> Isolate,Brammacharry2014,Le Na Ngo,Mycobacterium_tuberculosis_NA,rpsL_Mycobacterium_tuberculosis_H37Rv,Codon_original inconsistent with Nt_pos,NA,1
Mycobacterium tuberculosis,NA,NA,rpsL,221,221,T,G,T -> G,rpsL_T221G,rpsL_T221G,CTA,CGA,CTA -> CGA,74,74,L,R,L -> R,rpsL_L74R,rpsL_L74R,Isolate,NA,NA,NA,3 strains had this mutation. IN VIVO -> Isolate,Brammacharry2014,Le Na Ngo,Mycobacterium_tuberculosis_NA,rpsL_Mycobacterium_tuberculosis_H37Rv,Codon_original inconsistent with Nt_pos,NA,1
Mycobacterium tuberculosis,NA,NA,rpsL,227,227,A,T,A -> T,rpsL_A227T,rpsL_A227T,CAG,CTG,CAG -> CTG,76,76,Q,L,Q -> L,rpsL_Q76L,rpsL_Q76L,Isolate,NA,NA,NA,3 strains had this mutation. IN VIVO -> Isolate,Brammacharry2014,Le Na Ngo,Mycobacterium_tuberculosis_NA,rpsL_Mycobacterium_tuberculosis_H37Rv,Codon_original inconsistent with Nt_pos,AA_original or AA_mutation inconsistent with AA_pos,1
Mycobacterium tuberculosis,NA,NA,rpsL,239,239,T,G,T -> G,rpsL_T239G,rpsL_T239G,GTA,GGA,GTA -> GGA,80,80,V,G,V -> G,rpsL_V80G,rpsL_V80G,Isolate,NA,NA,NA,4 strains had this mutation. IN VIVO -> Isolate,Brammacharry2014,Le Na Ngo,Mycobacterium_tuberculosis_NA,rpsL_Mycobacterium_tuberculosis_H37Rv,Codon_original inconsistent with Nt_pos,NA,1
Mycobacterium tuberculosis,NA,NA,rpsL,NA,NA,NA,NA,NA,NA,NA,AGA,CAA,AGA -> CAA,83,83,R,Q,R -> Q,rpsL_R83Q,rpsL_R83Q,Isolate,1024,NA,NA,11 strains had this mutation. High level of resistance. IN VIVO -> Isolate,Brammacharry2014,Le Na Ngo,Mycobacterium_tuberculosis_NA,rpsL_Mycobacterium_tuberculosis_H37Rv,More than one nucleotide differences between Codon_original and Codon_mutation,NA,1
Mycobacterium tuberculosis,NA,NA,rpsL,257,257,G,C,G -> C,rpsL_G257C,rpsL_G257C,CGA,CCA,CGA -> CCA,86,86,R,P,R -> P,rpsL_R86P,rpsL_R86P,Isolate,NA,NA,NA,4 strains had this mutation. IN VIVO -> Isolate,Brammacharry2014,Le Na Ngo,Mycobacterium_tuberculosis_NA,rpsL_Mycobacterium_tuberculosis_H37Rv,Codon_original inconsistent with Nt_pos,NA,1
Mycobacterium tuberculosis,NA,NA,rpsL,269,269,T,A,T -> A,rpsL_T269A,rpsL_T269A,CTC,CAC,CTC -> CAC,90,90,L,H,L -> H,rpsL_L90H,rpsL_L90H,Isolate,NA,NA,NA,3 strains had this mutation. IN VIVO -> Isolate,Brammacharry2014,Le Na Ngo,Mycobacterium_tuberculosis_NA,rpsL_Mycobacterium_tuberculosis_H37Rv,Codon_original inconsistent with Nt_pos,NA,1
Mycobacterium tuberculosis,NA,NA,rpsL,275,275,G,C,G -> C,rpsL_G275C,rpsL_G275C,GGA,GCA,GGA -> GCA,92,92,G,A,G -> A,rpsL_G92A,rpsL_G92A,Isolate,NA,NA,NA,4 strains had this mutation. IN VIVO -> Isolate,Brammacharry2014,Le Na Ngo,Mycobacterium_tuberculosis_NA,rpsL_Mycobacterium_tuberculosis_H37Rv,Codon_original inconsistent with Nt_pos,NA,1
Mycobacterium tuberculosis,NA,NA,rpsL,283,283,T,C,T -> C,rpsL_T283C,rpsL_T283C,TAC,CAC,TAC -> CAC,95,95,Y,H,Y -> H,rpsL_Y95H,rpsL_Y95H,Isolate,128,NA,NA,9 strains had this mutation. Moderate level of resistance. IN VIVO -> Isolate,Brammacharry2014,Le Na Ngo,Mycobacterium_tuberculosis_NA,rpsL_Mycobacterium_tuberculosis_H37Rv,NA,NA,0
Mycobacterium tuberculosis,NA,NA,rpsL,293,293,T,C,T -> C,rpsL_T293C,rpsL_T293C,ATA,ACA,ATA -> ACA,98,98,I,T,I -> T,rpsL_I98T,rpsL_I98T,Isolate,NA,NA,NA,5 strains had this mutation. IN VIVO -> Isolate,Brammacharry2014,Le Na Ngo,Mycobacterium_tuberculosis_NA,rpsL_Mycobacterium_tuberculosis_H37Rv,Codon_original inconsistent with Nt_pos,NA,1
Mycobacterium tuberculosis,NA,NA,rpsL,128,128,A,G,A -> G,rpsL_A128G,rpsL_A128G,AAG,AGG,AAG -> AGG,43,43,K,R,K -> R,rpsL_K43R,rpsL_K43R,Isolate,NA,NA,21,NA,Bwalya2021,NA,Mycobacterium_tuberculosis_NA,rpsL_Mycobacterium_tuberculosis_H37Rv,NA,NA,0
Mycobacterium tuberculosis,NA,NA,rpsL,263,263,A,G,A -> G,rpsL_A263G,rpsL_A263G,AAG,AGG,AAG -> AGG,88,88,K,R,K -> R,rpsL_K88R,rpsL_K88R,Isolate,NA,NA,8,NA,Bwalya2021,NA,Mycobacterium_tuberculosis_NA,rpsL_Mycobacterium_tuberculosis_H37Rv,NA,NA,0
Mycobacterium tuberculosis,NA,NA,rpsL,262,262,A,C,A -> C,rpsL_A262C,rpsL_A262C,AAG,CAG,AAG -> CAG,88,88,K,Q,K -> Q,rpsL_K88Q,rpsL_K88Q,Isolate,NA,NA,1,NA,Bwalya2021,NA,Mycobacterium_tuberculosis_NA,rpsL_Mycobacterium_tuberculosis_H37Rv,NA,NA,0
Mycobacterium tuberculosis,NA,NA,rpsL,NA,NA,NA,NA,NA,NA,NA,NA,NA,NA,15,15,K,N,K -> N,rpsL_K15N,rpsL_K15N,Isolate,NA,NA,NA,NA,Chen2015,NA,Mycobacterium_tuberculosis_NA,rpsL_Mycobacterium_tuberculosis_H37Rv,NA,NA,0
Mycobacterium tuberculosis,NA,NA,rpsL,NA,NA,NA,NA,NA,NA,NA,NA,NA,NA,43,43,K,R,K -> R,rpsL_K43R,rpsL_K43R,Isolate,NA,NA,NA,NA,Chen2015,NA,Mycobacterium_tuberculosis_NA,rpsL_Mycobacterium_tuberculosis_H37Rv,NA,NA,0
Mycobacterium tuberculosis,NA,NA,rpsL,NA,NA,NA,NA,NA,NA,NA,NA,NA,NA,88,88,K,R,K -> R,rpsL_K88R,rpsL_K88R,Isolate,NA,NA,NA,NA,Chen2015,NA,Mycobacterium_tuberculosis_NA,rpsL_Mycobacterium_tuberculosis_H37Rv,NA,NA,0
Mycobacterium tuberculosis,NA,NA,rpsL,NA,NA,NA,NA,NA,NA,NA,NA,NA,NA,88,88,K,T,K -> T,rpsL_K88T,rpsL_K88T,Isolate,NA,NA,NA,NA,Chen2015,NA,Mycobacterium_tuberculosis_NA,rpsL_Mycobacterium_tuberculosis_H37Rv,NA,NA,0
Mycobacterium tuberculosis,NA,NA,rpsL,NA,NA,NA,NA,NA,NA,NA,NA,NA,NA,43,43,K,R,K -> R,rpsL_K43R,rpsL_K43R,Isolate,NA,NA,NA,31 isolates had this mutation,Cohen2020,NA,Mycobacterium_tuberculosis_NA,rpsL_Mycobacterium_tuberculosis_H37Rv,NA,NA,0
Mycobacterium tuberculosis,NA,NA,rpsL,NA,NA,NA,NA,NA,NA,NA,NA,NA,NA,88,88,K,R,K -> R,rpsL_K88R,rpsL_K88R,Isolate,NA,NA,NA,8 isolates had this mutation,Cohen2020,NA,Mycobacterium_tuberculosis_NA,rpsL_Mycobacterium_tuberculosis_H37Rv,NA,NA,0
Mycobacterium tuberculosis,NA,NA,rpsL,128,128,A,G,A -> G,rpsL_A128G,rpsL_A128G,AAG,AGG,AAG -> AGG,43,43,K,R,K -> R,rpsL_K43R,rpsL_K43R,Isolate,NA,NA,12,NA,Cuevas-Cordoba2013,NA,Mycobacterium_tuberculosis_NA,rpsL_Mycobacterium_tuberculosis_H37Rv,NA,NA,0
Mycobacterium tuberculosis,NA,NA,rpsL,263,263,A,G,A -> G,rpsL_A263G,rpsL_A263G,AAG,AGG,AAG -> AGG,88,88,K,R,K -> R,rpsL_K88R,rpsL_K88R,Isolate,NA,NA,4,NA,Cuevas-Cordoba2013,NA,Mycobacterium_tuberculosis_NA,rpsL_Mycobacterium_tuberculosis_H37Rv,NA,NA,0
Mycobacterium tuberculosis,NA,NA,rpsL,262,262,A,C,A -> C,rpsL_A262C,rpsL_A262C,AAG,CAG,AAG -> CAG,88,88,K,Q,K -> Q,rpsL_K88Q,rpsL_K88Q,Isolate,NA,NA,2,NA,Cuevas-Cordoba2013,NA,Mycobacterium_tuberculosis_NA,rpsL_Mycobacterium_tuberculosis_H37Rv,NA,NA,0
Mycobacterium tuberculosis,NA,NA,rpsL,NA,NA,NA,NA,NA,NA,NA,NA,NA,NA,43,43,K,R,K -> R,rpsL_K43R,rpsL_K43R,Isolate,2048,NA,NA,NA,Das2009,NA,Mycobacterium_tuberculosis_NA,rpsL_Mycobacterium_tuberculosis_H37Rv,NA,NA,0
Mycobacterium tuberculosis,NA,NA,rpsL,NA,NA,NA,NA,NA,NA,NA,NA,NA,NA,88,88,K,R,K -> R,rpsL_K88R,rpsL_K88R,Isolate,2048,NA,NA,NA,Das2009,NA,Mycobacterium_tuberculosis_NA,rpsL_Mycobacterium_tuberculosis_H37Rv,NA,NA,0
Mycobacterium tuberculosis,NA,NA,rpsL,NA,NA,NA,NA,NA,NA,NA,NA,NA,NA,43,43,K,R,K -> R,rpsL_K43R,rpsL_K43R,Isolate,NA,NA,NA,NA,Dobner1997,NA,Mycobacterium_tuberculosis_NA,rpsL_Mycobacterium_tuberculosis_H37Rv,NA,NA,0
Mycobacterium tuberculosis,NA,NA,rpsL,NA,NA,NA,NA,NA,NA,NA,NA,NA,NA,88,88,K,R,K -> R,rpsL_K88R,rpsL_K88R,Isolate,NA,NA,NA,NA,Dobner1997,NA,Mycobacterium_tuberculosis_NA,rpsL_Mycobacterium_tuberculosis_H37Rv,NA,NA,0
Mycobacterium tuberculosis,NA,NA,rpsL,NA,NA,NA,NA,NA,NA,NA,NA,NA,NA,88,88,K,Q,K -> Q,rpsL_K88Q,rpsL_K88Q,Isolate,NA,NA,NA,NA,Dobner1997,NA,Mycobacterium_tuberculosis_NA,rpsL_Mycobacterium_tuberculosis_H37Rv,NA,NA,0
Mycobacterium tuberculosis,NA,NA,rpsL,NA,NA,NA,NA,NA,NA,NA,NA,NA,NA,43,43,K,R,K -> R,rpsL_K43R,rpsL_K43R,Isolate,NA,NA,NA,NA,Dymova2014,NA,Mycobacterium_tuberculosis_NA,rpsL_Mycobacterium_tuberculosis_H37Rv,NA,NA,0
Mycobacterium tuberculosis,NA,NA,rpsL,NA,NA,NA,NA,NA,NA,NA,NA,NA,NA,43,43,K,R,K -> R,rpsL_K43R,rpsL_K43R,Isolate,NA,NA,NA,NA,Feuerriegel2012,NA,Mycobacterium_tuberculosis_NA,rpsL_Mycobacterium_tuberculosis_H37Rv,NA,NA,0
Mycobacterium tuberculosis,NA,NA,rpsL,NA,NA,NA,NA,NA,NA,NA,NA,NA,NA,88,88,K,R,K -> R,rpsL_K88R,rpsL_K88R,Isolate,NA,NA,NA,NA,Feuerriegel2012,NA,Mycobacterium_tuberculosis_NA,rpsL_Mycobacterium_tuberculosis_H37Rv,NA,NA,0
Mycobacterium tuberculosis,NA,NA,rpsL,NA,NA,NA,NA,NA,NA,NA,NA,NA,NA,43,43,K,R,K -> R,rpsL_K43R,rpsL_K43R,Lab-generated,NA,NA,NA,NA,Finken1993,NA,Mycobacterium_tuberculosis_NA,rpsL_Mycobacterium_tuberculosis_H37Rv,NA,NA,0
Mycobacterium tuberculosis,NA,NA,rpsL,NA,NA,NA,NA,NA,NA,NA,NA,NA,NA,88,88,K,R,K -> R,rpsL_K88R,rpsL_K88R,Lab-generated,NA,NA,NA,NA,Finken1993,NA,Mycobacterium_tuberculosis_NA,rpsL_Mycobacterium_tuberculosis_H37Rv,NA,NA,0
Mycobacterium tuberculosis,NA,NA,rpsL,NA,NA,NA,NA,NA,NA,NA,NA,NA,NA,43,43,K,R,K -> R,rpsL_K43R,rpsL_K43R,Isolate,2048,NA,NA,NA,Fukuda1999,NA,Mycobacterium_tuberculosis_NA,rpsL_Mycobacterium_tuberculosis_H37Rv,NA,NA,0
Mycobacterium tuberculosis,NA,NA,rpsL,NA,NA,NA,NA,NA,NA,NA,NA,NA,NA,88,88,K,R,K -> R,rpsL_K88R,rpsL_K88R,Isolate,1024,NA,NA,NA,Fukuda1999,NA,Mycobacterium_tuberculosis_NA,rpsL_Mycobacterium_tuberculosis_H37Rv,NA,NA,0
Mycobacterium tuberculosis,NA,NA,rpsL,NA,NA,NA,NA,NA,NA,NA,NA,NA,NA,88,88,K,Q,K -> Q,rpsL_K88Q,rpsL_K88Q,Isolate,1024,NA,NA,NA,Fukuda1999,NA,Mycobacterium_tuberculosis_NA,rpsL_Mycobacterium_tuberculosis_H37Rv,NA,NA,0
Mycobacterium tuberculosis,NA,NA,rpsL,NA,NA,NA,NA,NA,NA,NA,NA,NA,NA,43,43,K,R,K -> R,rpsL_K43R,rpsL_K43R,Isolate,NA,NA,NA,NA,Gegia2008,NA,Mycobacterium_tuberculosis_NA,rpsL_Mycobacterium_tuberculosis_H37Rv,NA,NA,0
Mycobacterium tuberculosis,NA,NA,rpsL,NA,NA,NA,NA,NA,NA,NA,NA,NA,NA,43,43,K,R,K -> R,rpsL_K43R,rpsL_K43R,Isolate,NA,NA,NA,NA,Hasan2023,NA,Mycobacterium_tuberculosis_NA,rpsL_Mycobacterium_tuberculosis_H37Rv,NA,NA,0
Mycobacterium tuberculosis,NA,NA,rpsL,NA,NA,NA,NA,NA,NA,NA,NA,NA,NA,88,88,K,R,K -> R,rpsL_K88R,rpsL_K88R,Isolate,NA,NA,NA,NA,Hasan2023,NA,Mycobacterium_tuberculosis_NA,rpsL_Mycobacterium_tuberculosis_H37Rv,NA,NA,0
Mycobacterium tuberculosis,NA,NA,rpsL,NA,NA,NA,NA,NA,NA,NA,NA,NA,NA,88,88,K,M,K -> M,rpsL_K88M,rpsL_K88M,Isolate,NA,NA,NA,NA,Hasan2023,NA,Mycobacterium_tuberculosis_NA,rpsL_Mycobacterium_tuberculosis_H37Rv,NA,NA,0
Mycobacterium tuberculosis,NA,NA,rpsL,NA,NA,NA,NA,NA,NA,NA,NA,NA,NA,88,88,K,T,K -> T,rpsL_K88T,rpsL_K88T,Isolate,NA,NA,NA,NA,Hasan2023,NA,Mycobacterium_tuberculosis_NA,rpsL_Mycobacterium_tuberculosis_H37Rv,NA,NA,0
Mycobacterium tuberculosis,NA,NA,rpsL,128,128,A,G,A -> G,rpsL_A128G,rpsL_A128G,AAG,AGG,AAG -> AGG,43,43,K,R,K -> R,rpsL_K43R,rpsL_K43R,Isolate,NA,NA,NA,NA,Hlaing2017,NA,Mycobacterium_tuberculosis_NA,rpsL_Mycobacterium_tuberculosis_H37Rv,NA,NA,0
Mycobacterium tuberculosis,NA,NA,rpsL,263,263,A,C,A -> C,rpsL_A263C,rpsL_A263C,AAG,ACG,AAG -> ACG,88,88,K,T,K -> T,rpsL_K88T,rpsL_K88T,Isolate,NA,NA,NA,These mutations were found in SM resistance MDR (multidrug-resistant).,Hlaing2017,NA,Mycobacterium_tuberculosis_NA,rpsL_Mycobacterium_tuberculosis_H37Rv,NA,NA,0
Mycobacterium tuberculosis,NA,NA,rpsL,263,263,A,G,A -> G,rpsL_A263G,rpsL_A263G,AAG,AGG,AAG -> AGG,88,88,K,R,K -> R,rpsL_K88R,rpsL_K88R,Isolate,NA,NA,NA,These mutations were found in SM resistance MDR (multidrug-resistant).,Hlaing2017,NA,Mycobacterium_tuberculosis_NA,rpsL_Mycobacterium_tuberculosis_H37Rv,NA,NA,0
Mycobacterium tuberculosis,NA,NA,rpsL,128,128,A,G,A -> G,rpsL_A128G,rpsL_A128G,AAG,AGG,AAG -> AGG,43,43,K,R,K -> R,rpsL_K43R,rpsL_K43R,Isolate,NA,NA,NA,63 strains had this mutation,Huy2023,NA,Mycobacterium_tuberculosis_NA,rpsL_Mycobacterium_tuberculosis_H37Rv,NA,NA,0
Mycobacterium tuberculosis,NA,NA,rpsL,129,129,G,T,G -> T,rpsL_G129T,rpsL_G129T,AAG,AAT,AAG -> AAT,43,43,K,N,K -> N,rpsL_K43N,rpsL_K43N,Isolate,NA,NA,NA,1 strain had this mutation,Huy2023,NA,Mycobacterium_tuberculosis_NA,rpsL_Mycobacterium_tuberculosis_H37Rv,NA,NA,0
Mycobacterium tuberculosis,NA,NA,rpsL,263,263,A,G,A -> G,rpsL_A263G,rpsL_A263G,AAG,AGG,AAG -> AGG,88,88,K,R,K -> R,rpsL_K88R,rpsL_K88R,Isolate,NA,NA,NA,32 strains had this mutation,Huy2023,NA,Mycobacterium_tuberculosis_NA,rpsL_Mycobacterium_tuberculosis_H37Rv,NA,NA,0
Mycobacterium tuberculosis,NA,NA,rpsL,263,263,A,T,A -> T,rpsL_A263T,rpsL_A263T,AAG,ATG,AAG -> ATG,88,88,K,M,K -> M,rpsL_K88M,rpsL_K88M,Isolate,NA,NA,NA,4 strains had this mutation,Huy2023,NA,Mycobacterium_tuberculosis_NA,rpsL_Mycobacterium_tuberculosis_H37Rv,NA,NA,0
Mycobacterium tuberculosis,NA,NA,rpsL,263,263,A,C,A -> C,rpsL_A263C,rpsL_A263C,AAG,ACG,AAG -> ACG,88,88,K,T,K -> T,rpsL_K88T,rpsL_K88T,Isolate,NA,NA,NA,1 strain had this mutation,Huy2023,NA,Mycobacterium_tuberculosis_NA,rpsL_Mycobacterium_tuberculosis_H37Rv,NA,NA,0
Mycobacterium tuberculosis,NA,NA,rpsL,128,128,A,G,A -> G,rpsL_A128G,rpsL_A128G,AAG,AGG,AAG -> AGG,43,43,K,R,K -> R,rpsL_K43R,rpsL_K43R,Isolate,NA,NA,NA,NA,Islam2020,NA,Mycobacterium_tuberculosis_NA,rpsL_Mycobacterium_tuberculosis_H37Rv,NA,NA,0
Mycobacterium tuberculosis,NA,NA,rpsL,128,128,A,C,A -> C,rpsL_A128C,rpsL_A128C,AAG,ACG,AAG -> ACG,43,43,K,T,K -> T,rpsL_K43T,rpsL_K43T,Isolate,NA,NA,NA,NA,Islam2020,NA,Mycobacterium_tuberculosis_NA,rpsL_Mycobacterium_tuberculosis_H37Rv,NA,NA,0
Mycobacterium tuberculosis,NA,NA,rpsL,263,263,A,C,A -> C,rpsL_A263C,rpsL_A263C,AAG,ACG,AAG -> ACG,88,88,K,T,K -> T,rpsL_K88T,rpsL_K88T,Isolate,NA,NA,NA,NA,Islam2020,NA,Mycobacterium_tuberculosis_NA,rpsL_Mycobacterium_tuberculosis_H37Rv,NA,NA,0
Mycobacterium tuberculosis,NA,NA,rpsL,NA,NA,NA,NA,NA,NA,NA,NA,NA,NA,43,43,K,R,K -> R,rpsL_K43R,rpsL_K43R,Isolate,NA,NA,NA,NA,Jabbar2019,NA,Mycobacterium_tuberculosis_NA,rpsL_Mycobacterium_tuberculosis_H37Rv,NA,NA,0
Mycobacterium tuberculosis,NA,NA,rpsL,NA,NA,NA,NA,NA,NA,NA,NA,NA,NA,88,88,K,R,K -> R,rpsL_K88R,rpsL_K88R,Isolate,NA,NA,NA,NA,Jabbar2019,NA,Mycobacterium_tuberculosis_NA,rpsL_Mycobacterium_tuberculosis_H37Rv,NA,NA,0
Mycobacterium tuberculosis,NA,NA,rpsL,NA,NA,NA,NA,NA,NA,NA,NA,NA,NA,19,19,V,F,V -> F,rpsL_V19F,rpsL_V19F,Isolate,NA,NA,NA,"mutations V19F and R86W were rare, and seen among both streptomycin sensitive (SMS) andstreptomycin resistant (SMR) isolates",Mahrouqi2022,NA,Mycobacterium_tuberculosis_NA,rpsL_Mycobacterium_tuberculosis_H37Rv,NA,NA,0
Mycobacterium tuberculosis,NA,NA,rpsL,NA,NA,NA,NA,NA,NA,NA,NA,NA,NA,43,43,K,R,K -> R,rpsL_K43R,rpsL_K43R,Isolate,NA,NA,NA,"mutation K43R was frequent, found in 45% of SMR isolates",Mahrouqi2022,NA,Mycobacterium_tuberculosis_NA,rpsL_Mycobacterium_tuberculosis_H37Rv,NA,NA,0
Mycobacterium tuberculosis,NA,NA,rpsL,NA,NA,NA,NA,NA,NA,NA,NA,NA,NA,86,86,R,W,R -> W,rpsL_R86W,rpsL_R86W,Isolate,NA,NA,NA,"mutations V19F and R86W were rare, and seen among both streptomycin sensitive (SMS) andstreptomycin resistant (SMR) isolates",Mahrouqi2022,NA,Mycobacterium_tuberculosis_NA,rpsL_Mycobacterium_tuberculosis_H37Rv,NA,NA,0
Mycobacterium tuberculosis,4649/83,NA,rpsL,NA,NA,NA,NA,NA,NA,NA,NA,NA,NA,43,43,K,R,K -> R,rpsL_K43R,rpsL_K43R,Isolate,1000,NA,NA,"Clinical isolates of M. tuberculosis studied included 8 strains with an altered rpsL, 6 with point mutations in the 530 region of the 16S rRNA gene (rrs), and 5 strains with wild-type rpsL and rrs. (added here the strains with rpsL mutations)",Meier1996,NA,Mycobacterium_tuberculosis_4649/83,rpsL_Mycobacterium_tuberculosis_H37Rv,NA,NA,0
Mycobacterium tuberculosis,4513/83,NA,rpsL,NA,NA,NA,NA,NA,NA,NA,NA,NA,NA,43,43,K,R,K -> R,rpsL_K43R,rpsL_K43R,Isolate,1000,NA,NA,"Clinical isolates of M. tuberculosis studied included 8 strains with an altered rpsL, 6 with point mutations in the 530 region of the 16S rRNA gene (rrs), and 5 strains with wild-type rpsL and rrs. (added here the strains with rpsL mutations)",Meier1996,NA,Mycobacterium_tuberculosis_4513/83,rpsL_Mycobacterium_tuberculosis_H37Rv,NA,NA,0
Mycobacterium tuberculosis,5141/83,NA,rpsL,NA,NA,NA,NA,NA,NA,NA,NA,NA,NA,43,43,K,R,K -> R,rpsL_K43R,rpsL_K43R,Isolate,1000,NA,NA,"Clinical isolates of M. tuberculosis studied included 8 strains with an altered rpsL, 6 with point mutations in the 530 region of the 16S rRNA gene (rrs), and 5 strains with wild-type rpsL and rrs. (added here the strains with rpsL mutations)",Meier1996,NA,Mycobacterium_tuberculosis_5141/83,rpsL_Mycobacterium_tuberculosis_H37Rv,NA,NA,0
Mycobacterium tuberculosis,3626/83,NA,rpsL,NA,NA,NA,NA,NA,NA,NA,NA,NA,NA,43,43,K,R,K -> R,rpsL_K43R,rpsL_K43R,Isolate,1000,NA,NA,"Clinical isolates of M. tuberculosis studied included 8 strains with an altered rpsL, 6 with point mutations in the 530 region of the 16S rRNA gene (rrs), and 5 strains with wild-type rpsL and rrs. (added here the strains with rpsL mutations)",Meier1996,NA,Mycobacterium_tuberculosis_3626/83,rpsL_Mycobacterium_tuberculosis_H37Rv,NA,NA,0
Mycobacterium tuberculosis,11966/89,NA,rpsL,NA,NA,NA,NA,NA,NA,NA,NA,NA,NA,88,88,K,R,K -> R,rpsL_K88R,rpsL_K88R,Isolate,250-500,NA,NA,"Clinical isolates of M. tuberculosis studied included 8 strains with an altered rpsL, 6 with point mutations in the 530 region of the 16S rRNA gene (rrs), and 5 strains with wild-type rpsL and rrs. (added here the strains with rpsL mutations)",Meier1996,NA,Mycobacterium_tuberculosis_11966/89,rpsL_Mycobacterium_tuberculosis_H37Rv,NA,NA,0
Mycobacterium tuberculosis,3555/83,NA,rpsL,NA,NA,NA,NA,NA,NA,NA,NA,NA,NA,88,88,K,R,K -> R,rpsL_K88R,rpsL_K88R,Isolate,500-1000,NA,NA,"Clinical isolates of M. tuberculosis studied included 8 strains with an altered rpsL, 6 with point mutations in the 530 region of the 16S rRNA gene (rrs), and 5 strains with wild-type rpsL and rrs. (added here the strains with rpsL mutations)",Meier1996,NA,Mycobacterium_tuberculosis_3555/83,rpsL_Mycobacterium_tuberculosis_H37Rv,NA,NA,0
Mycobacterium tuberculosis,K8/94,NA,rpsL,NA,NA,NA,NA,NA,NA,NA,NA,NA,NA,88,88,K,R,K -> R,rpsL_K88R,rpsL_K88R,Isolate,1000,NA,NA,"Clinical isolates of M. tuberculosis studied included 8 strains with an altered rpsL, 6 with point mutations in the 530 region of the 16S rRNA gene (rrs), and 5 strains with wild-type rpsL and rrs. (added here the strains with rpsL mutations)",Meier1996,NA,Mycobacterium_tuberculosis_K8/94,rpsL_Mycobacterium_tuberculosis_H37Rv,NA,NA,0
Mycobacterium tuberculosis,K11/94,NA,rpsL,NA,NA,NA,NA,NA,NA,NA,NA,NA,NA,88,88,K,R,K -> R,rpsL_K88R,rpsL_K88R,Isolate,1000,NA,NA,"Clinical isolates of M. tuberculosis studied included 8 strains with an altered rpsL, 6 with point mutations in the 530 region of the 16S rRNA gene (rrs), and 5 strains with wild-type rpsL and rrs. (added here the strains with rpsL mutations)",Meier1996,NA,Mycobacterium_tuberculosis_K11/94,rpsL_Mycobacterium_tuberculosis_H37Rv,NA,NA,0
Mycobacterium tuberculosis,NA,NA,rpsL,128,128,A,G,A -> G,rpsL_A128G,rpsL_A128G,AAG,AGG,AAG -> AGG,43,43,K,R,K -> R,rpsL_K43R,rpsL_K43R,Isolate,NA,NA,NA,90 isolates had this mutation,Oo2018,NA,Mycobacterium_tuberculosis_NA,rpsL_Mycobacterium_tuberculosis_H37Rv,NA,NA,0
Mycobacterium tuberculosis,NA,NA,rpsL,256,256,C,G,C -> G,rpsL_C256G,rpsL_C256G,CGG,GGG,CGG -> GGG,86,86,R,G,R -> G,rpsL_R86G,rpsL_R86G,Isolate,NA,NA,NA,1 isolate had this mutation,Oo2018,NA,Mycobacterium_tuberculosis_NA,rpsL_Mycobacterium_tuberculosis_H37Rv,NA,NA,0
Mycobacterium tuberculosis,NA,NA,rpsL,263,263,A,G,A -> G,rpsL_A263G,rpsL_A263G,AAG,AGG,AAG -> AGG,88,88,K,R,K -> R,rpsL_K88R,rpsL_K88R,Isolate,NA,NA,NA,6 isolates had this mutation,Oo2018,NA,Mycobacterium_tuberculosis_NA,rpsL_Mycobacterium_tuberculosis_H37Rv,NA,NA,0
Mycobacterium tuberculosis,NA,NA,rpsL,263,263,A,T,A -> T,rpsL_A263T,rpsL_A263T,AAG,ATG,AAG -> ATG,88,88,K,M,K -> M,rpsL_K88M,rpsL_K88M,Isolate,NA,NA,NA,1 isolate had this mutation,Oo2018,NA,Mycobacterium_tuberculosis_NA,rpsL_Mycobacterium_tuberculosis_H37Rv,NA,NA,0
Mycobacterium tuberculosis,NA,NA,rpsL,353,353,G,A,G -> A,rpsL_G353A,rpsL_G353A,GGC,GAC,GGC -> GAC,118,118,G,D,G -> D,rpsL_G118D,rpsL_G118D,Isolate,NA,NA,NA,NA,Shrestha2020,Le  Na Ngo,Mycobacterium_tuberculosis_NA,rpsL_Mycobacterium_tuberculosis_H37Rv,NA,NA,0
Mycobacterium tuberculosis,NA,NA,rpsL,128,128,A,G,A -> G,rpsL_A128G,rpsL_A128G,AAG,AGG,AAG -> AGG,43,43,K,R,K -> R,rpsL_K43R,rpsL_K43R,Isolate,Not given?,NA,NA,"Most common mutation, exhibited by 58.8% of the rpsL mutants in this study.",Shrestha2020,Le  Na Ngo,Mycobacterium_tuberculosis_NA,rpsL_Mycobacterium_tuberculosis_H37Rv,NA,NA,0
Mycobacterium tuberculosis,NA,NA,rpsL,263,263,A,G,A -> G,rpsL_A263G,rpsL_A263G,AAG,AGG,AAG -> AGG,88,88,K,R,K -> R,rpsL_K88R,rpsL_K88R,Isolate,NA,NA,NA,Origin: add Isolate,Shrestha2020,Le  Na Ngo,Mycobacterium_tuberculosis_NA,rpsL_Mycobacterium_tuberculosis_H37Rv,NA,NA,0
Mycobacterium tuberculosis,NA,NA,rpsL,128,128,A,G,A -> G,rpsL_A128G,rpsL_A128G,AAG,AGG,AAG -> AGG,43,43,K,R,K -> R,rpsL_K43R,rpsL_K43R,Isolate,200,NA,NA,Two of eight resistant isolates from Japan exhibited this mutation. Origin: IN VIVO -> Isolate,Sreevatsan1996,Le Na Ngo,Mycobacterium_tuberculosis_NA,rpsL_Mycobacterium_tuberculosis_H37Rv,NA,NA,0
Mycobacterium tuberculosis,NA,NA,rpsL,262,262,A,C,A -> C,rpsL_A262C,rpsL_A262C,AAG,CAG,AAG -> CAG,88,88,K,Q,K -> Q,rpsL_K88Q,rpsL_K88Q,Isolate,NA,NA,NA,Two of eight resistant isolates from Japan exhibited this mutation. Origin: IN VIVO -> Isolate,Sreevatsan1996,Le Na Ngo,Mycobacterium_tuberculosis_NA,rpsL_Mycobacterium_tuberculosis_H37Rv,NA,NA,0
Mycobacterium tuberculosis,NA,NA,rpsL,263,263,A,G,A -> G,rpsL_A263G,rpsL_A263G,AAG,AGG,AAG -> AGG,88,88,K,R,K -> R,rpsL_K88R,rpsL_K88R,Isolate,NA,NA,NA,One isolate from Vietnam had this mutation. Origin: IN VIVO -> Isolate,Sreevatsan1996,Le Na Ngo,Mycobacterium_tuberculosis_NA,rpsL_Mycobacterium_tuberculosis_H37Rv,NA,NA,0
Mycobacterium tuberculosis,NA,NA,rpsL,26,26,G,A,G -> A,rpsL_G26A,rpsL_G26A,CGC,CAC,CGC -> CAC,9,9,R,H,R -> H,rpsL_R9H,rpsL_R9H,Isolate,NA,NA,NA,One isolate from Hong Kong had this mutation as well as the mutation in codon 43 above. Unknown significance of this mutation in terms of resistance since it has been paired with a mutation in codon 43 (which is known to confer Streptomycin resistance). Origin: IN VIVO -> Isolate,Sreevatsan1996,Le Na Ngo,Mycobacterium_tuberculosis_NA,rpsL_Mycobacterium_tuberculosis_H37Rv,NA,NA,0
Mycobacterium tuberculosis,NA,NA,rpsL,277,277,G,A,G -> A,rpsL_G277A,rpsL_G277A,GTG,ATG,GTG -> ATG,93,93,V,M,V -> M,rpsL_V93M,rpsL_V93M,Isolate,NA,NA,NA,One isolate from Vietnam had this mutation as well as the mutation above. Unknown significance in terms of resistance since this was paired with a mutation in codon 88 (which is known to confer Streptomycin resistance). Origin: IN VIVO -> Isolate,Sreevatsan1996,Le Na Ngo,Mycobacterium_tuberculosis_NA,rpsL_Mycobacterium_tuberculosis_H37Rv,NA,NA,0
Mycobacterium tuberculosis,NA,NA,rpsL,128,128,A,G,A -> G,rpsL_A128G,rpsL_A128G,AAG,AGG,AAG -> AGG,43,43,K,R,K -> R,rpsL_K43R,rpsL_K43R,Isolate,NA,NA,NA,59/104 (56.7%) had this mutation,Wang2011,NA,Mycobacterium_tuberculosis_NA,rpsL_Mycobacterium_tuberculosis_H37Rv,NA,NA,0
Mycobacterium tuberculosis,NA,NA,rpsL,263,263,A,G,A -> G,rpsL_A263G,rpsL_A263G,AAG,AGG,AAG -> AGG,88,88,K,R,K -> R,rpsL_K88R,rpsL_K88R,Isolate,NA,NA,NA,23/104 (22.1%) had this mutation,Wang2011,NA,Mycobacterium_tuberculosis_NA,rpsL_Mycobacterium_tuberculosis_H37Rv,NA,NA,0
Mycobacterium tuberculosis,NA,NA,rpsL,128,128,A,G,A -> G,rpsL_A128G,rpsL_A128G,AAG,AGG,AAG -> AGG,43,43,K,R,K -> R,rpsL_K43R,rpsL_K43R,Isolate,NA,NA,NA,115 STR-R isolates had this mutation. 4 STR-S isolates had this mutation.,Wang2019a,NA,Mycobacterium_tuberculosis_NA,rpsL_Mycobacterium_tuberculosis_H37Rv,NA,NA,0
Mycobacterium tuberculosis,NA,NA,rpsL,128,128,A,C,A -> C,rpsL_A128C,rpsL_A128C,AAG,ACG,AAG -> ACG,43,43,K,T,K -> T,rpsL_K43T,rpsL_K43T,Isolate,NA,NA,NA,1 STR-R isolate found with this mutation. 66 MDR-TB isolates found.,Wang2019a,NA,Mycobacterium_tuberculosis_NA,rpsL_Mycobacterium_tuberculosis_H37Rv,NA,NA,0
Mycobacterium tuberculosis,NA,NA,rpsL,128,128,A,T,A -> T,rpsL_A128T,rpsL_A128T,AAG,ATG,AAG -> ATG,43,43,K,M,K -> M,rpsL_K43M,rpsL_K43M,Isolate,NA,NA,NA,"I STR-S, 1 STR-R, and I MDR-TB isolates found with this mutation.",Wang2019a,NA,Mycobacterium_tuberculosis_NA,rpsL_Mycobacterium_tuberculosis_H37Rv,NA,NA,0
Mycobacterium tuberculosis,NA,NA,rpsL,129,129,G,T,G -> T,rpsL_G129T,rpsL_G129T,AAG,AAT,AAG -> AAT,43,43,K,N,K -> N,rpsL_K43N,rpsL_K43N,Isolate,NA,NA,NA,1 STR-R isolate found.,Wang2019a,NA,Mycobacterium_tuberculosis_NA,rpsL_Mycobacterium_tuberculosis_H37Rv,NA,NA,0
Mycobacterium tuberculosis,NA,NA,rpsL,262,262,A,C,A -> C,rpsL_A262C,rpsL_A262C,AAG,CAG,AAG -> CAG,88,88,K,Q,K -> Q,rpsL_K88Q,rpsL_K88Q,Isolate,NA,NA,NA,"1 STR-S, 1 STR-R, and 1 MDR-TB isolate was found.",Wang2019a,NA,Mycobacterium_tuberculosis_NA,rpsL_Mycobacterium_tuberculosis_H37Rv,NA,NA,0
Mycobacterium tuberculosis,NA,NA,rpsL,263,263,A,G,A -> G,rpsL_A263G,rpsL_A263G,AAG,AGG,AAG -> AGG,88,88,K,R,K -> R,rpsL_K88R,rpsL_K88R,Isolate,NA,NA,NA,"2 STR-S, 17 STR-R, and 7 MDR-TB isolates were found.",Wang2019a,NA,Mycobacterium_tuberculosis_NA,rpsL_Mycobacterium_tuberculosis_H37Rv,NA,NA,0
Mycobacterium tuberculosis variant bovis,NA,NA,rpsL,NA,NA,NA,NA,NA,NA,NA,NA,NA,NA,43,43,K,R,K -> R,rpsL_K43R,rpsL_K43R,Lab-generated,NA,NA,NA,NA,Danchuk2020,NA,Mycobacterium_tuberculosis_variant_bovis_NA,rpsL_Mycobacterium_tuberculosis_H37Rv,NA,NA,0
Mycobacterium tuberculosis variant bovis,NA,NA,rpsL,128,128,A,G,A -> G,rpsL_A128G,rpsL_A128G,AAG,AGG,AAG -> AGG,43,43,K,R,K -> R,rpsL_K43R,rpsL_K43R,Isolate,NA,NA,NA,NA,Djemal2018,NA,Mycobacterium_tuberculosis_variant_bovis_NA,rpsL_Mycobacterium_tuberculosis_H37Rv,NA,NA,0
Mycobacterium tuberculosis variant bovis,NA,NA,rpsL,165,165,T,C,T -> C,rpsL_T165C,rpsL_T165C,GTG,GTC,GTG -> GTC,55,55,V,V,V -> V,rpsL_V55V,rpsL_V55V,Isolate,NA,NA,NA,NA,Soliman2024,NA,Mycobacterium_tuberculosis_variant_bovis_NA,rpsL_Mycobacterium_tuberculosis_H37Rv,NA,NA,0
Mycolicibacterium smegmatis,NA,NA,rpsL,NA,NA,NA,NA,NA,NA,NA,NA,NA,NA,42,42,K,R,K -> R,rpsL_K42R,rpsL_K42R,Lab-generated,200,NA,NA,NA,Springer2001,NA,Mycolicibacterium_smegmatis_NA,rpsL_Mycolicibacterium_smegmatis_Jucho,NA,AA_original or AA_mutation inconsistent with AA_pos,1
Mycolicibacterium smegmatis,NA,NA,rpsL,NA,NA,NA,NA,NA,NA,NA,NA,NA,NA,42,42,K,N,K -> N,rpsL_K42N,rpsL_K42N,Lab-generated,200,NA,NA,NA,Springer2001,NA,Mycolicibacterium_smegmatis_NA,rpsL_Mycolicibacterium_smegmatis_Jucho,NA,AA_original or AA_mutation inconsistent with AA_pos,1
Mycolicibacterium smegmatis,NA,NA,rpsL,NA,NA,NA,NA,NA,NA,NA,NA,NA,NA,42,42,K,T,K -> T,rpsL_K42T,rpsL_K42T,Lab-generated,200,NA,NA,NA,Springer2001,NA,Mycolicibacterium_smegmatis_NA,rpsL_Mycolicibacterium_smegmatis_Jucho,NA,AA_original or AA_mutation inconsistent with AA_pos,1
Mycolicibacterium smegmatis,NA,NA,rpsL,NA,NA,NA,NA,NA,NA,NA,NA,NA,NA,87,87,K,E,K -> E,rpsL_K87E,rpsL_K87E,Lab-generated,200,NA,NA,NA,Springer2001,NA,Mycolicibacterium_smegmatis_NA,rpsL_Mycolicibacterium_smegmatis_Jucho,NA,AA_original or AA_mutation inconsistent with AA_pos,1
Mycolicibacterium smegmatis,NA,NA,rpsL,NA,NA,NA,NA,NA,NA,NA,NA,NA,NA,87,87,K,R,K -> R,rpsL_K87R,rpsL_K87R,Lab-generated,200,NA,NA,NA,Springer2001,NA,Mycolicibacterium_smegmatis_NA,rpsL_Mycolicibacterium_smegmatis_Jucho,NA,AA_original or AA_mutation inconsistent with AA_pos,1
Paenibacillus agaridevorans,NA,NA,rpsL,301,262,A,G,A -> G,rpsL_A301G,rpsL_A262G,AAG,GAG,AAG -> GAG,101,88,K,E,K -> E,rpsL_K101E,rpsL_K88E,Lab-generated,NA,NA,NA,NA,Funane2018,NA,Paenibacillus_agaridevorans_NA,rpsL_Paenibacillus_agaridevorans_HCL2020,NA,NA,0
Paenibacillus agaridevorans,NA,NA,rpsL,302,263,A,G,A -> G,rpsL_A302G,rpsL_A263G,AAG,AGG,AAG -> AGG,101,88,K,R,K -> R,rpsL_K101R,rpsL_K88R,Lab-generated,NA,NA,NA,NA,Funane2018,NA,Paenibacillus_agaridevorans_NA,rpsL_Paenibacillus_agaridevorans_HCL2020,NA,NA,0
Paenibacillus agaridevorans,NA,NA,rpsL,302,263,A,T,A -> T,rpsL_A302T,rpsL_A263T,AAG,ATG,AAG -> ATG,101,88,K,M,K -> M,rpsL_K101M,rpsL_K88M,Lab-generated,NA,NA,NA,NA,Funane2018,NA,Paenibacillus_agaridevorans_NA,rpsL_Paenibacillus_agaridevorans_HCL2020,NA,NA,0
Paenibacillus agaridevorans,NA,NA,rpsL,314,275,G,A,G -> A,rpsL_G314A,rpsL_G275A,GGT,GAT,GGT -> GAT,105,92,G,D,G -> D,rpsL_G105D,rpsL_G92D,Lab-generated,NA,NA,NA,NA,Funane2018,NA,Paenibacillus_agaridevorans_NA,rpsL_Paenibacillus_agaridevorans_HCL2020,NA,NA,0
Paenibacillus agaridevorans,NA,NA,rpsL,167,128,A,G,A -> G,rpsL_A167G,rpsL_A128G,AAA,AGA,AAA -> AGA,56,43,K,R,K -> R,rpsL_K56R,rpsL_K43R,Lab-generated,NA,NA,NA,"The rsmG, rpsL, and rpoB genes were each amplified by PCR, using the genomic DNA of each mutant strain as a template, synthetic oligonucleotide primers designed on the basis of sequences in several Bacillus strains",Funane2018,NA,Paenibacillus_agaridevorans_NA,rpsL_Paenibacillus_agaridevorans_HCL2020,NA,NA,0
Paenibacillus agaridevorans,NA,NA,rpsL,192,153,G,T,G -> T,rpsL_G192T,rpsL_G153T,AAG,AAT,AAG -> AAT,64,51,K,N,K -> N,rpsL_K64N,rpsL_K51N,Lab-generated,NA,NA,NA,NA,Funane2018,NA,Paenibacillus_agaridevorans_NA,rpsL_Paenibacillus_agaridevorans_HCL2020,NA,NA,0
Pectobacterium carotovorum,M10,NA,rpsL,NA,NA,NA,NA,NA,NA,NA,NA,NA,NA,43,43,K,R,K -> R,rpsL_K43R,rpsL_K43R,Lab-generated,512,NA,NA,Pectobacterium carotovorum is synonym for Erwinia carotovora which was mentioned in the paper.,Barnard2010,NA,Pectobacterium_carotovorum_M10,rpsL_Pectobacterium_carotovorum_WPP14,NA,NA,0
Pseudomonas putida,NA,NA,rpsL,263,263,A,G,A -> G,rpsL_A263G,rpsL_A263G,AAA,AGA,AAA -> AGA,88,88,K,R,K -> R,rpsL_K88R,rpsL_K88R,Isolate,NA,NA,NA,NA,Hosokawa2002,NA,Pseudomonas_putida_NA,rpsL_Pseudomonas_putida_NBRC_14164,NA,NA,0
Riemerella anatipestifer,NA,NA,rpsL,NA,NA,NA,NA,NA,NA,NA,NA,NA,NA,43,43,K,R,K -> R,rpsL_K43R,rpsL_K43R,Lab-generated,NA,NA,NA,NA,Liu2019,NA,Riemerella_anatipestifer_NA,rpsL_Riemerella_anatipestifer_DSM_15868,NA,NA,0
Saccharopolyspora erythraea,NRRL2338,NA,rpsL,NA,NA,NA,NA,NA,NA,NA,NA,NA,NA,41,41,T,I,T -> I,rpsL_T41I,rpsL_T41I,Lab-generated,NA,NA,NA,NA,Tanaka2009,NA,Saccharopolyspora_erythraea_NRRL2338,rpsL_Saccharopolyspora_erythraea_NRRL_2338,NA,NA,0
Saccharopolyspora erythraea,NRRL2338,NA,rpsL,NA,NA,NA,NA,NA,NA,NA,NA,NA,NA,42,42,P,A,P -> A,rpsL_P42A,rpsL_P42A,Lab-generated,NA,NA,NA,NA,Tanaka2009,NA,Saccharopolyspora_erythraea_NRRL2338,rpsL_Saccharopolyspora_erythraea_NRRL_2338,NA,NA,0
Saccharopolyspora erythraea,NRRL2338,NA,rpsL,NA,NA,NA,NA,NA,NA,NA,NA,NA,NA,43,43,K,R,K -> R,rpsL_K43R,rpsL_K43R,Lab-generated,NA,NA,NA,NA,Tanaka2009,NA,Saccharopolyspora_erythraea_NRRL2338,rpsL_Saccharopolyspora_erythraea_NRRL_2338,NA,NA,0
Saccharopolyspora erythraea,NRRL2338,NA,rpsL,NA,NA,NA,NA,NA,NA,NA,NA,NA,NA,43,43,K,N,K -> N,rpsL_K43N,rpsL_K43N,Lab-generated,NA,NA,NA,NA,Tanaka2009,NA,Saccharopolyspora_erythraea_NRRL2338,rpsL_Saccharopolyspora_erythraea_NRRL_2338,NA,NA,0
Saccharopolyspora erythraea,NRRL2338,NA,rpsL,NA,NA,NA,NA,NA,NA,NA,NA,NA,NA,44,44,K,N,K -> N,rpsL_K44N,rpsL_K44N,Lab-generated,NA,NA,NA,NA,Tanaka2009,NA,Saccharopolyspora_erythraea_NRRL2338,rpsL_Saccharopolyspora_erythraea_NRRL_2338,NA,NA,0
Saccharopolyspora erythraea,NRRL2338,NA,rpsL,NA,NA,NA,NA,NA,NA,NA,NA,NA,NA,86,86,R,C,R -> C,rpsL_R86C,rpsL_R86C,Lab-generated,NA,NA,NA,NA,Tanaka2009,NA,Saccharopolyspora_erythraea_NRRL2338,rpsL_Saccharopolyspora_erythraea_NRRL_2338,NA,NA,0
Saccharopolyspora erythraea,NRRL2338,NA,rpsL,NA,NA,NA,NA,NA,NA,NA,NA,NA,NA,88,88,K,R,K -> R,rpsL_K88R,rpsL_K88R,Lab-generated,NA,NA,NA,NA,Tanaka2009,NA,Saccharopolyspora_erythraea_NRRL2338,rpsL_Saccharopolyspora_erythraea_NRRL_2338,NA,NA,0
Saccharopolyspora erythraea,NRRL2338,NA,rpsL,NA,NA,NA,NA,NA,NA,NA,NA,NA,NA,91,91,P,H,P -> H,rpsL_P91H,rpsL_P91H,Lab-generated,NA,NA,NA,NA,Tanaka2009,NA,Saccharopolyspora_erythraea_NRRL2338,rpsL_Saccharopolyspora_erythraea_NRRL_2338,NA,NA,0
Saccharopolyspora erythraea,NRRL2338,NA,rpsL,NA,NA,NA,NA,NA,NA,NA,NA,NA,NA,92,92,G,R,G -> R,rpsL_G92R,rpsL_G92R,Lab-generated,NA,NA,NA,NA,Tanaka2009,NA,Saccharopolyspora_erythraea_NRRL2338,rpsL_Saccharopolyspora_erythraea_NRRL_2338,NA,NA,0
Streptomyces albus,J1074,NA,rpsL,NA,NA,NA,NA,NA,NA,NA,NA,NA,NA,86,86,R,P,R -> P,rpsL_R86P,rpsL_R86P,Lab-generated,NA,NA,NA,NA,Koshla2021,NA,Streptomyces_albus_J1074,rpsL_Streptomyces_albus_DSM_40763,NA,NA,0
Streptomyces albus,J1074,NA,rpsL,NA,NA,NA,NA,NA,NA,NA,NA,NA,NA,88,88,K,E,K -> E,rpsL_K88E,rpsL_K88E,Lab-generated,NA,NA,NA,NA,Koshla2021,NA,Streptomyces_albus_J1074,rpsL_Streptomyces_albus_DSM_40763,NA,NA,0
Streptomyces albus,J1074,NA,rpsL,NA,NA,NA,NA,NA,NA,NA,NA,NA,NA,88,88,K,R,K -> R,rpsL_K88R,rpsL_K88R,Lab-generated,NA,NA,NA,NA,Koshla2021,NA,Streptomyces_albus_J1074,rpsL_Streptomyces_albus_DSM_40763,NA,NA,0
Streptomyces albus,J1074,NA,rpsL,NA,NA,NA,NA,NA,NA,NA,NA,NA,NA,90,90,L,K,L -> K,rpsL_L90K,rpsL_L90K,Lab-generated,NA,NA,NA,NA,Koshla2021,NA,Streptomyces_albus_J1074,rpsL_Streptomyces_albus_DSM_40763,NA,NA,0
Streptomyces albus,J1074,NA,rpsL,NA,NA,NA,NA,NA,NA,NA,NA,NA,NA,91,91,P,S,P -> S,rpsL_P91S,rpsL_P91S,Lab-generated,NA,NA,NA,NA,Koshla2021,NA,Streptomyces_albus_J1074,rpsL_Streptomyces_albus_DSM_40763,NA,NA,0
Streptomyces albus,J1074,NA,rpsL,NA,NA,NA,NA,NA,NA,NA,NA,NA,NA,94,94,R,G,R -> G,rpsL_R94G,rpsL_R94G,Lab-generated,NA,NA,NA,NA,Koshla2021,NA,Streptomyces_albus_J1074,rpsL_Streptomyces_albus_DSM_40763,NA,NA,0
Streptomyces albus,NA,NA,rpsL,NA,NA,NA,NA,NA,NA,NA,NA,NA,NA,88,88,K,E,K -> E,rpsL_K88E,rpsL_K88E,Lab-generated,NA,NA,NA,NA,Shemediuk2022,NA,Streptomyces_albus_NA,rpsL_Streptomyces_albus_DSM_40763,NA,NA,0
Streptomyces antibioticus,3720,NA,rpsL,NA,NA,NA,NA,NA,NA,NA,NA,NA,NA,88,88,K,E,K -> E,rpsL_K88E,rpsL_K88E,Lab-generated,NA,NA,NA,NA,Tanaka2009,NA,Streptomyces_antibioticus_3720,rpsL_Streptomyces_antibioticus_NBC_01273,NA,NA,0
Streptomyces antibioticus,3720,NA,rpsL,NA,NA,NA,NA,NA,NA,NA,NA,NA,NA,88,88,K,R,K -> R,rpsL_K88R,rpsL_K88R,Lab-generated,NA,NA,NA,NA,Tanaka2009,NA,Streptomyces_antibioticus_3720,rpsL_Streptomyces_antibioticus_NBC_01273,NA,NA,0
Streptomyces avermitilis,K139,NA,rpsL,NA,NA,NA,NA,NA,NA,NA,NA,NA,NA,43,43,K,T,K -> T,rpsL_K43T,rpsL_K43T,Lab-generated,NA,NA,NA,NA,Tanaka2009,NA,Streptomyces_avermitilis_K139,rpsL_Streptomyces_avermitilis_MA-4680,NA,NA,0
Streptomyces avermitilis,K139,NA,rpsL,NA,NA,NA,NA,NA,NA,NA,NA,NA,NA,43,43,K,N,K -> N,rpsL_K43N,rpsL_K43N,Lab-generated,NA,NA,NA,NA,Tanaka2009,NA,Streptomyces_avermitilis_K139,rpsL_Streptomyces_avermitilis_MA-4680,NA,NA,0
Streptomyces avermitilis,K139,NA,rpsL,NA,NA,NA,NA,NA,NA,NA,NA,NA,NA,43,43,K,R,K -> R,rpsL_K43R,rpsL_K43R,Lab-generated,NA,NA,NA,NA,Tanaka2009,NA,Streptomyces_avermitilis_K139,rpsL_Streptomyces_avermitilis_MA-4680,NA,NA,0
Streptomyces avermitilis,K139,NA,rpsL,NA,NA,NA,NA,NA,NA,NA,NA,NA,NA,88,88,K,E,K -> E,rpsL_K88E,rpsL_K88E,Lab-generated,NA,NA,NA,NA,Tanaka2009,NA,Streptomyces_avermitilis_K139,rpsL_Streptomyces_avermitilis_MA-4680,NA,NA,0
Streptomyces avermitilis,K139,NA,rpsL,NA,NA,NA,NA,NA,NA,NA,NA,NA,NA,88,88,K,R,K -> R,rpsL_K88R,rpsL_K88R,Lab-generated,NA,NA,NA,NA,Tanaka2009,NA,Streptomyces_avermitilis_K139,rpsL_Streptomyces_avermitilis_MA-4680,NA,NA,0
Streptomyces cyanogenus,S136,NA,rpsL,NA,NA,NA,NA,NA,NA,NA,NA,NA,NA,88,88,K,E,K -> E,rpsL_K88E,rpsL_K88E,Lab-generated,NA,NA,NA,NA,Koshla2021,NA,Streptomyces_cyanogenus_S136,rpsL_Streptomyces_cyanogenus_S136,NA,NA,0
Streptomyces cyanogenus,S136,NA,rpsL,NA,NA,NA,NA,NA,NA,NA,NA,NA,NA,88,88,K,R,K -> R,rpsL_K88R,rpsL_K88R,Lab-generated,NA,NA,NA,NA,Koshla2021,NA,Streptomyces_cyanogenus_S136,rpsL_Streptomyces_cyanogenus_S136,NA,NA,0
Streptomyces cyanogenus,S136,NA,rpsL,NA,NA,NA,NA,NA,NA,NA,NA,NA,NA,90,90,L,K,L -> K,rpsL_L90K,rpsL_L90K,Lab-generated,NA,NA,NA,NA,Koshla2021,NA,Streptomyces_cyanogenus_S136,rpsL_Streptomyces_cyanogenus_S136,NA,NA,0
Streptomyces cyanogenus,S136,NA,rpsL,NA,NA,NA,NA,NA,NA,NA,NA,NA,NA,91,91,P,S,P -> S,rpsL_P91S,rpsL_P91S,Lab-generated,NA,NA,NA,NA,Koshla2021,NA,Streptomyces_cyanogenus_S136,rpsL_Streptomyces_cyanogenus_S136,NA,NA,0
Streptomyces filamentosus,NA,NA,rpsL,NA,NA,NA,NA,NA,NA,NA,NA,NA,NA,43,43,K,N,K -> N,rpsL_K43N,rpsL_K43N,Lab-generated,NA,NA,NA,heterotypic synonym Streptomyces roseosporus,Wang2012,NA,Streptomyces_filamentosus_NA,rpsL_Streptomyces_filamentosus_ATCC_23958,NA,NA,0
Streptomyces filamentosus,NA,NA,rpsL,NA,NA,NA,NA,NA,NA,NA,NA,NA,NA,88,88,K,E,K -> E,rpsL_K88E,rpsL_K88E,Lab-generated,NA,NA,NA,heterotypic synonym Streptomyces roseosporus,Wang2012,NA,Streptomyces_filamentosus_NA,rpsL_Streptomyces_filamentosus_ATCC_23958,NA,NA,0
Streptomyces filamentosus,NA,NA,rpsL,NA,NA,NA,NA,NA,NA,NA,NA,NA,NA,88,88,K,R,K -> R,rpsL_K88R,rpsL_K88R,Lab-generated,NA,NA,NA,heterotypic synonym Streptomyces roseosporus,Wang2012,NA,Streptomyces_filamentosus_NA,rpsL_Streptomyces_filamentosus_ATCC_23958,NA,NA,0
Streptomyces globisporus,SMY6222,NA,rpsL,128,128,A,G,A -> G,rpsL_A128G,rpsL_A128G,AAG,AGG,AAG -> AGG,43,43,K,R,K -> R,rpsL_K43R,rpsL_K43R,Lab-generated,NA,NA,NA,NA,Gromyko2004,NA,Streptomyces_globisporus_SMY6222,rpsL_Streptomyces_globisporus_C-1027,NA,NA,0
Streptomyces noursei,NA,NA,rpsL,NA,NA,NA,NA,NA,NA,NA,NA,NA,NA,108,108,K,R,K -> R,rpsL_K108R,rpsL_K108R,Lab-generated,NA,NA,NA,heterotypic synonym Streptomyces albulus,Wang2017,NA,Streptomyces_noursei_NA,rpsL_Streptomyces_noursei_A-2-1,NA,NA,0
Streptomyces parvulus,ATCC 12434,NA,rpsL,NA,NA,NA,NA,NA,NA,NA,NA,NA,NA,43,43,K,R,K -> R,rpsL_K43R,rpsL_K43R,Lab-generated,NA,NA,NA,NA,Tanaka2009,NA,Streptomyces_parvulus_ATCC_12434,rpsL_Streptomyces_parvulus_2297,NA,NA,0
Streptomyces parvulus,ATCC 12434,NA,rpsL,NA,NA,NA,NA,NA,NA,NA,NA,NA,NA,88,88,K,R,K -> R,rpsL_K88R,rpsL_K88R,Lab-generated,NA,NA,NA,NA,Tanaka2009,NA,Streptomyces_parvulus_ATCC_12434,rpsL_Streptomyces_parvulus_2297,NA,NA,0
Streptomyces viridochromogenes,NA,NA,rpsL,NA,NA,NA,NA,NA,NA,NA,NA,NA,NA,88,88,K,R,K -> R,rpsL_K88R,rpsL_K88R,Isolate,NA,NA,NA,NA,Liu2013,NA,Streptomyces_viridochromogenes_NA,rpsL_Streptomyces_viridochromogenes_JCM_4856,NA,NA,0
Thermus thermophilus,HG18,NA,rpsL,NA,NA,CCC,CTC,CCC -> CTC,NA,NA,NA,NA,NA,41,41,P,S,P -> S,rpsL_P41S,rpsL_P41S,Lab-generated,NA,NA,NA,NA,Gregory2001,NA,Thermus_thermophilus_HG18,rpsL_Thermus_thermophilus_HB8,NA,AA_original or AA_mutation inconsistent with AA_pos,1
Thermus thermophilus,HG3,NA,rpsL,NA,NA,AAG,AGG,AAG -> AGG,NA,NA,NA,NA,NA,42,42,K,R,K -> R,rpsL_K42R,rpsL_K42R,Lab-generated,NA,NA,NA,NA,Gregory2001,NA,Thermus_thermophilus_HG3,rpsL_Thermus_thermophilus_HB8,NA,AA_original or AA_mutation inconsistent with AA_pos,1
Thermus thermophilus,HG14,NA,rpsL,NA,NA,CGT,TGT,CGT -> TGT,NA,NA,NA,NA,NA,85,85,R,C,R -> C,rpsL_R85C,rpsL_R85C,Lab-generated,NA,NA,NA,NA,Gregory2001,NA,Thermus_thermophilus_HG14,rpsL_Thermus_thermophilus_HB8,NA,AA_original or AA_mutation inconsistent with AA_pos,1
Thermus thermophilus,HG31,NA,rpsL,NA,NA,CGT,CAT,CGT -> CAT,NA,NA,NA,NA,NA,85,85,R,H,R -> H,rpsL_R85H,rpsL_R85H,Lab-generated,NA,NA,NA,NA,Gregory2001,NA,Thermus_thermophilus_HG31,rpsL_Thermus_thermophilus_HB8,NA,AA_original or AA_mutation inconsistent with AA_pos,1
Thermus thermophilus,HG1,NA,rpsL,NA,NA,AAG,AGG,AAG -> AGG,NA,NA,NA,NA,NA,87,87,K,R,K -> R,rpsL_K87R,rpsL_K87R,Lab-generated,NA,NA,NA,NA,Gregory2001,NA,Thermus_thermophilus_HG1,rpsL_Thermus_thermophilus_HB8,NA,AA_original or AA_mutation inconsistent with AA_pos,1
Thermus thermophilus,HG19,NA,rpsL,NA,NA,AAG,GAG,AAG -> GAG,NA,NA,NA,NA,NA,87,87,K,E,K -> E,rpsL_K87E,rpsL_K87E,Lab-generated,NA,NA,NA,NA,Gregory2001,NA,Thermus_thermophilus_HG19,rpsL_Thermus_thermophilus_HB8,NA,AA_original or AA_mutation inconsistent with AA_pos,1
Thermus thermophilus,HG11,NA,rpsL,NA,NA,CCG,CTG,CCG -> CTG,NA,NA,NA,NA,NA,90,90,P,L,P -> L,rpsL_P90L,rpsL_P90L,Lab-generated,NA,NA,NA,NA,Gregory2001,NA,Thermus_thermophilus_HG11,rpsL_Thermus_thermophilus_HB8,NA,NA,0
Thermus thermophilus,NA,NA,rpsL,NA,NA,CGC,TGC,CGC -> TGC,NA,NA,NA,NA,NA,37,37,R,C,R -> C,rpsL_R37C,rpsL_R37C,Lab-generated,NA,NA,NA,NA,Gregory2009,NA,Thermus_thermophilus_NA,rpsL_Thermus_thermophilus_HB8,NA,AA_original or AA_mutation inconsistent with AA_pos,1
Thermus thermophilus,NA,NA,rpsL,NA,NA,AAG,ACC,AAG -> ACC,NA,NA,NA,NA,NA,42,42,K,T,K -> T,rpsL_K42T,rpsL_K42T,Lab-generated,NA,NA,NA,NA,Gregory2009,NA,Thermus_thermophilus_NA,rpsL_Thermus_thermophilus_HB8,NA,AA_original or AA_mutation inconsistent with AA_pos,1
Thermus thermophilus,NA,NA,rpsL,NA,NA,AAG,GAG,AAG -> GAG,NA,NA,NA,NA,NA,53,53,K,E,K -> E,rpsL_K53E,rpsL_K53E,Lab-generated,NA,NA,NA,NA,Gregory2009,NA,Thermus_thermophilus_NA,rpsL_Thermus_thermophilus_HB8,NA,AA_original or AA_mutation inconsistent with AA_pos,1
Thermus thermophilus,NA,NA,rpsL,NA,NA,CAC,CGC,CAC -> CGC,NA,NA,NA,NA,NA,76,76,H,R,H -> R,rpsL_H76R,rpsL_H76R,Lab-generated,NA,NA,NA,NA,Gregory2009,NA,Thermus_thermophilus_NA,rpsL_Thermus_thermophilus_HB8,NA,AA_original or AA_mutation inconsistent with AA_pos,1
Thermus thermophilus,NA,NA,rpsL,NA,NA,CAC,GAG,CAC -> GAG,NA,NA,NA,NA,NA,76,76,H,E,H -> E,rpsL_H76E,rpsL_H76E,Lab-generated,NA,NA,NA,NA,Gregory2009,NA,Thermus_thermophilus_NA,rpsL_Thermus_thermophilus_HB8,NA,NA,0
Thermus thermophilus,NA,NA,rpsL,NA,NA,CAC,AAG,CAC -> AAG,NA,NA,NA,NA,NA,76,76,H,K,H -> K,rpsL_H76K,rpsL_H76K,Lab-generated,NA,NA,NA,NA,Gregory2009,NA,Thermus_thermophilus_NA,rpsL_Thermus_thermophilus_HB8,NA,AA_original or AA_mutation inconsistent with AA_pos,1
Thermus thermophilus,NA,NA,rpsL,NA,NA,CAC,GCC,CAC -> GCC,NA,NA,NA,NA,NA,76,76,H,A,H -> A,rpsL_H76A,rpsL_H76A,Lab-generated,NA,NA,NA,NA,Gregory2009,NA,Thermus_thermophilus_NA,rpsL_Thermus_thermophilus_HB8,NA,AA_original or AA_mutation inconsistent with AA_pos,1
Veillonella parvula,PK1910,NA,rpsL,NA,NA,NA,NA,NA,NA,NA,NA,NA,NA,43,43,K,N,K -> N,rpsL_K43N,rpsL_K43N,Lab-generated,NA,NA,NA,NA,Liu2011,NA,Veillonella_parvula_PK1910,rpsL_Veillonella_parvula_NCTC11810,NA,NA,0
Wolbachia pipientis,NA,NA,rpsL,NA,NA,NA,NA,NA,NA,NA,NA,NA,NA,43,42,K,R,K -> R,rpsL_K42R,rpsL_K41R,Lab-generated,NA,NA,NA,NA,Fallon2013,NA,Wolbachia_pipientis_NA,rpsL_Wolbachia_pipientis_wMel_N25,NA,AA_original or AA_mutation inconsistent with AA_pos,1
Yersinia pestis,56/13,NA,rpsL,128,128,A,G,A -> G,rpsL_A128G,rpsL_A128G,AAA,AGA,AAA -> AGA,43,43,K,R,K -> R,rpsL_K43R,rpsL_K43R,Isolate,1024,NA,NA,"Overall, the rpsLA128G allele causing a K43R substitution in the ribosomal S12 protein is the cause of the high level STRr in strains 56/13, 59/13, and 12/87.",Andrianaivoarimanana2021,NA,Yersinia_pestis_56/13,rpsL_Yersinia_pestis_A1122,NA,NA,0
Yersinia pestis,59/13,NA,rpsL,128,128,A,G,A -> G,rpsL_A128G,rpsL_A128G,AAA,AGA,AAA -> AGA,43,43,K,R,K -> R,rpsL_K43R,rpsL_K43R,Isolate,1024,NA,NA,"Overall, the rpsLA128G allele causing a K43R substitution in the ribosomal S12 protein is the cause of the high level STRr in strains 56/13, 59/13, and 12/87.",Andrianaivoarimanana2022,NA,Yersinia_pestis_59/13,rpsL_Yersinia_pestis_A1122,NA,NA,0
Yersinia pestis,Dec-87,NA,rpsL,NA,NA,A,G,A -> G,NA,NA,NA,NA,NA,43,43,K,R,K -> R,rpsL_K43R,rpsL_K43R,Isolate,NA,NA,NA,"Overall, the rpsLA128G allele causing a K43R substitution in the ribosomal S12 protein is the cause of the high level STRr in strains 56/13, 59/13, and 12/87.",Andrianaivoarimanana2023,NA,Yersinia_pestis_12/87,rpsL_Yersinia_pestis_A1122,NA,NA,0
Yersinia pestis,S19960127,NA,rpsL,128,128,A,G,A -> G,rpsL_A128G,rpsL_A128G,AAA,AGA,AAA -> AGA,43,43,K,R,K -> R,rpsL_K43R,rpsL_K43R,Isolate,4096,NA,NA,"High level of streptomycin resistance (MIC 4,096 mg/L) exhibited in Y. pestis S19960127 due to a rpsL mutation associated with substitution of amino-acid 43 of ribosomal protein S12. Sequence comparison showed no amino-acid alteration at position 88 of ribosomal protein S12 or rrs gene mutations in S19960127.",Dai2021,NA,Yersinia_pestis_S19960127,rpsL_Yersinia_pestis_A1122,NA,NA,0