family,order,class,phylum,n,n_res,f_res
Abyssicoccaceae,Bacillales,Bacilli,Bacillota,1,0,0
Acanthopleuribacteraceae,Acanthopleuribacterales,Holophagae,Acidobacteriota,2,0,0
Acaryochloridaceae,Acaryochloridales,Cyanophyceae,Cyanobacteriota,2,0,0
Acetobacteraceae,Acetobacterales,Alphaproteobacteria,Pseudomonadota,150,0,0
Acetomicrobiaceae,Synergistales,Synergistia,Synergistota,3,0,0
Acetonemataceae,NA,Negativicutes,Bacillota,3,0,0
Acholeplasmataceae,Acholeplasmatales,Mollicutes,Mycoplasmatota,5,0,0
Acidaminobacteraceae,Peptostreptococcales,Clostridia,Bacillota,1,0,0
Acidaminococcaceae,Acidaminococcales,Negativicutes,Bacillota,10,0,0
Acidiferrobacteraceae,Acidiferrobacterales,Gammaproteobacteria,Pseudomonadota,3,0,0
Acidilutibacteraceae,Tissierellales,Tissierellia,Bacillota,1,0,0
Acidimicrobiaceae,Acidimicrobiales,Acidimicrobiia,Actinomycetota,5,0,0
Acidithiobacillaceae,Acidithiobacillales,Acidithiobacillia,Pseudomonadota,16,0,0
Acidobacteriaceae,Terriglobales,Terriglobia,Acidobacteriota,44,0,0
Acidocellaceae,Acetobacterales,Alphaproteobacteria,Pseudomonadota,12,0,0
Acidothermaceae,Acidothermales,Actinomycetes,Actinomycetota,1,0,0
Actinomycetaceae,Actinomycetales,Actinomycetes,Actinomycetota,114,9,0.07894736842105263
Actinopolymorphaceae,Propionibacteriales,Actinomycetes,Actinomycetota,5,5,1
Actinopolysporaceae,Actinopolysporales,Actinomycetes,Actinomycetota,10,0,0
Actinospicaceae,Catenulisporales,Actinomycetes,Actinomycetota,4,0,0
Acutalibacteraceae,Eubacteriales,Clostridia,Bacillota,1,0,0
Aerococcaceae,Lactobacillales,Bacilli,Bacillota,30,2,0.06666666666666667
Aeromonadaceae,Aeromonadales,Gammaproteobacteria,Pseudomonadota,58,0,0
Aerosakkonemataceae,Aerosakkonematales,Cyanophyceae,Cyanobacteriota,6,0,0
Aestuariirhabdaceae,Oceanospirillales,Gammaproteobacteria,Pseudomonadota,2,0,0
Aestuariivirgaceae,Hyphomicrobiales,Alphaproteobacteria,Pseudomonadota,4,0,0
Afifellaceae,Hyphomicrobiales,Alphaproteobacteria,Pseudomonadota,4,0,0
Ahrensiaceae,Hyphomicrobiales,Alphaproteobacteria,Pseudomonadota,8,0,0
Akkermansiaceae,Verrucomicrobiales,Verrucomicrobiia,Verrucomicrobiota,4,1,0.25
Alcaligenaceae,Burkholderiales,Betaproteobacteria,Pseudomonadota,112,3,0.026785714285714284
Alcanivoracaceae,Oceanospirillales,Gammaproteobacteria,Pseudomonadota,27,0,0
Algiphilaceae,Nevskiales,Gammaproteobacteria,Pseudomonadota,2,0,0
Alicyclobacillaceae,Bacillales,Bacilli,Bacillota,43,0,0
Aliterellaceae,Chroococcidiopsidales,Cyanophyceae,Cyanobacteriota,1,0,0
Alsobacteraceae,Hyphomicrobiales,Alphaproteobacteria,Pseudomonadota,3,0,0
Alteromonadaceae,Alteromonadales,Gammaproteobacteria,Pseudomonadota,95,0,0
Aminiphilaceae,Synergistales,Synergistia,Synergistota,1,0,0
Aminithiophilaceae,Synergistales,Synergistia,Synergistota,1,0,0
Aminobacteriaceae,Synergistales,Synergistia,Synergistota,4,0,0
Amorphaceae,Hyphomicrobiales,Alphaproteobacteria,Pseudomonadota,7,0,0
Anaerobacaceae,Sedimentisphaerales,Phycisphaerae,Planctomycetota,1,1,1
Anaerohalosphaeraceae,Sedimentisphaerales,Phycisphaerae,Planctomycetota,1,1,1
Anaerolineaceae,Anaerolineales,Anaerolineae,Chloroflexota,5,0,0
Anaeromyxobacteraceae,Myxococcales,Myxococcia,Myxococcota,7,0,0
Anaerosomataceae,Anaerosomatales,Coriobacteriia,Actinomycetota,2,0,0
Anaerotignaceae,Lachnospirales,Clostridia,Bacillota,4,0,0
Anaerovoracaceae,Peptostreptococcales,Clostridia,Bacillota,24,2,0.08333333333333333
Anaplasmataceae,Rickettsiales,Alphaproteobacteria,Pseudomonadota,312,293,0.9391025641025641
Ancalomicrobiaceae,Hyphomicrobiales,Alphaproteobacteria,Pseudomonadota,4,0,0
Anoxybacillaceae,Bacillales,Bacilli,Bacillota,36,0,0
Anthocerotibacteraceae,Gloeobacterales,Cyanophyceae,Cyanobacteriota,1,0,0
Antricoccaceae,Geodermatophilales,Actinomycetes,Actinomycetota,1,0,0
Aphanizomenonaceae,Nostocales,Cyanophyceae,Cyanobacteriota,15,0,0
Aphanothecaceae,Chroococcales,Cyanophyceae,Cyanobacteriota,12,0,0
Aquaspirillaceae,Neisseriales,Betaproteobacteria,Pseudomonadota,4,0,0
Aquificaceae,Aquificales,Aquificia,Aquificota,8,0,0
Archangiaceae,Myxococcales,Myxococcia,Myxococcota,17,0,0
Arcobacteraceae,Campylobacterales,Epsilonproteobacteria,Campylobacterota,38,0,0
Arenicellaceae,Arenicellales,Gammaproteobacteria,Pseudomonadota,2,0,0
Aristaeellaceae,Eubacteriales,Clostridia,Bacillota,2,2,1
Armatimonadaceae,Armatimonadales,Armatimonadia,Armatimonadota,1,0,0
Atopobiaceae,Coriobacteriales,Coriobacteriia,Actinomycetota,27,27,1
Atribacteraceae,Atribacterales,Atribacteria,Atribacterota,1,0,0
Atrimonadaceae,Atribacterales,Atribacteria,Atribacterota,1,0,0
Aurantibacillaceae,Sphingobacteriales,Sphingobacteriia,Bacteroidota,1,0,0
Aurantimonadaceae,Hyphomicrobiales,Alphaproteobacteria,Pseudomonadota,41,0,0
Azonexaceae,Rhodocyclales,Betaproteobacteria,Pseudomonadota,10,0,0
Azospirillaceae,Rhodospirillales,Alphaproteobacteria,Pseudomonadota,44,1,0.022727272727272728
Bacillaceae,Bacillales,Bacilli,Bacillota,717,12,0.016736401673640166
Bacillales Family X. Incertae Sedis,Bacillales,Bacilli,Bacillota,2,0,0
Bacteriovoracaceae,Bacteriovoracales,Bacteriovoracia,Bdellovibrionota,3,0,0
Bacteroidaceae,Bacteroidales,Bacteroidia,Bacteroidota,79,1,0.012658227848101266
Baekduiaceae,Solirubrobacterales,Thermoleophilia,Actinomycetota,3,0,0
Balneatrichaceae,Oceanospirillales,Gammaproteobacteria,Pseudomonadota,2,0,0
Balneicellaceae,Bacteroidales,Bacteroidia,Bacteroidota,1,0,0
Balneolaceae,Balneolales,Balneolia,Balneolota,18,0,0
Barnesiellaceae,Bacteroidales,Bacteroidia,Bacteroidota,6,0,0
Bartonellaceae,Hyphomicrobiales,Alphaproteobacteria,Pseudomonadota,52,1,0.019230769230769232
Beduinellaceae,Eubacteriales,Clostridia,Bacillota,1,1,1
Beijerinckiaceae,Hyphomicrobiales,Alphaproteobacteria,Pseudomonadota,10,0,0
Bernardetiaceae,Cytophagales,Cytophagia,Bacteroidota,2,0,0
Beutenbergiaceae,Micrococcales,Actinomycetes,Actinomycetota,6,1,0.16666666666666666
Bianqueaceae,Eubacteriales,Clostridia,Bacillota,1,0,0
Bifidobacteriaceae,Bifidobacteriales,Actinomycetes,Actinomycetota,129,2,0.015503875968992248
Blastochloridaceae,Hyphomicrobiales,Alphaproteobacteria,Pseudomonadota,3,0,0
Blattabacteriaceae,Flavobacteriales,Flavobacteriia,Bacteroidota,3,0,0
Bogoriellaceae,Micrococcales,Actinomycetes,Actinomycetota,14,0,0
Borreliaceae,Spirochaetales,Spirochaetia,Spirochaetota,35,1,0.02857142857142857
Boseaceae,Hyphomicrobiales,Alphaproteobacteria,Pseudomonadota,14,0,0
Brachyspiraceae,Brachyspirales,Spirochaetia,Spirochaetota,11,1,0.09090909090909091
Bradymonadaceae,Bradymonadales,Deltaproteobacteria,NA,2,0,0
Brevibacteriaceae,Micrococcales,Actinomycetes,Actinomycetota,43,1,0.023255813953488372
Brevinemataceae,Brevinematales,Spirochaetia,Spirochaetota,1,0,0
Breznakiellaceae,Spirochaetales,Spirochaetia,Spirochaetota,3,0,0
Brucellaceae,Hyphomicrobiales,Alphaproteobacteria,Pseudomonadota,44,0,0
Bruguierivoracaceae,Enterobacterales,Gammaproteobacteria,Pseudomonadota,5,0,0
Bryobacteraceae,Bryobacterales,Terriglobia,Acidobacteriota,2,0,0
Budviciaceae,Enterobacterales,Gammaproteobacteria,Pseudomonadota,10,0,0
Burkholderiaceae,Burkholderiales,Betaproteobacteria,Pseudomonadota,302,0,0
Butyricicoccaceae,Eubacteriales,Clostridia,Bacillota,11,0,0
Calderihabitantaceae,Moorellales,Clostridia,Bacillota,1,0,0
Caldicellulosiruptoraceae,Caldicellulosiruptorales,Clostridia,Bacillota,1,0,0
Caldicoprobacteraceae,Caldicoprobacterales,Clostridia,Bacillota,3,0,0
Caldilineaceae,Caldilineales,Caldilineae,Chloroflexota,2,0,0
Caldisericaceae,Caldisericales,Caldisericia,Caldisericota,1,0,0
Calditerrivibrionaceae,Deferribacterales,Deferribacteres,Deferribacterota,1,0,0
Calditrichaceae,Calditrichales,Calditrichia,Calditrichota,1,0,0
Calotrichaceae,Nostocales,Cyanophyceae,Cyanobacteriota,5,0,0
Caminicellaceae,Peptostreptococcales,Clostridia,Bacillota,3,0,0
Campylobacteraceae,Campylobacterales,Epsilonproteobacteria,Campylobacterota,52,7,0.1346153846153846
Candidatus Competibacteraceae,NA,Gammaproteobacteria,Pseudomonadota,2,0,0
Capillimicrobiaceae,Solirubrobacterales,Thermoleophilia,Actinomycetota,1,0,0
Capsulimonadaceae,Capsulimonadales,Armatimonadia,Armatimonadota,1,0,0
Carbonactinosporaceae,Kitasatosporales,Actinomycetes,Actinomycetota,1,0,0
Cardiobacteriaceae,Cardiobacteriales,Gammaproteobacteria,Pseudomonadota,6,0,0
Carnobacteriaceae,Lactobacillales,Bacilli,Bacillota,53,3,0.05660377358490566
Caryophanaceae,Bacillales,Bacilli,Bacillota,126,11,0.0873015873015873
Casimicrobiaceae,NA,Betaproteobacteria,Pseudomonadota,1,0,0
Catalimonadaceae,Cytophagales,Cytophagia,Bacteroidota,4,0,0
Catenulisporaceae,Catenulisporales,Actinomycetes,Actinomycetota,6,0,0
Caulobacteraceae,Caulobacterales,Alphaproteobacteria,Pseudomonadota,78,0,0
Celerinatantimonadaceae,NA,Gammaproteobacteria,Pseudomonadota,2,0,0
Cellulomonadaceae,Micrococcales,Actinomycetes,Actinomycetota,68,5,0.07352941176470588
Cellulosilyticaceae,Lachnospirales,Clostridia,Bacillota,3,0,0
Cellvibrionaceae,Cellvibrionales,Gammaproteobacteria,Pseudomonadota,41,0,0
Cerasicoccaceae,Puniceicoccales,Opitutia,Verrucomicrobiota,6,0,0
Cesiribacteraceae,Cytophagales,Cytophagia,Bacteroidota,2,0,0
Chamaesiphonaceae,Gomontiellales,Cyanophyceae,Cyanobacteriota,2,0,0
Chelatococcaceae,Hyphomicrobiales,Alphaproteobacteria,Pseudomonadota,11,0,0
Chitinibacteraceae,Neisseriales,Betaproteobacteria,Pseudomonadota,35,0,0
Chitinivibrionaceae,Chitinivibrionales,Chitinivibrionia,Fibrobacterota,1,0,0
Chitinophagaceae,Chitinophagales,Chitinophagia,Bacteroidota,155,0,0
Chlamydiaceae,Chlamydiales,Chlamydiia,Chlamydiota,18,0,0
Chlorobiaceae,Chlorobiales,Chlorobiia,Chlorobiota,13,0,0
Chlorogloeopsidaceae,Nostocales,Cyanophyceae,Cyanobacteriota,1,0,0
Chloroherpetonaceae,Chlorobiales,Chlorobiia,Chlorobiota,1,0,0
Christensenellaceae,Christensenellales,Clostridia,Bacillota,9,1,0.1111111111111111
Chromatiaceae,Chromatiales,Gammaproteobacteria,Pseudomonadota,68,0,0
Chromobacteriaceae,Neisseriales,Betaproteobacteria,Pseudomonadota,40,2,0.05
Chroococcaceae,Chroococcales,Cyanophyceae,Cyanobacteriota,3,0,0
Chroococcidiopsidaceae,Chroococcidiopsidales,Cyanophyceae,Cyanobacteriota,2,0,0
Chryseotaleaceae,Cytophagales,Cytophagia,Bacteroidota,5,0,0
Chrysiogenaceae,Chrysiogenales,Chrysiogenia,Chrysiogenota,3,0,0
Chthoniobacteraceae,Chthoniobacterales,Spartobacteria,Verrucomicrobiota,1,0,0
Chthonomonadaceae,Chthonomonadales,Chthonomonadia,Armatimonadota,1,0,0
Clostridiaceae,Eubacteriales,Clostridia,Bacillota,204,1,0.004901960784313725
Clostridiales Family XVI. Incertae Sedis,Eubacteriales,Clostridia,Bacillota,1,0,0
Clostridiales Family XVII. Incertae Sedis,Eubacteriales,Clostridia,Bacillota,4,2,0.5
Cohaesibacteraceae,Hyphomicrobiales,Alphaproteobacteria,Pseudomonadota,4,0,0
Coleofasciculaceae,Coleofasciculales,Cyanophyceae,Cyanobacteriota,6,0,0
Colwelliaceae,Alteromonadales,Gammaproteobacteria,Pseudomonadota,39,0,0
Comamonadaceae,Burkholderiales,Betaproteobacteria,Pseudomonadota,192,1,0.005208333333333333
Conexibacteraceae,Solirubrobacterales,Thermoleophilia,Actinomycetota,3,0,0
Coprobacillaceae,Erysipelotrichales,Erysipelotrichia,Bacillota,16,0,0
Coprothermobacteraceae,Coprothermobacterales,Coprothermobacteria,Coprothermobacterota,2,0,0
Coraliomargaritaceae,Puniceicoccales,Opitutia,Verrucomicrobiota,6,0,0
Coralliovaceae,Hyphomicrobiales,Alphaproteobacteria,Pseudomonadota,1,0,0
Coriobacteriaceae,Coriobacteriales,Coriobacteriia,Actinomycetota,21,18,0.8571428571428571
Corynebacteriaceae,Mycobacteriales,Actinomycetes,Actinomycetota,178,12,0.06741573033707865
Coxiellaceae,Legionellales,Gammaproteobacteria,Pseudomonadota,18,0,0
Crenotrichaceae,Methylococcales,Gammaproteobacteria,Pseudomonadota,1,0,0
Criblamydiaceae,Parachlamydiales,Chlamydiia,Chlamydiota,2,0,0
Crocinitomicaceae,Flavobacteriales,Flavobacteriia,Bacteroidota,14,0,0
Cryomorphaceae,Flavobacteriales,Flavobacteriia,Bacteroidota,2,0,0
Cryptosporangiaceae,Cryptosporangiales,Actinomycetes,Actinomycetota,5,0,0
Culicoidibacteraceae,Culicoidibacterales,Culicoidibacteria,Bacillota,1,0,0
Cyclobacteriaceae,Cytophagales,Cytophagia,Bacteroidota,99,0,0
Cyclonatronaceae,Balneolales,Balneolia,Balneolota,2,0,0
Cymatolegaceae,Nodosilineales,Cyanophyceae,Cyanobacteriota,4,0,0
Cytophagaceae,Cytophagales,Cytophagia,Bacteroidota,40,0,0
Deferribacteraceae,Deferribacterales,Deferribacteres,Deferribacterota,2,0,0
Deferrisomataceae,Deferrisomatales,Deferrisomatia,Thermodesulfobacteriota,1,0,0
Deferrivibrionaceae,Deferribacterales,Deferribacteres,Deferribacterota,1,0,0
Defluviitaleaceae,Lachnospirales,Clostridia,Bacillota,3,0,0
Dehalococcoidaceae,Dehalococcoidales,Dehalococcoidia,Chloroflexota,2,0,0
Deinococcaceae,Deinococcales,Deinococci,Deinococcota,87,3,0.034482758620689655
Demequinaceae,Micrococcales,Actinomycetes,Actinomycetota,26,0,0
Dermabacteraceae,Micrococcales,Actinomycetes,Actinomycetota,33,0,0
Dermacoccaceae,Micrococcales,Actinomycetes,Actinomycetota,24,4,0.16666666666666666
Dermatophilaceae,Micrococcales,Actinomycetes,Actinomycetota,9,0,0
Dermocarpellaceae,Pleurocapsales,Cyanophyceae,Cyanobacteriota,1,0,0
Desertifilaceae,Desertifilales,Cyanophyceae,Cyanobacteriota,5,0,0
Desulfallaceae,Eubacteriales,Clostridia,Bacillota,6,0,0
Desulfarculaceae,Desulfarculales,Desulfarculia,Thermodesulfobacteriota,3,0,0
Desulfatibacillaceae,Desulfobacterales,Desulfobacteria,Thermodesulfobacteriota,2,0,0
Desulfatiglandaceae,Desulfatiglandales,Desulfobacteria,Thermodesulfobacteriota,1,0,0
Desulfatirhabdiaceae,Desulfobacterales,Desulfobacteria,Thermodesulfobacteriota,1,0,0
Desulfitibacteraceae,Moorellales,Clostridia,Bacillota,2,0,0
Desulfitobacteriaceae,Eubacteriales,Clostridia,Bacillota,18,0,0
Desulfobaccaceae,Desulfobaccales,Desulfobaccia,Thermodesulfobacteriota,1,0,0
Desulfobacteraceae,Desulfobacterales,Desulfobacteria,Thermodesulfobacteriota,16,0,0
Desulfobulbaceae,Desulfobulbales,Desulfobulbia,Thermodesulfobacteriota,13,1,0.07692307692307693
Desulfocapsaceae,Desulfobulbales,Desulfobulbia,Thermodesulfobacteriota,10,0,0
Desulfococcaceae,Desulfobacterales,Desulfobacteria,Thermodesulfobacteriota,4,0,0
Desulfocucumaceae,Eubacteriales,Clostridia,Bacillota,1,0,0
Desulfohalobiaceae,Desulfovibrionales,Desulfovibrionia,Thermodesulfobacteriota,2,0,0
Desulfolunaceae,Desulfobacterales,Desulfobacteria,Thermodesulfobacteriota,3,0,0
Desulfomicrobiaceae,Desulfovibrionales,Desulfovibrionia,Thermodesulfobacteriota,6,0,0
Desulfomonilaceae,Desulfomonilales,Desulfomonilia,Thermodesulfobacteriota,1,0,0
Desulfonatronaceae,Desulfovibrionales,Desulfovibrionia,Thermodesulfobacteriota,4,0,0
Desulfonatronovibrionaceae,Desulfovibrionales,Desulfovibrionia,Thermodesulfobacteriota,3,0,0
Desulfonauticaceae,Desulfovibrionales,Desulfovibrionia,Thermodesulfobacteriota,2,0,0
Desulfoplanaceae,Desulfovibrionales,Desulfovibrionia,Thermodesulfobacteriota,1,0,0
Desulforegulaceae,Desulfobacterales,Desulfobacteria,Thermodesulfobacteriota,1,0,0
Desulfosalsimonadaceae,Desulfobacterales,Desulfobacteria,Thermodesulfobacteriota,1,0,0
Desulfosarcinaceae,Desulfobacterales,Desulfobacteria,Thermodesulfobacteriota,7,0,0
Desulfosudaceae,Desulfobacterales,Desulfobacteria,Thermodesulfobacteriota,1,0,0
Desulfotomaculaceae,Eubacteriales,Clostridia,Bacillota,6,0,0
Desulfovibrionaceae,Desulfovibrionales,Desulfovibrionia,Thermodesulfobacteriota,79,0,0
Desulfurellaceae,Desulfurellales,Desulfurellia,Campylobacterota,2,0,0
Desulfuribacillaceae,Desulfuribacillales,Desulfuribacillia,Bacillota,2,0,0
Desulfurisporaceae,Eubacteriales,Clostridia,Bacillota,1,0,0
Desulfurobacteriaceae,Desulfurobacteriales,Aquificia,Aquificota,8,0,0
Desulfuromonadaceae,Desulfuromonadales,Desulfuromonadia,Thermodesulfobacteriota,6,0,0
Dethiobacteraceae,Dethiobacterales,Dethiobacteria,Bacillota,1,0,0
Dethiosulfovibrionaceae,Synergistales,Synergistia,Synergistota,9,0,0
Devosiaceae,Hyphomicrobiales,Alphaproteobacteria,Pseudomonadota,59,59,1
Dictyoglomaceae,Dictyoglomales,Dictyoglomia,Dictyoglomota,2,0,0
Dietziaceae,Mycobacteriales,Actinomycetes,Actinomycetota,13,0,0
Dissulfuribacteraceae,Dissulfuribacterales,Dissulfuribacteria,Thermodesulfobacteriota,1,0,0
Dissulfurirhabdaceae,NA,Deltaproteobacteria,NA,1,0,0
Dissulfurispiraceae,Thermodesulfovibrionales,Thermodesulfovibrionia,Nitrospirota,1,0,0
Dongiaceae,Rhodospirillales,Alphaproteobacteria,Pseudomonadota,5,0,0
Dysgonomonadaceae,Bacteroidales,Bacteroidia,Bacteroidota,15,0,0
Echinimonadaceae,Alteromonadales,Gammaproteobacteria,Pseudomonadota,4,0,0
Ectothiorhodospiraceae,Chromatiales,Gammaproteobacteria,Pseudomonadota,46,0,0
Eggerthellaceae,Eggerthellales,Coriobacteriia,Actinomycetota,44,8,0.18181818181818182
Egibacteraceae,Egibacterales,Nitriliruptoria,Actinomycetota,1,0,0
Egicoccaceae,Egicoccales,Nitriliruptoria,Actinomycetota,1,0,0
Elioraeaceae,Acetobacterales,Alphaproteobacteria,Pseudomonadota,4,0,0
Elusimicrobiaceae,Elusimicrobiales,Elusimicrobia,Elusimicrobiota,1,0,0
Emcibacteraceae,Emcibacterales,Alphaproteobacteria,Pseudomonadota,4,0,0
Endomicrobiaceae,Endomicrobiales,Endomicrobiia,Elusimicrobiota,1,0,0
Endozoicomonadaceae,Oceanospirillales,Gammaproteobacteria,Pseudomonadota,14,0,0
Enterobacteriaceae,Enterobacterales,Gammaproteobacteria,Pseudomonadota,166,0,0
Enterococcaceae,Lactobacillales,Bacilli,Bacillota,100,6,0.06
Entomoplasmataceae,Entomoplasmatales,Mollicutes,Mycoplasmatota,14,0,0
Erwiniaceae,Enterobacterales,Gammaproteobacteria,Pseudomonadota,78,2,0.02564102564102564
Erysipelotrichaceae,Erysipelotrichales,Erysipelotrichia,Bacillota,42,0,0
Erythrobacteraceae,Sphingomonadales,Alphaproteobacteria,Pseudomonadota,144,144,1
Eubacteriaceae,Eubacteriales,Clostridia,Bacillota,36,0,0
Eubacteriales Family XII. Incertae Sedis,Eubacteriales,Clostridia,Bacillota,4,0,0
Euzebyaceae,Euzebyales,Nitriliruptoria,Actinomycetota,3,0,0
Fastidiosibacteraceae,Thiotrichales,Gammaproteobacteria,Pseudomonadota,7,0,0
Ferrimonadaceae,Alteromonadales,Gammaproteobacteria,Pseudomonadota,13,0,0
Ferrovaceae,Ferrovales,Betaproteobacteria,Pseudomonadota,1,0,0
Fervidobacteriaceae,Thermotogales,Thermotogae,Thermotogota,13,0,0
Fibrobacteraceae,Fibrobacterales,Fibrobacteria,Fibrobacterota,4,0,0
Fidelibacteraceae,Fidelibacterales,Fidelibacteria,Fidelibacterota,1,0,0
Filifactoraceae,Peptostreptococcales,Clostridia,Bacillota,7,0,0
Fimbriimonadaceae,Fimbriimonadales,Fimbriimonadia,Armatimonadota,1,0,0
Flammeovirgaceae,Cytophagales,Cytophagia,Bacteroidota,14,0,0
Flavobacteriaceae,Flavobacteriales,Flavobacteriia,Bacteroidota,987,0,0
Flectobacillaceae,Cytophagales,Cytophagia,Bacteroidota,26,0,0
Flexibacteraceae,Cytophagales,Cytophagia,Bacteroidota,1,0,0
Flexistipitaceae,Deferribacterales,Deferribacteres,Deferribacterota,1,0,0
Fluviibacteraceae,Rhodocyclales,Betaproteobacteria,Pseudomonadota,1,0,0
Fontisphaeraceae,Limisphaerales,Verrucomicrobiia,Verrucomicrobiota,1,0,0
Fortieaceae,Nostocales,Cyanophyceae,Cyanobacteriota,1,0,0
Francisellaceae,Thiotrichales,Gammaproteobacteria,Pseudomonadota,19,0,0
Frankiaceae,Frankiales,Actinomycetes,Actinomycetota,17,0,0
Fulvivirgaceae,Cytophagales,Cytophagia,Bacteroidota,19,0,0
Fusobacteriaceae,Fusobacteriales,Fusobacteriia,Fusobacteriota,28,0,0
Futianiaceae,Futianiales,Alphaproteobacteria,Pseudomonadota,1,0,0
Gaiellaceae,Gaiellales,Thermoleophilia,Actinomycetota,1,0,0
Gallaecimonadaceae,Enterobacterales,Gammaproteobacteria,Pseudomonadota,4,0,0
Gallionellaceae,Nitrosomonadales,Betaproteobacteria,Pseudomonadota,5,0,0
Gaopeijiaceae,Gaopeijiales,Longimicrobiia,Gemmatimonadota,1,0,0
Gemellaceae,Bacillales,Bacilli,Bacillota,8,0,0
Geminicoccaceae,Geminicoccales,Alphaproteobacteria,Pseudomonadota,9,0,0
Geminocystaceae,Chroococcales,Cyanophyceae,Cyanobacteriota,2,0,0
Gemmataceae,Gemmatales,Planctomycetia,Planctomycetota,12,12,1
Gemmatimonadaceae,Gemmatimonadales,Gemmatimonadia,Gemmatimonadota,6,0,0
Geoalkalibacteraceae,Desulfuromonadales,Desulfuromonadia,Thermodesulfobacteriota,3,0,0
Geobacteraceae,Geobacterales,Desulfuromonadia,Thermodesulfobacteriota,39,0,0
Geochordaceae,Limnochordales,Limnochordia,Bacillota,1,0,0
Geodermatophilaceae,Geodermatophilales,Actinomycetes,Actinomycetota,55,0,0
Geopsychrobacteraceae,Desulfuromonadales,Desulfuromonadia,Thermodesulfobacteriota,3,0,0
Geothermobacteraceae,Desulfuromonadales,Desulfuromonadia,Thermodesulfobacteriota,2,0,0
Geovibrionaceae,Deferribacterales,Deferribacteres,Deferribacterota,5,0,0
Gloeobacteraceae,Gloeobacterales,Cyanophyceae,Cyanobacteriota,3,0,0
Gloeomargaritaceae,Gloeomargaritales,Cyanophyceae,Cyanobacteriota,1,0,0
Glycomycetaceae,Glycomycetales,Actinomycetes,Actinomycetota,29,25,0.8620689655172413
Gomontiellaceae,Gomontiellales,Cyanophyceae,Cyanobacteriota,1,0,0
Gordoniaceae,Mycobacteriales,Actinomycetes,Actinomycetota,56,0,0
Gottschalkiaceae,Tissierellales,Tissierellia,Bacillota,3,0,0
Govaniaceae,Emcibacterales,Alphaproteobacteria,Pseudomonadota,1,0,0
Granulosicoccaceae,Chromatiales,Gammaproteobacteria,Pseudomonadota,2,0,0
Hafniaceae,Enterobacterales,Gammaproteobacteria,Pseudomonadota,9,0,0
Hahellaceae,Oceanospirillales,Gammaproteobacteria,Pseudomonadota,4,0,0
Halanaerobiaceae,Halanaerobiales,Clostridia,Bacillota,8,0,0
Halarsenatibacteraceae,Halanaerobiales,Clostridia,Bacillota,2,0,0
Halieaceae,Cellvibrionales,Gammaproteobacteria,Pseudomonadota,23,0,0
Haliovirgaceae,Fusobacteriales,Fusobacteriia,Fusobacteriota,1,0,0
Haliscomenobacteraceae,Saprospirales,Saprospiria,Bacteroidota,5,0,0
Halobacteriovoraceae,Bacteriovoracales,Bacteriovoracia,Bdellovibrionota,2,0,0
Halobacteroidaceae,Halanaerobiales,Clostridia,Bacillota,11,0,0
Halomonadaceae,Oceanospirillales,Gammaproteobacteria,Pseudomonadota,181,0,0
Haloplasmataceae,Haloplasmatales,Mollicutes,Mycoplasmatota,1,0,0
Halothecacae,Chroococcales,Cyanophyceae,Cyanobacteriota,1,0,0
Halothermotrichaceae,Halanaerobiales,Clostridia,Bacillota,1,0,0
Halothiobacillaceae,Chromatiales,Gammaproteobacteria,Pseudomonadota,2,0,0
Hapalosiphonaceae,Nostocales,Cyanophyceae,Cyanobacteriota,4,0,0
Helicobacteraceae,Campylobacterales,Epsilonproteobacteria,Campylobacterota,59,6,0.1016949152542373
Heliobacteriaceae,Eubacteriales,Clostridia,Bacillota,8,1,0.125
Hippeaceae,Desulfurellales,Desulfurellia,Campylobacterota,3,0,0
Holophagaceae,Holophagales,Holophagae,Acidobacteriota,15,0,0
Holosporaceae,Holosporales,Alphaproteobacteria,Pseudomonadota,4,4,1
Hoyosellaceae,Mycobacteriales,Actinomycetes,Actinomycetota,6,0,0
Hydrococcaceae,Pleurocapsales,Cyanophyceae,Cyanobacteriota,1,0,0
Hydrogenimonadaceae,Campylobacterales,Epsilonproteobacteria,Campylobacterota,4,0,0
Hydrogenophilaceae,Hydrogenophilales,Hydrogenophilia,Pseudomonadota,7,0,0
Hydrogenothermaceae,Aquificales,Aquificia,Aquificota,8,0,0
Hyellaceae,Pleurocapsales,Cyanophyceae,Cyanobacteriota,2,0,0
Hymenobacteraceae,Cytophagales,Cytophagia,Bacteroidota,167,0,0
Hyphomicrobiaceae,Hyphomicrobiales,Alphaproteobacteria,Pseudomonadota,24,0,0
Hyphomonadaceae,Hyphomonadales,Alphaproteobacteria,Pseudomonadota,25,5,0.2
Iamiaceae,Acidimicrobiales,Acidimicrobiia,Actinomycetota,5,1,0.2
Ichthyobacteriaceae,Flavobacteriales,Flavobacteriia,Bacteroidota,1,0,0
Idiomarinaceae,Alteromonadales,Gammaproteobacteria,Pseudomonadota,47,0,0
Ignatzschineriaceae,Cardiobacteriales,Gammaproteobacteria,Pseudomonadota,8,0,0
Ignavibacteriaceae,Ignavibacteriales,Ignavibacteria,Ignavibacteriota,1,0,0
Ilumatobacteraceae,Acidimicrobiales,Acidimicrobiia,Actinomycetota,4,4,1
Immundisolibacteraceae,Immundisolibacterales,Gammaproteobacteria,Pseudomonadota,1,0,0
Intestinicryptomonaceae,Opitutales,Opitutia,Verrucomicrobiota,1,0,0
Intrasporangiaceae,Micrococcales,Actinomycetes,Actinomycetota,70,3,0.04285714285714286
Iodidimonadaceae,Iodidimonadales,Alphaproteobacteria,Pseudomonadota,3,0,0
Isosphaeraceae,Isosphaerales,Planctomycetia,Planctomycetota,12,12,1
Jatrophihabitantaceae,Jatrophihabitantales,Actinomycetes,Actinomycetota,4,0,0
Jiangellaceae,Jiangellales,Actinomycetes,Actinomycetota,18,2,0.1111111111111111
Jonesiaceae,Micrococcales,Actinomycetes,Actinomycetota,6,0,0
Kaistiaceae,Hyphomicrobiales,Alphaproteobacteria,Pseudomonadota,13,0,0
Kallotenuaceae,Kallotenuales,Chloroflexia,Chloroflexota,1,0,0
Kangiellaceae,Kangiellales,Gammaproteobacteria,Pseudomonadota,10,0,0
Ketobacteraceae,Pseudomonadales,Gammaproteobacteria,Pseudomonadota,1,0,0
Kiloniellaceae,Rhodospirillales,Alphaproteobacteria,Pseudomonadota,8,0,0
Kineosporiaceae,Kineosporiales,Actinomycetes,Actinomycetota,26,0,0
Kiritimatiellaceae,Kiritimatiellales,Kiritimatiellia,Kiritimatiellota,1,0,0
Kofleriaceae,Haliangiales,NA,Myxococcota,1,0,0
Koleobacteraceae,Koleobacterales,Clostridia,Bacillota,1,0,0
Kordiimonadaceae,Kordiimonadales,Alphaproteobacteria,Pseudomonadota,11,0,0
Kosmotogaceae,Kosmotogales,Thermotogae,Thermotogota,5,0,0
Kribbellaceae,Propionibacteriales,Actinomycetes,Actinomycetota,37,0,0
Kribbibacteriaceae,Coriobacteriales,Coriobacteriia,Actinomycetota,3,3,1
Kytococcaceae,Micrococcales,Actinomycetes,Actinomycetota,3,0,0
Labilitrichaceae,Polyangiales,NA,Myxococcota,1,0,0
Lachnospiraceae,Lachnospirales,Clostridia,Bacillota,222,1,0.0045045045045045045
Lacipirellulaceae,Pirellulales,Planctomycetia,Planctomycetota,14,14,1
Lactobacillaceae,Lactobacillales,Bacilli,Bacillota,415,2,0.004819277108433735
Laspinemataceae,Oscillatoriales,Cyanophyceae,Cyanobacteriota,2,0,0
Lawsonellaceae,Mycobacteriales,Actinomycetes,Actinomycetota,1,0,0
Leadbetterellaceae,Cytophagales,Cytophagia,Bacteroidota,12,0,0
Leeiaceae,Neisseriales,Betaproteobacteria,Pseudomonadota,3,0,0
Legionellaceae,Legionellales,Gammaproteobacteria,Pseudomonadota,67,0,0
Lentimicrobiaceae,Bacteroidales,Bacteroidia,Bacteroidota,1,0,0
Lentisphaeraceae,Lentisphaerales,Lentisphaeria,Lentisphaerota,3,3,1
Leptolyngbyaceae,Leptolyngbyales,Cyanophyceae,Cyanobacteriota,12,0,0
Leptospiraceae,Leptospirales,Spirochaetia,Spirochaetota,75,0,0
Leptotrichiaceae,Fusobacteriales,Fusobacteriia,Fusobacteriota,22,0,0
Lewinellaceae,Saprospirales,Saprospiria,Bacteroidota,12,0,0
Lichenihabitantaceae,Hyphomicrobiales,Alphaproteobacteria,Pseudomonadota,5,1,0.2
Limisphaeraceae,Limisphaerales,Verrucomicrobiia,Verrucomicrobiota,1,0,0
Limnochordaceae,Limnochordales,Limnochordia,Bacillota,1,0,0
Listeriaceae,Bacillales,Bacilli,Bacillota,30,2,0.06666666666666667
Litorivicinaceae,Oceanospirillales,Gammaproteobacteria,Pseudomonadota,1,0,0
Longimicrobiaceae,Longimicrobiales,Longimicrobiia,Gemmatimonadota,1,0,0
Lujinxingiaceae,Bradymonadales,Deltaproteobacteria,NA,3,0,0
Lusitaniellaceae,Spirulinales,Cyanophyceae,Cyanobacteriota,1,0,0
Luteibaculaceae,Flavobacteriales,Flavobacteriia,Bacteroidota,1,0,0
Lutisporaceae,Lutisporales,Clostridia,Bacillota,2,0,0
Lysobacteraceae,Lysobacterales,Gammaproteobacteria,Pseudomonadota,234,1,0.004273504273504274
Magnetococcaceae,Magnetococcales,Magnetococcia,Pseudomonadota,2,0,0
Magnetospirillaceae,Rhodospirillales,Alphaproteobacteria,Pseudomonadota,5,0,0
Magnetovibrionaceae,Rhodospirillales,Alphaproteobacteria,Pseudomonadota,2,0,0
Maliibacteriaceae,Eubacteriales,Clostridia,Bacillota,1,0,0
Mangrovivirgaceae,Cytophagales,Cytophagia,Bacteroidota,2,0,0
Maricaulaceae,Maricaulales,Alphaproteobacteria,Pseudomonadota,19,0,0
Marinifilaceae,Marinilabiliales,Bacteroidia,Bacteroidota,13,0,0
Marinilabiliaceae,Marinilabiliales,Bacteroidia,Bacteroidota,21,0,0
Marinobacteraceae,Pseudomonadales,Gammaproteobacteria,Pseudomonadota,73,0,0
Mariprofundaceae,Mariprofundales,Zetaproteobacteria,Pseudomonadota,5,0,0
Marivirgaceae,Cytophagales,Cytophagia,Bacteroidota,8,0,0
Melioribacteraceae,Ignavibacteriales,Ignavibacteria,Ignavibacteriota,4,0,0
Merismopediaceae,Synechococcales,Cyanophyceae,Cyanobacteriota,2,0,0
Mesoaciditogaceae,Mesoaciditogales,Thermotogae,Thermotogota,2,0,0
Metamycoplasmataceae,Mycoplasmoidales,Mollicutes,Mycoplasmatota,19,0,0
Metamycoplasmataceae,Mycoplasmoidales,NA,Mycoplasmatota,10,0,0
Methylobacteriaceae,Hyphomicrobiales,Alphaproteobacteria,Pseudomonadota,107,0,0
Methylococcaceae,Methylococcales,Gammaproteobacteria,Pseudomonadota,43,0,0
Methylocystaceae,Hyphomicrobiales,Alphaproteobacteria,Pseudomonadota,12,0,0
Methylohalomonadaceae,Methylohalomonadales,Gammaproteobacteria,Pseudomonadota,1,0,0
Methylophilaceae,Nitrosomonadales,Betaproteobacteria,Pseudomonadota,23,0,0
Methylopilaceae,Hyphomicrobiales,Alphaproteobacteria,Pseudomonadota,10,0,0
Methylothermaceae,Methylococcales,Gammaproteobacteria,Pseudomonadota,3,0,0
Microbacteriaceae,Micrococcales,Actinomycetes,Actinomycetota,451,0,0
Microbulbiferaceae,Cellvibrionales,Gammaproteobacteria,Pseudomonadota,31,0,0
Micrococcaceae,Micrococcales,Actinomycetes,Actinomycetota,241,6,0.024896265560165973
Microcoleaceae,Oscillatoriales,Cyanophyceae,Cyanobacteriota,16,0,0
Microcystaceae,Chroococcales,Cyanophyceae,Cyanobacteriota,5,0,0
Micromonosporaceae,Micromonosporales,Actinomycetes,Actinomycetota,265,1,0.0037735849056603774
Micropepsaceae,Micropepsales,Alphaproteobacteria,Pseudomonadota,2,0,0
Microscillaceae,Cytophagales,Cytophagia,Bacteroidota,2,0,0
Microvenatoraceae,Bradymonadales,Deltaproteobacteria,NA,1,0,0
Miltoncostaeaceae,Miltoncostaeales,Thermoleophilia,Actinomycetota,2,2,1
Minwuiaceae,Minwuiales,Alphaproteobacteria,Pseudomonadota,1,0,0
Monoglobaceae,Monoglobales,Clostridia,Bacillota,1,0,0
Moorellaceae,Moorellales,Clostridia,Bacillota,7,0,0
Moraxellaceae,Moraxellales,Gammaproteobacteria,Pseudomonadota,171,0,0
Morganellaceae,Enterobacterales,Gammaproteobacteria,Pseudomonadota,96,0,0
Moritellaceae,Alteromonadales,Gammaproteobacteria,Pseudomonadota,4,0,0
Motilibacteraceae,Motilibacterales,Actinomycetes,Actinomycetota,4,0,0
Mucispirillaceae,Deferribacterales,Deferribacteres,Deferribacterota,1,1,1
Muribaculaceae,Bacteroidales,Bacteroidia,Bacteroidota,12,0,0
Mycobacteriaceae,Mycobacteriales,Actinomycetes,Actinomycetota,237,2,0.008438818565400843
Mycoplasmataceae,Mycoplasmatales,Mollicutes,Mycoplasmatota,21,0,0
Mycoplasmoidaceae,Mycoplasmoidales,NA,Mycoplasmatota,3,0,0
Myxococcaceae,Myxococcales,Myxococcia,Myxococcota,32,0,0
Nakamurellaceae,Nakamurellales,Actinomycetes,Actinomycetota,11,0,0
Nannocystaceae,Nannocystales,NA,Myxococcota,7,0,0
Natranaerobiaceae,Natranaerobiales,Clostridia,Bacillota,2,0,0
Natranaerofabaceae,Natranaerobiales,Clostridia,Bacillota,1,0,0
Natranaerovirgaceae,Lachnospirales,Clostridia,Bacillota,2,0,0
Natronincolaceae,Peptostreptococcales,Clostridia,Bacillota,11,0,0
Natronospiraceae,Natronospirales,Gammaproteobacteria,Pseudomonadota,3,0,0
Natronospirillaceae,Oceanospirillales,Gammaproteobacteria,Pseudomonadota,1,0,0
Nautiliaceae,Nautiliales,Epsilonproteobacteria,Campylobacterota,4,0,0
Neisseriaceae,Neisseriales,Betaproteobacteria,Pseudomonadota,78,0,0
Neomegalonemataceae,Rhodobacterales,Alphaproteobacteria,Pseudomonadota,1,0,0
Neosynechococcaceae,Neosynechococcales,Cyanophyceae,Cyanobacteriota,1,0,0
Nevskiaceae,Nevskiales,Gammaproteobacteria,Pseudomonadota,19,0,0
Nitratiruptoraceae,Nautiliales,Epsilonproteobacteria,Campylobacterota,4,0,0
Nitriliruptoraceae,Nitriliruptorales,Nitriliruptoria,Actinomycetota,1,0,0
Nitrobacteraceae,Hyphomicrobiales,Alphaproteobacteria,Pseudomonadota,103,1,0.009708737864077669
Nitrosomonadaceae,Nitrosomonadales,Betaproteobacteria,Pseudomonadota,16,1,0.0625
Nitrospinaceae,Nitrospinales,Nitrospinia,Nitrospinota,2,0,0
Nitrospiraceae,Nitrospirales,Nitrospiria,Nitrospirota,7,0,0
Nocardiaceae,Mycobacteriales,Actinomycetes,Actinomycetota,186,1,0.005376344086021506
Nocardioidaceae,Propionibacteriales,Actinomycetes,Actinomycetota,187,3,0.016042780748663103
Nocardiopsidaceae,Streptosporangiales,Actinomycetes,Actinomycetota,67,3,0.04477611940298507
Nodosilineaceae,Nodosilineales,Cyanophyceae,Cyanobacteriota,4,0,0
Nodulariaceae,Nostocales,Cyanophyceae,Cyanobacteriota,11,0,0
Nostocaceae,Nostocales,Cyanophyceae,Cyanobacteriota,29,0,0
Notoacmeibacteraceae,Hyphomicrobiales,Alphaproteobacteria,Pseudomonadota,3,0,0
Novispirillaceae,Rhodospirillales,Alphaproteobacteria,Pseudomonadota,5,0,0
Oceanibaculaceae,Rhodospirillales,Alphaproteobacteria,Pseudomonadota,3,0,0
Oceanipulchritudinaceae,Puniceicoccales,Opitutia,Verrucomicrobiota,1,0,0
Oceanococcaceae,Chromatiales,Gammaproteobacteria,Pseudomonadota,2,0,0
Oceanospirillaceae,Oceanospirillales,Gammaproteobacteria,Pseudomonadota,116,0,0
Oculatellaceae,Oculatellales,Cyanophyceae,Cyanobacteriota,3,0,0
Odoribacteraceae,Bacteroidales,Bacteroidia,Bacteroidota,10,0,0
Oleiphilaceae,Oceanospirillales,Gammaproteobacteria,Pseudomonadota,1,0,0
Oleispirillaceae,Rhodospirillales,Alphaproteobacteria,Pseudomonadota,1,0,0
Oligoflexaceae,Oligoflexales,Oligoflexia,Bdellovibrionota,1,0,0
Oligosphaeraceae,Oligosphaerales,Oligosphaeria,Lentisphaerota,1,1,1
Opitutaceae,Opitutales,Opitutia,Verrucomicrobiota,13,0,0
Orbaceae,Orbales,Gammaproteobacteria,Pseudomonadota,15,0,0
Ornithinimicrobiaceae,Micrococcales,Actinomycetes,Actinomycetota,20,0,0
Oscillatoriaceae,Oscillatoriales,Cyanophyceae,Cyanobacteriota,12,0,0
Oscillospiraceae,Eubacteriales,Clostridia,Bacillota,90,1,0.011111111111111112
Ostreibacteriaceae,Cardiobacteriales,Gammaproteobacteria,Pseudomonadota,1,0,0
Owenweeksiaceae,Flavobacteriales,Flavobacteriia,Bacteroidota,2,0,0
Oxalobacteraceae,Burkholderiales,Betaproteobacteria,Pseudomonadota,184,0,0
Paenibacillaceae,Bacillales,Bacilli,Bacillota,400,65,0.1625
Paludibacteraceae,Bacteroidales,Bacteroidia,Bacteroidota,2,0,0
Parachlamydiaceae,Parachlamydiales,Chlamydiia,Chlamydiota,1,0,0
Paracoccaceae,Rhodobacterales,Alphaproteobacteria,Pseudomonadota,404,0,0
Paraconexibacteraceae,Solirubrobacterales,Thermoleophilia,Actinomycetota,2,0,0
Parvibaculaceae,Hyphomicrobiales,Alphaproteobacteria,Pseudomonadota,6,0,0
Parvicellaceae,Flavobacteriales,Flavobacteriia,Bacteroidota,1,0,0
Parvularculaceae,Parvularculales,Alphaproteobacteria,Pseudomonadota,15,0,0
Pasteurellaceae,Pasteurellales,Gammaproteobacteria,Pseudomonadota,99,1,0.010101010101010102
Patulibacteraceae,Solirubrobacterales,Thermoleophilia,Actinomycetota,5,0,0
Pectobacteriaceae,Enterobacterales,Gammaproteobacteria,Pseudomonadota,57,0,0
Pelagicoccaceae,Puniceicoccales,Opitutia,Verrucomicrobiota,3,0,0
Pendulisporaceae,Myxococcales,Myxococcia,Myxococcota,3,0,0
Peptoclostridiaceae,Peptostreptococcales,Clostridia,Bacillota,2,0,0
Peptococcaceae,Eubacteriales,Clostridia,Bacillota,26,2,0.07692307692307693
Peptoniphilaceae,Tissierellales,Tissierellia,Bacillota,74,3,0.04054054054054054
Peptostreptococcaceae,Peptostreptococcales,Clostridia,Bacillota,40,0,0
Perlucidibacaceae,Pseudomonadales,Gammaproteobacteria,Pseudomonadota,2,0,0
Persicobacteraceae,Cytophagales,Cytophagia,Bacteroidota,4,0,0
Petrachlorosaceae,Synechococcales,Cyanophyceae,Cyanobacteriota,1,0,0
Petrotogaceae,Petrotogales,Thermotogae,Thermotogota,15,2,0.13333333333333333
Phaeocystidibacteraceae,Flavobacteriales,Flavobacteriia,Bacteroidota,2,0,0
Phototrophicaceae,Phototrophicales,Candidatus Thermofonsia,Chloroflexota,1,0,0
Phreatobacteraceae,Hyphomicrobiales,Alphaproteobacteria,Pseudomonadota,4,0,0
Phycisphaeraceae,Phycisphaerales,Phycisphaerae,Planctomycetota,4,4,1
Phyllobacteriaceae,Hyphomicrobiales,Alphaproteobacteria,Pseudomonadota,132,0,0
Pirellulaceae,Pirellulales,Planctomycetia,Planctomycetota,51,51,1
Piscirickettsiaceae,Thiotrichales,Gammaproteobacteria,Pseudomonadota,35,0,0
Planctomycetaceae,Planctomycetales,Planctomycetia,Planctomycetota,32,32,1
Pleioneaceae,Oceanospirillales,Gammaproteobacteria,Pseudomonadota,6,0,0
Pleomorphomonadaceae,Hyphomicrobiales,Alphaproteobacteria,Pseudomonadota,12,0,0
Polyangiaceae,Polyangiales,NA,Myxococcota,11,0,0
Pontiellaceae,Kiritimatiellales,Kiritimatiellia,Kiritimatiellota,3,0,0
Porphyromonadaceae,Bacteroidales,Bacteroidia,Bacteroidota,29,1,0.034482758620689655
Porticoccaceae,Cellvibrionales,Gammaproteobacteria,Pseudomonadota,2,0,0
Prevotellaceae,Bacteroidales,Bacteroidia,Bacteroidota,83,1,0.012048192771084338
Prochlorococcaceae,Synechococcales,Cyanophyceae,Cyanobacteriota,4,0,0
Prochlorotrichaceae,Prochlorotrichales,Cyanophyceae,Cyanobacteriota,1,0,0
Prolixibacteraceae,Marinilabiliales,Bacteroidia,Bacteroidota,25,0,0
Promicromonosporaceae,Micrococcales,Actinomycetes,Actinomycetota,44,0,0
Propionibacteriaceae,Propionibacteriales,Actinomycetes,Actinomycetota,77,8,0.1038961038961039
Propylenellaceae,Hyphomicrobiales,Alphaproteobacteria,Pseudomonadota,1,0,0
Proteinivoraceae,Eubacteriales,Clostridia,Bacillota,5,0,0
Pseudanabaenaceae,Pseudanabaenales,Cyanophyceae,Cyanobacteriota,9,0,0
Pseudoalteromonadaceae,Alteromonadales,Gammaproteobacteria,Pseudomonadota,60,1,0.016666666666666666
Pseudobacteriovoracaceae,Oligoflexales,Oligoflexia,Bdellovibrionota,1,0,0
Pseudobdellovibrionaceae,Bdellovibrionales,Bdellovibrionia,Bdellovibrionota,5,0,0
Pseudohongiellaceae,Pseudomonadales,Gammaproteobacteria,Pseudomonadota,2,0,0
Pseudomonadaceae,Pseudomonadales,Gammaproteobacteria,Pseudomonadota,443,0,0
Pseudonocardiaceae,Pseudonocardiales,Actinomycetes,Actinomycetota,329,2,0.0060790273556231
Psittacicellaceae,Pasteurellales,Gammaproteobacteria,Pseudomonadota,3,0,0
Psychromonadaceae,Alteromonadales,Gammaproteobacteria,Pseudomonadota,12,0,0
Pumilibacteraceae,Eubacteriales,Clostridia,Bacillota,3,0,0
Puniceicoccaceae,Puniceicoccales,Opitutia,Verrucomicrobiota,1,0,0
Pyrinomonadaceae,Blastocatellales,Blastocatellia,Acidobacteriota,1,0,0
Raineyaceae,Cytophagales,Cytophagia,Bacteroidota,1,0,0
Rarobacteraceae,Micrococcales,Actinomycetes,Actinomycetota,2,0,0
Rectinemataceae,Spirochaetales,Spirochaetia,Spirochaetota,1,0,0
Reichenbachiellaceae,Cytophagales,Cytophagia,Bacteroidota,10,0,0
Reyranellaceae,Hyphomicrobiales,Alphaproteobacteria,Pseudomonadota,4,0,0
Rhabdaerophilaceae,Hyphomicrobiales,Alphaproteobacteria,Pseudomonadota,1,0,0
Rhizobiaceae,Hyphomicrobiales,Alphaproteobacteria,Pseudomonadota,216,4,0.018518518518518517
Rhodanobacteraceae,Lysobacterales,Gammaproteobacteria,Pseudomonadota,92,0,0
Rhodobiaceae,Hyphomicrobiales,Alphaproteobacteria,Pseudomonadota,2,0,0
Rhodoblastaceae,Hyphomicrobiales,Alphaproteobacteria,Pseudomonadota,2,0,0
Rhodocyclaceae,Rhodocyclales,Betaproteobacteria,Pseudomonadota,27,0,0
Rhodocytophagaceae,Cytophagales,Cytophagia,Bacteroidota,2,0,0
Rhodoligotrophaceae,Hyphomicrobiales,Alphaproteobacteria,Pseudomonadota,2,0,0
Rhodospirillaceae,Rhodospirillales,Alphaproteobacteria,Pseudomonadota,34,1,0.029411764705882353
Rhodothalassiaceae,Rhodothalassiales,Alphaproteobacteria,Pseudomonadota,1,0,0
Rhodothermaceae,Rhodothermales,Rhodothermia,Rhodothermota,4,0,0
Rhodovibrionaceae,Rhodospirillales,Alphaproteobacteria,Pseudomonadota,12,0,0
Rickettsiaceae,Rickettsiales,Alphaproteobacteria,Pseudomonadota,5,2,0.4
Rikenellaceae,Bacteroidales,Bacteroidia,Bacteroidota,22,0,0
Robiginitomaculaceae,Maricaulales,Alphaproteobacteria,Pseudomonadota,9,1,0.1111111111111111
Roseiarcaceae,Hyphomicrobiales,Alphaproteobacteria,Pseudomonadota,2,0,0
Roseiflexaceae,Chloroflexales,Chloroflexia,Chloroflexota,1,0,0
Roseiterribacteraceae,Rhodospirillales,Alphaproteobacteria,Pseudomonadota,1,0,0
Roseivirgaceae,Cytophagales,Cytophagia,Bacteroidota,7,0,0
Roseobacteraceae,Rhodobacterales,Alphaproteobacteria,Pseudomonadota,303,1,0.0033003300330033004
Roseomonadaceae,Acetobacterales,Alphaproteobacteria,Pseudomonadota,51,0,0
Ruaniaceae,Micrococcales,Actinomycetes,Actinomycetota,11,0,0
Rubricoccaceae,Rhodothermales,Rhodothermia,Rhodothermota,3,0,0
Rubritaleaceae,Verrucomicrobiales,Verrucomicrobiia,Verrucomicrobiota,6,0,0
Rubrobacteraceae,Rubrobacterales,Rubrobacteria,Actinomycetota,9,0,0
Saccharospirillaceae,Oceanospirillales,Gammaproteobacteria,Pseudomonadota,12,0,0
Saeziaceae,Burkholderiales,Betaproteobacteria,Pseudomonadota,1,0,0
Salaquimonadaceae,Hyphomicrobiales,Alphaproteobacteria,Pseudomonadota,1,0,0
Salibacteraceae,Flavobacteriales,Flavobacteriia,Bacteroidota,1,0,0
Salinarimonadaceae,Hyphomicrobiales,Alphaproteobacteria,Pseudomonadota,4,0,0
Salinibacteraceae,Rhodothermales,Rhodothermia,Rhodothermota,4,0,0
Salinicoccaceae,Bacillales,Bacilli,Bacillota,4,2,0.5
Salinisphaeraceae,Salinisphaerales,Gammaproteobacteria,Pseudomonadota,8,0,0
Salinivirgaceae,Bacteroidales,Bacteroidia,Bacteroidota,1,0,0
Salisaetaceae,Rhodothermales,Rhodothermia,Rhodothermota,3,0,0
Salsipaludibacteraceae,Salsipaludibacterales,Nitriliruptoria,Actinomycetota,1,1,1
Sandaracinaceae,Polyangiales,NA,Myxococcota,1,0,0
Sanguibacteraceae,Micrococcales,Actinomycetes,Actinomycetota,9,0,0
Sanyastnellaceae,Flavobacteriales,Flavobacteriia,Bacteroidota,1,0,0
Saprospiraceae,Saprospirales,Saprospiria,Bacteroidota,4,0,0
Schleiferiaceae,Flavobacteriales,Flavobacteriia,Bacteroidota,2,0,0
Scytonemataceae,Nostocales,Cyanophyceae,Cyanobacteriota,7,0,0
Sedimenticolaceae,Chromatiales,Gammaproteobacteria,Pseudomonadota,5,0,0
Sedimentisphaeraceae,Sedimentisphaerales,Phycisphaerae,Planctomycetota,3,3,1
Segniliparaceae,Mycobacteriales,Actinomycetes,Actinomycetota,2,2,1
Segnochrobactraceae,Hyphomicrobiales,Alphaproteobacteria,Pseudomonadota,2,0,0
Selenomonadaceae,Selenomonadales,Negativicutes,Bacillota,31,0,0
Shewanellaceae,Alteromonadales,Gammaproteobacteria,Pseudomonadota,103,0,0
Shiellaceae,Cytophagales,Cytophagia,Bacteroidota,1,0,0
Shumkoniaceae,Rhodospirillales,Alphaproteobacteria,Pseudomonadota,1,0,0
Silvanigrellaceae,Silvanigrellales,Oligoflexia,Bdellovibrionota,6,0,0
Simkaniaceae,Parachlamydiales,Chlamydiia,Chlamydiota,1,0,0
Sirenicapillariaceae,Oscillatoriales,Cyanophyceae,Cyanobacteriota,4,0,0
Sneathiellaceae,Sneathiellales,Alphaproteobacteria,Pseudomonadota,10,0,0
Solirubrobacteraceae,Solirubrobacterales,Thermoleophilia,Actinomycetota,5,0,0
Speluncibacteraceae,Mycobacteriales,Actinomycetes,Actinomycetota,1,0,0
Sphaerobacteraceae,Sphaerobacterales,Thermomicrobia,Thermomicrobiota,1,0,0
Sphaerochaetaceae,Spirochaetales,Spirochaetia,Spirochaetota,5,1,0.2
Sphaerotilaceae,Burkholderiales,Betaproteobacteria,Pseudomonadota,74,0,0
Sphingobacteriaceae,Sphingobacteriales,Sphingobacteriia,Bacteroidota,264,0,0
Sphingomonadaceae,Sphingomonadales,Alphaproteobacteria,Pseudomonadota,357,356,0.9971988795518207
Sphingosinicellaceae,Sphingomonadales,Alphaproteobacteria,Pseudomonadota,28,5,0.17857142857142858
Spirochaetaceae,Spirochaetales,Spirochaetia,Spirochaetota,17,3,0.17647058823529413
Spiroplasmataceae,Entomoplasmatales,Mollicutes,Mycoplasmatota,48,0,0
Spirosomataceae,Cytophagales,Cytophagia,Bacteroidota,61,0,0
Spirulinaceae,Spirulinales,Cyanophyceae,Cyanobacteriota,2,0,0
Splendidivirgaceae,Cytophagales,Cytophagia,Bacteroidota,2,0,0
Spongiibacteraceae,Cellvibrionales,Gammaproteobacteria,Pseudomonadota,18,0,0
Sporanaerobacteraceae,Tissierellales,Tissierellia,Bacillota,3,1,0.3333333333333333
Sporichthyaceae,Sporichthyales,Actinomycetes,Actinomycetota,4,0,0
Sporolactobacillaceae,Bacillales,Bacilli,Bacillota,20,0,0
Sporomusaceae,Selenomonadales,Negativicutes,Bacillota,23,0,0
Staphylococcaceae,Bacillales,Bacilli,Bacillota,99,1,0.010101010101010102
Stappiaceae,Hyphomicrobiales,Alphaproteobacteria,Pseudomonadota,39,3,0.07692307692307693
Stellaceae,Rhodospirillales,Alphaproteobacteria,Pseudomonadota,1,0,0
Steroidobacteraceae,Steroidobacterales,Gammaproteobacteria,Pseudomonadota,8,0,0
Sterolibacteriaceae,Nitrosomonadales,Betaproteobacteria,Pseudomonadota,10,0,0
Stomatohabitantaceae,Stomatohabitantales,Nitriliruptoria,Actinomycetota,1,1,1
Streptococcaceae,Lactobacillales,Bacilli,Bacillota,165,4,0.024242424242424242
Streptomycetaceae,Kitasatosporales,Actinomycetes,Actinomycetota,852,14,0.01643192488262911
Streptosporangiaceae,Streptosporangiales,Actinomycetes,Actinomycetota,149,0,0
Succinivibrionaceae,Aeromonadales,Gammaproteobacteria,Pseudomonadota,7,1,0.14285714285714285
Sulfuricellaceae,Nitrosomonadales,Betaproteobacteria,Pseudomonadota,7,0,0
Sulfurimonadaceae,Campylobacterales,Epsilonproteobacteria,Campylobacterota,14,0,0
Sulfurospirillaceae,Campylobacterales,Epsilonproteobacteria,Campylobacterota,10,0,0
Sulfurovaceae,Campylobacterales,Epsilonproteobacteria,Campylobacterota,7,0,0
Sutterellaceae,Burkholderiales,Betaproteobacteria,Pseudomonadota,15,2,0.13333333333333333
Symbiobacteriaceae,Eubacteriales,Clostridia,Bacillota,3,0,0
Symphyonemataceae,Nostocales,Cyanophyceae,Cyanobacteriota,1,0,0
Synechococcaceae,Synechococcales,Cyanophyceae,Cyanobacteriota,3,0,0
Synergistaceae,Synergistales,Synergistia,Synergistota,6,0,0
Syntrophaceae,Syntrophales,Syntrophia,Thermodesulfobacteriota,2,0,0
Syntrophobacteraceae,Syntrophobacterales,Syntrophobacteria,Thermodesulfobacteriota,7,0,0
Syntrophomonadaceae,Eubacteriales,Clostridia,Bacillota,5,0,0
Syntrophorhabdaceae,Syntrophorhabdales,Syntrophorhabdia,Thermodesulfobacteriota,1,0,0
Syntrophotaleaceae,Desulfuromonadales,Desulfuromonadia,Thermodesulfobacteriota,3,0,0
Tannerellaceae,Bacteroidales,Bacteroidia,Bacteroidota,22,0,0
Temperatibacteraceae,Kordiimonadales,Alphaproteobacteria,Pseudomonadota,2,0,0
Tenuifilaceae,Bacteroidales,Bacteroidia,Bacteroidota,2,0,0
Tepidamorphaceae,Hyphomicrobiales,Alphaproteobacteria,Pseudomonadota,4,0,0
Tepidanaerobacteraceae,Thermosediminibacterales,Clostridia,Bacillota,3,0,0
Tepidibacteraceae,Peptostreptococcales,Clostridia,Bacillota,2,0,0
Tepidimicrobiaceae,Tissierellales,Tissierellia,Bacillota,3,1,0.3333333333333333
Tepidisphaeraceae,Tepidisphaerales,Phycisphaerae,Planctomycetota,1,1,1
Terasakiellaceae,Rhodospirillales,Alphaproteobacteria,Pseudomonadota,2,0,0
Terrimicrobiaceae,Terrimicrobiales,Terrimicrobiia,Verrucomicrobiota,1,0,0
Terrirubraceae,Hyphomicrobiales,Alphaproteobacteria,Pseudomonadota,1,0,0
Thalassobaculaceae,Rhodospirillales,Alphaproteobacteria,Pseudomonadota,7,0,0
Thalassospiraceae,Rhodospirillales,Alphaproteobacteria,Pseudomonadota,14,0,0
Thermaceae,Thermales,Deinococci,Deinococcota,41,0,0
Thermatribacteraceae,Atribacterales,Atribacteria,Atribacterota,1,0,0
Thermincolaceae,Eubacteriales,Clostridia,Bacillota,1,0,0
Thermithiobacillaceae,Acidithiobacillales,Acidithiobacillia,Pseudomonadota,2,0,0
Thermoactinomycetaceae,Bacillales,Bacilli,Bacillota,42,0,0
Thermoanaerobacteraceae,Thermoanaerobacterales,Clostridia,Bacillota,29,0,0
Thermoanaerobacterales Family III. Incertae Sedis,Thermoanaerobacterales,Clostridia,Bacillota,1,0,0
Thermoanaerobacterales Family IV. Incertae Sedis,Thermoanaerobacterales,Clostridia,Bacillota,1,0,0
Thermoanaerobaculaceae,Thermoanaerobaculales,Thermoanaerobaculia,Acidobacteriota,1,0,0
Thermodesulfatatoraceae,Thermodesulfobacteriales,Thermodesulfobacteria,Thermodesulfobacteriota,3,0,0
Thermodesulfobacteriaceae,Thermodesulfobacteriales,Thermodesulfobacteria,Thermodesulfobacteriota,9,6,0.6666666666666666
Thermodesulfobiaceae,Thermodesulfobiales,Thermodesulfobiia,Thermodesulfobiota,2,0,0
Thermodesulforhabdaceae,Syntrophobacterales,Syntrophobacteria,Thermodesulfobacteriota,1,0,0
Thermodesulfovibrionaceae,Thermodesulfovibrionales,Thermodesulfovibrionia,Nitrospirota,6,0,0
Thermoflexibacteraceae,Cytophagales,Cytophagia,Bacteroidota,2,0,0
Thermoguttaceae,Pirellulales,Planctomycetia,Planctomycetota,1,1,1
Thermohalobacteraceae,Tissierellales,Tissierellia,Bacillota,6,0,0
Thermoleophilaceae,Thermoleophilales,Thermoleophilia,Actinomycetota,1,0,0
Thermomicrobiaceae,Thermomicrobiales,Thermomicrobia,Thermomicrobiota,1,0,0
Thermomonosporaceae,Streptosporangiales,Actinomycetes,Actinomycetota,92,0,0
Thermonemataceae,Cytophagales,Cytophagia,Bacteroidota,2,0,0
Thermosediminibacteraceae,Thermosediminibacterales,Clostridia,Bacillota,5,0,0
Thermospiraceae,Brevinematales,Spirochaetia,Spirochaetota,1,0,0
Thermostichaceae,Thermostichales,Cyanophyceae,Cyanobacteriota,1,0,0
Thermosulfidibacteraceae,Thermosulfidibacterales,Thermosulfidibacteria,Thermosulfidibacterota,1,0,0
Thermosynechococcaceae,Acaryochloridales,Cyanophyceae,Cyanobacteriota,4,0,0
Thermotaleaceae,Peptostreptococcales,Clostridia,Bacillota,7,0,0
Thermotogaceae,Thermotogales,Thermotogae,Thermotogota,9,0,0
Thermotomaculaceae,Thermotomaculales,Holophagae,Acidobacteriota,1,0,0
Thermovirgaceae,Synergistales,Synergistia,Synergistota,1,0,0
Thioalkalibacteraceae,Chromatiales,Gammaproteobacteria,Pseudomonadota,2,0,0
Thiobacillaceae,Nitrosomonadales,Betaproteobacteria,Pseudomonadota,5,0,0
Thiobacteraceae,Burkholderiales,Betaproteobacteria,Pseudomonadota,1,0,0
Thiofilaceae,Thiotrichales,Gammaproteobacteria,Pseudomonadota,1,0,0
Thiohalobacteraceae,Thiohalobacterales,Gammaproteobacteria,Pseudomonadota,1,0,0
Thiohalomonadaceae,Thiohalomonadales,Gammaproteobacteria,Pseudomonadota,2,0,0
Thiohalophilaceae,Thiohalomonadales,Gammaproteobacteria,Pseudomonadota,1,0,0
Thiohalorhabdaceae,Thiohalorhabdales,Gammaproteobacteria,Pseudomonadota,2,0,0
Thiohalospiraceae,Thiohalospirales,Gammaproteobacteria,Pseudomonadota,1,0,0
Thiolinaceae,Thiotrichales,Gammaproteobacteria,Pseudomonadota,1,0,0
Thiotrichaceae,Thiotrichales,Gammaproteobacteria,Pseudomonadota,15,0,0
Thiovibrionaceae,Desulfobulbales,Desulfobulbia,Thermodesulfobacteriota,1,0,0
Thorselliaceae,Enterobacterales,Gammaproteobacteria,Pseudomonadota,2,0,0
Tichowtungiaceae,Tichowtungiales,Tichowtungiia,Kiritimatiellota,1,0,0
Tindalliaceae,Peptostreptococcales,Clostridia,Bacillota,2,0,0
Tissierellaceae,Tissierellales,Tissierellia,Bacillota,8,0,0
Tolypothrichaceae,Nostocales,Cyanophyceae,Cyanobacteriota,4,0,0
Treboniaceae,Streptosporangiales,Actinomycetes,Actinomycetota,1,1,1
Treponemataceae,Spirochaetales,Spirochaetia,Spirochaetota,27,0,0
Trichocoleusaceae,Leptolyngbyales,Cyanophyceae,Cyanobacteriota,2,0,0
Tropherymataceae,Micrococcales,Actinomycetes,Actinomycetota,1,0,0
Trueperaceae,Trueperales,Deinococci,Deinococcota,1,0,0
Tsukamurellaceae,Mycobacteriales,Actinomycetes,Actinomycetota,12,0,0
Turicibacteraceae,Erysipelotrichales,Erysipelotrichia,Bacillota,3,0,0
Usitatibacteraceae,Nitrosomonadales,Betaproteobacteria,Pseudomonadota,2,0,0
Vallicoccaceae,Motilibacterales,Actinomycetes,Actinomycetota,1,0,0
Vallitaleaceae,Lachnospirales,Clostridia,Bacillota,5,0,0
Veillonellaceae,Veillonellales,Negativicutes,Bacillota,46,0,0
Ventosimonadaceae,Pseudomonadales,Gammaproteobacteria,Pseudomonadota,1,0,0
Verrucomicrobiaceae,Verrucomicrobiales,Verrucomicrobiia,Verrucomicrobiota,31,0,0
Vibrionaceae,Vibrionales,Gammaproteobacteria,Pseudomonadota,226,0,0
Vicinamibacteraceae,Vicinamibacterales,Vicinamibacteria,Acidobacteriota,1,0,0
Vicingaceae,Flavobacteriales,Flavobacteriia,Bacteroidota,1,0,0
Victivallaceae,Victivallales,Lentisphaeria,Lentisphaerota,2,2,1
Vulgatibacteraceae,Myxococcales,Myxococcia,Myxococcota,1,0,0
Waddliaceae,Parachlamydiales,Chlamydiia,Chlamydiota,1,0,0
Weeksellaceae,Flavobacteriales,Flavobacteriia,Bacteroidota,198,0,0
Wenzhouxiangellaceae,Chromatiales,Gammaproteobacteria,Pseudomonadota,5,0,0
Williamwhitmaniaceae,Bacteroidales,Bacteroidia,Bacteroidota,1,0,0
Winmispiraceae,Winmispirales,Spirochaetia,Spirochaetota,1,0,0
Woeseiaceae,Woeseiales,Gammaproteobacteria,Pseudomonadota,4,0,0
Xanthobacteraceae,Hyphomicrobiales,Alphaproteobacteria,Pseudomonadota,39,0,0
Xylanivirgaceae,Caldicoprobacterales,Clostridia,Bacillota,1,1,1
Yersiniaceae,Enterobacterales,Gammaproteobacteria,Pseudomonadota,76,0,0
Zavarziniaceae,Rhodospirillales,Alphaproteobacteria,Pseudomonadota,3,0,0
Zhaonellaceae,Moorellales,Clostridia,Bacillota,1,0,0
Zoogloeaceae,Rhodocyclales,Betaproteobacteria,Pseudomonadota,35,0,0
Zooshikellaceae,Oceanospirillales,Gammaproteobacteria,Pseudomonadota,5,0,0
Zymomonadaceae,Sphingomonadales,Alphaproteobacteria,Pseudomonadota,1,1,1
NA,Alteromonadales,Gammaproteobacteria,Pseudomonadota,3,0,0
NA,Bacillales,Bacilli,Bacillota,19,0,0
NA,Burkholderiales,Betaproteobacteria,Pseudomonadota,26,0,0
NA,Cytophagales,Cytophagia,Bacteroidota,1,0,0
NA,Entomoplasmatales,Mollicutes,Mycoplasmatota,3,0,0
NA,Eubacteriales,Clostridia,Bacillota,15,0,0
NA,Halanaerobiales,Clostridia,Bacillota,1,0,0
NA,Hyphomicrobiales,Alphaproteobacteria,Pseudomonadota,6,0,0
NA,Lactobacillales,Bacilli,Bacillota,1,0,0
NA,Limisphaerales,Verrucomicrobiia,Verrucomicrobiota,1,0,0
NA,Mariprofundales,Zetaproteobacteria,Pseudomonadota,1,0,0
NA,Micrococcales,Actinomycetes,Actinomycetota,7,0,0
NA,Mycobacteriales,Actinomycetes,Actinomycetota,6,0,0
NA,Myxococcales,Myxococcia,Myxococcota,1,0,0
NA,Oceanospirillales,Gammaproteobacteria,Pseudomonadota,2,0,0
NA,Rhodobacterales,Alphaproteobacteria,Pseudomonadota,15,0,0
NA,Rickettsiales,Alphaproteobacteria,Pseudomonadota,1,0,0
NA,Silvanigrellales,Oligoflexia,Bdellovibrionota,1,0,0
NA,Streptosporangiales,Actinomycetes,Actinomycetota,1,0,0
NA,Thiotrichales,Gammaproteobacteria,Pseudomonadota,1,0,0
NA,NA,Betaproteobacteria,Pseudomonadota,1,0,0
NA,NA,Clostridia,Bacillota,1,0,0
NA,NA,Deltaproteobacteria,NA,1,0,0
NA,NA,Gammaproteobacteria,Pseudomonadota,8,0,0
NA,NA,Hydrogenophilia,Pseudomonadota,1,0,0
NA,NA,Planctomycetia,Planctomycetota,4,4,1
NA,NA,Tissierellia,Bacillota,7,0,0
NA,NA,NA,Bacillota,4,0,0
NA,NA,NA,Cyanobacteriota,1,0,0
NA,NA,NA,Verrucomicrobiota,2,0,0
NA,NA,NA,NA,471,34,0.07218683651804671
