accession_numbers,species,target_name,gene_copy,target_length,alig_score,core_dist,Nt_pos_Ecoli,Nt_mutation,Nt_target,n_possible
GCF_034555895.2,Mycobacterium europaeum,rrs_1_Mycobacterium europaeum_GCF_034555895.2,1,1519,-1328.4700927734375,114,523,C,NA,NA
GCF_034555895.2,Mycobacterium europaeum,rrs_1_Mycobacterium europaeum_GCF_034555895.2,1,1519,-1328.4700927734375,114,893,A,C,1
GCF_034555895.2,Mycobacterium europaeum,rrs_1_Mycobacterium europaeum_GCF_034555895.2,1,1519,-1328.4700927734375,114,912,G,C,1
GCF_963853645.1,Mycobacterium riyadhense,rrs_1_Mycobacterium riyadhense_GCF_963853645.1,1,1531,-1365.1690673828125,106,523,C,C,1
GCF_963853645.1,Mycobacterium riyadhense,rrs_1_Mycobacterium riyadhense_GCF_963853645.1,1,1531,-1365.1690673828125,106,893,A,C,1
GCF_963853645.1,Mycobacterium riyadhense,rrs_1_Mycobacterium riyadhense_GCF_963853645.1,1,1531,-1365.1690673828125,106,912,G,C,1
GCF_041206865.1,Mycobacterium servetii,rrs_1_Mycobacterium servetii_GCF_041206865.1,1,1518,-1191.417724609375,114,523,C,NA,NA
GCF_041206865.1,Mycobacterium servetii,rrs_1_Mycobacterium servetii_GCF_041206865.1,1,1518,-1191.417724609375,114,893,A,C,1
GCF_041206865.1,Mycobacterium servetii,rrs_1_Mycobacterium servetii_GCF_041206865.1,1,1518,-1191.417724609375,114,912,G,C,1
GCF_022175585.2,Mycobacterium avium,rrs_1_Mycobacterium avium_GCF_022175585.2,1,1533,-1216.290771484375,106,523,C,C,1
GCF_022175585.2,Mycobacterium avium,rrs_1_Mycobacterium avium_GCF_022175585.2,1,1533,-1216.290771484375,106,893,A,C,1
GCF_022175585.2,Mycobacterium avium,rrs_1_Mycobacterium avium_GCF_022175585.2,1,1533,-1216.290771484375,106,912,G,C,1
GCF_030252325.1,Candidatus Mycobacterium wuenschmannii,rrs_1_Candidatus Mycobacterium wuenschmannii_GCF_030252325.1,1,1533,-903.94525146484375,91,523,C,A,1
GCF_030252325.1,Candidatus Mycobacterium wuenschmannii,rrs_1_Candidatus Mycobacterium wuenschmannii_GCF_030252325.1,1,1533,-903.94525146484375,91,893,A,G,1
GCF_030252325.1,Candidatus Mycobacterium wuenschmannii,rrs_1_Candidatus Mycobacterium wuenschmannii_GCF_030252325.1,1,1533,-903.94525146484375,91,912,G,C,1
GCF_030252325.1,Candidatus Mycobacterium wuenschmannii,rrs_2_Candidatus Mycobacterium wuenschmannii_GCF_030252325.1,2,1533,-903.94525146484375,91,523,C,A,1
GCF_030252325.1,Candidatus Mycobacterium wuenschmannii,rrs_2_Candidatus Mycobacterium wuenschmannii_GCF_030252325.1,2,1533,-903.94525146484375,91,893,A,G,1
GCF_030252325.1,Candidatus Mycobacterium wuenschmannii,rrs_2_Candidatus Mycobacterium wuenschmannii_GCF_030252325.1,2,1533,-903.94525146484375,91,912,G,C,1
GCF_027529605.1,Mycobacterium hippophais,rrs_1_Mycobacterium hippophais_GCF_027529605.1,1,1520,-1434.3681640625,92,523,C,A,1
GCF_027529605.1,Mycobacterium hippophais,rrs_1_Mycobacterium hippophais_GCF_027529605.1,1,1520,-1434.3681640625,92,893,A,G,1
GCF_027529605.1,Mycobacterium hippophais,rrs_1_Mycobacterium hippophais_GCF_027529605.1,1,1520,-1434.3681640625,92,912,G,C,1
GCF_026242035.1,Mycobacterium pinniadriaticum,rrs_1_Mycobacterium pinniadriaticum_GCF_026242035.1,1,1520,-1308.60302734375,109,523,C,G,1
GCF_026242035.1,Mycobacterium pinniadriaticum,rrs_1_Mycobacterium pinniadriaticum_GCF_026242035.1,1,1520,-1308.60302734375,109,893,A,C,1
GCF_026242035.1,Mycobacterium pinniadriaticum,rrs_1_Mycobacterium pinniadriaticum_GCF_026242035.1,1,1520,-1308.60302734375,109,912,G,C,1
GCF_026011875.1,Mycobacterium kiyosense,rrs_1_Mycobacterium kiyosense_GCF_026011875.1,1,1530,-1845.837646484375,149,523,C,G,1
GCF_026011875.1,Mycobacterium kiyosense,rrs_1_Mycobacterium kiyosense_GCF_026011875.1,1,1530,-1845.837646484375,149,893,A,G,1
GCF_026011875.1,Mycobacterium kiyosense,rrs_1_Mycobacterium kiyosense_GCF_026011875.1,1,1530,-1845.837646484375,149,912,G,A,1
GCF_025823255.1,Mycobacterium montefiorense,rrs_1_Mycobacterium montefiorense_GCF_025823255.1,1,1519,-1321.6055908203125,115,523,C,NA,NA
GCF_025823255.1,Mycobacterium montefiorense,rrs_1_Mycobacterium montefiorense_GCF_025823255.1,1,1519,-1321.6055908203125,115,893,A,C,1
GCF_025823255.1,Mycobacterium montefiorense,rrs_1_Mycobacterium montefiorense_GCF_025823255.1,1,1519,-1321.6055908203125,115,912,G,C,1
GCF_025823185.1,Mycobacterium yunnanensis,rrs_2_Mycobacterium yunnanensis_GCF_025823185.1,2,1519,-1825.842529296875,154,523,C,G,1
GCF_025823185.1,Mycobacterium yunnanensis,rrs_2_Mycobacterium yunnanensis_GCF_025823185.1,2,1519,-1825.842529296875,154,893,A,G,1
GCF_025823185.1,Mycobacterium yunnanensis,rrs_2_Mycobacterium yunnanensis_GCF_025823185.1,2,1519,-1825.842529296875,154,912,G,A,1
GCF_025822865.1,Mycobacterium paraffinicum,rrs_1_Mycobacterium paraffinicum_GCF_025822865.1,1,1528,-1361.169189453125,106,523,C,C,1
GCF_025822865.1,Mycobacterium paraffinicum,rrs_1_Mycobacterium paraffinicum_GCF_025822865.1,1,1528,-1361.169189453125,106,893,A,C,1
GCF_025822865.1,Mycobacterium paraffinicum,rrs_1_Mycobacterium paraffinicum_GCF_025822865.1,1,1528,-1361.169189453125,106,912,G,C,1
GCF_025822765.1,Mycobacterium barrassiae,rrs_2_Mycobacterium barrassiae_GCF_025822765.1,2,1524,-1182.50830078125,94,523,C,A,1
GCF_025822765.1,Mycobacterium barrassiae,rrs_2_Mycobacterium barrassiae_GCF_025822765.1,2,1524,-1182.50830078125,94,893,A,G,1
GCF_025822765.1,Mycobacterium barrassiae,rrs_2_Mycobacterium barrassiae_GCF_025822765.1,2,1524,-1182.50830078125,94,912,G,C,1
GCF_025822555.1,Mycobacterium hackensackense,rrs_1_Mycobacterium hackensackense_GCF_025822555.1,1,1518,-1864.4912109375,160,523,C,G,1
GCF_025822555.1,Mycobacterium hackensackense,rrs_1_Mycobacterium hackensackense_GCF_025822555.1,1,1518,-1864.4912109375,160,893,A,G,1
GCF_025822555.1,Mycobacterium hackensackense,rrs_1_Mycobacterium hackensackense_GCF_025822555.1,1,1518,-1864.4912109375,160,912,G,A,1
GCF_025822405.1,Mycobacterium angelicum,rrs_1_Mycobacterium angelicum_GCF_025822405.1,1,1531,-1365.1690673828125,106,523,C,C,1
GCF_025822405.1,Mycobacterium angelicum,rrs_1_Mycobacterium angelicum_GCF_025822405.1,1,1531,-1365.1690673828125,106,893,A,C,1
GCF_025822405.1,Mycobacterium angelicum,rrs_1_Mycobacterium angelicum_GCF_025822405.1,1,1531,-1365.1690673828125,106,912,G,C,1
GCF_025822065.1,Mycobacterium intermedium,rrs_1_Mycobacterium intermedium_GCF_025822065.1,1,1521,-1851.967041015625,157,523,C,G,1
GCF_025822065.1,Mycobacterium intermedium,rrs_1_Mycobacterium intermedium_GCF_025822065.1,1,1521,-1851.967041015625,157,893,A,G,1
GCF_025822065.1,Mycobacterium intermedium,rrs_1_Mycobacterium intermedium_GCF_025822065.1,1,1521,-1851.967041015625,157,912,G,A,1
GCF_025821985.1,Mycobacterium timonense,rrs_1_Mycobacterium timonense_GCF_025821985.1,1,1533,-1216.290771484375,106,523,C,C,1
GCF_025821985.1,Mycobacterium timonense,rrs_1_Mycobacterium timonense_GCF_025821985.1,1,1533,-1216.290771484375,106,893,A,C,1
GCF_025821985.1,Mycobacterium timonense,rrs_1_Mycobacterium timonense_GCF_025821985.1,1,1533,-1216.290771484375,106,912,G,C,1
GCF_025345615.1,Mycobacterium deserti,rrs_1_Mycobacterium deserti_GCF_025345615.1,1,1521,-1151.0777587890625,92,523,C,A,1
GCF_025345615.1,Mycobacterium deserti,rrs_1_Mycobacterium deserti_GCF_025345615.1,1,1521,-1151.0777587890625,92,893,A,G,1
GCF_025345615.1,Mycobacterium deserti,rrs_1_Mycobacterium deserti_GCF_025345615.1,1,1521,-1151.0777587890625,92,912,G,C,1
GCF_022430545.2,Mycobacterium paraterrae,rrs_1_Mycobacterium paraterrae_GCF_022430545.2,1,1533,-893.402587890625,91,523,C,A,1
GCF_022430545.2,Mycobacterium paraterrae,rrs_1_Mycobacterium paraterrae_GCF_022430545.2,1,1533,-893.402587890625,91,893,A,G,1
GCF_022430545.2,Mycobacterium paraterrae,rrs_1_Mycobacterium paraterrae_GCF_022430545.2,1,1533,-893.402587890625,91,912,G,C,1
GCF_022430545.2,Mycobacterium paraterrae,rrs_2_Mycobacterium paraterrae_GCF_022430545.2,2,1533,-893.402587890625,91,523,C,A,1
GCF_022430545.2,Mycobacterium paraterrae,rrs_2_Mycobacterium paraterrae_GCF_022430545.2,2,1533,-893.402587890625,91,893,A,G,1
GCF_022430545.2,Mycobacterium paraterrae,rrs_2_Mycobacterium paraterrae_GCF_022430545.2,2,1533,-893.402587890625,91,912,G,C,1
GCF_022374895.2,Mycobacterium lentiflavum,rrs_1_Mycobacterium lentiflavum_GCF_022374895.2,1,1519,-1316.16650390625,115,523,C,NA,NA
GCF_022374895.2,Mycobacterium lentiflavum,rrs_1_Mycobacterium lentiflavum_GCF_022374895.2,1,1519,-1316.16650390625,115,893,A,C,1
GCF_022374895.2,Mycobacterium lentiflavum,rrs_1_Mycobacterium lentiflavum_GCF_022374895.2,1,1519,-1316.16650390625,115,912,G,C,1
GCF_023515995.1,Candidatus Mycobacterium methanotrophicum,rrs_1_Candidatus Mycobacterium methanotrophicum_GCF_023515995.1,1,1548,-1718.74267578125,157,523,C,T,1
GCF_023515995.1,Candidatus Mycobacterium methanotrophicum,rrs_1_Candidatus Mycobacterium methanotrophicum_GCF_023515995.1,1,1548,-1718.74267578125,157,893,A,G,1
GCF_023515995.1,Candidatus Mycobacterium methanotrophicum,rrs_1_Candidatus Mycobacterium methanotrophicum_GCF_023515995.1,1,1548,-1718.74267578125,157,912,G,A,1
GCF_023515995.1,Candidatus Mycobacterium methanotrophicum,rrs_2_Candidatus Mycobacterium methanotrophicum_GCF_023515995.1,2,1548,-1718.74267578125,157,523,C,T,1
GCF_023515995.1,Candidatus Mycobacterium methanotrophicum,rrs_2_Candidatus Mycobacterium methanotrophicum_GCF_023515995.1,2,1548,-1718.74267578125,157,893,A,G,1
GCF_023515995.1,Candidatus Mycobacterium methanotrophicum,rrs_2_Candidatus Mycobacterium methanotrophicum_GCF_023515995.1,2,1548,-1718.74267578125,157,912,G,A,1
GCF_000975265.2,Mycobacterium lepromatosis,rrs_1_Mycobacterium lepromatosis_GCF_000975265.2,1,1548,-1702.760986328125,151,523,C,G,1
GCF_000975265.2,Mycobacterium lepromatosis,rrs_1_Mycobacterium lepromatosis_GCF_000975265.2,1,1548,-1702.760986328125,151,893,A,G,1
GCF_000975265.2,Mycobacterium lepromatosis,rrs_1_Mycobacterium lepromatosis_GCF_000975265.2,1,1548,-1702.760986328125,151,912,G,A,1
GCF_021183725.1,Mycobacterium ostraviense,rrs_1_Mycobacterium ostraviense_GCF_021183725.1,1,1531,-1354.469970703125,105,523,C,G,1
GCF_021183725.1,Mycobacterium ostraviense,rrs_1_Mycobacterium ostraviense_GCF_021183725.1,1,1531,-1354.469970703125,105,893,A,C,1
GCF_021183725.1,Mycobacterium ostraviense,rrs_1_Mycobacterium ostraviense_GCF_021183725.1,1,1531,-1354.469970703125,105,912,G,C,1
GCF_020736005.1,Mycobacterium intracellulare,rrs_1_Mycobacterium intracellulare_GCF_020736005.1,1,1531,-1370.428955078125,106,523,C,C,1
GCF_020736005.1,Mycobacterium intracellulare,rrs_1_Mycobacterium intracellulare_GCF_020736005.1,1,1531,-1370.428955078125,106,893,A,C,1
GCF_020736005.1,Mycobacterium intracellulare,rrs_1_Mycobacterium intracellulare_GCF_020736005.1,1,1531,-1370.428955078125,106,912,G,C,1
GCF_019668465.1,Mycobacterium senriense,rrs_1_Mycobacterium senriense_GCF_019668465.1,1,1531,-1362.865478515625,106,523,C,C,1
GCF_019668465.1,Mycobacterium senriense,rrs_1_Mycobacterium senriense_GCF_019668465.1,1,1531,-1362.865478515625,106,893,A,C,1
GCF_019668465.1,Mycobacterium senriense,rrs_1_Mycobacterium senriense_GCF_019668465.1,1,1531,-1362.865478515625,106,912,G,C,1
GCF_019645855.1,Mycobacterium malmoense,rrs_1_Mycobacterium malmoense_GCF_019645855.1,1,1531,-1369.75341796875,106,523,C,C,1
GCF_019645855.1,Mycobacterium malmoense,rrs_1_Mycobacterium malmoense_GCF_019645855.1,1,1531,-1369.75341796875,106,893,A,C,1
GCF_019645855.1,Mycobacterium malmoense,rrs_1_Mycobacterium malmoense_GCF_019645855.1,1,1531,-1369.75341796875,106,912,G,C,1
GCF_018278905.1,Mycobacterium spongiae,rrs_1_Mycobacterium spongiae_GCF_018278905.1,1,1533,-1159.358642578125,91,523,C,A,1
GCF_018278905.1,Mycobacterium spongiae,rrs_1_Mycobacterium spongiae_GCF_018278905.1,1,1533,-1159.358642578125,91,893,A,G,1
GCF_018278905.1,Mycobacterium spongiae,rrs_1_Mycobacterium spongiae_GCF_018278905.1,1,1533,-1159.358642578125,91,912,G,C,1
GCF_016861545.1,Mycobacterium heckeshornense,rrs_1_Mycobacterium heckeshornense_GCF_016861545.1,1,1539,-1174.2674560546875,106,523,C,A,1
GCF_016861545.1,Mycobacterium heckeshornense,rrs_1_Mycobacterium heckeshornense_GCF_016861545.1,1,1539,-1174.2674560546875,106,893,A,C,1
GCF_016861545.1,Mycobacterium heckeshornense,rrs_1_Mycobacterium heckeshornense_GCF_016861545.1,1,1539,-1174.2674560546875,106,912,G,C,1
GCF_016861545.1,Mycobacterium heckeshornense,rrs_2_Mycobacterium heckeshornense_GCF_016861545.1,2,1539,-1174.2674560546875,106,523,C,A,1
GCF_016861545.1,Mycobacterium heckeshornense,rrs_2_Mycobacterium heckeshornense_GCF_016861545.1,2,1539,-1174.2674560546875,106,893,A,C,1
GCF_016861545.1,Mycobacterium heckeshornense,rrs_2_Mycobacterium heckeshornense_GCF_016861545.1,2,1539,-1174.2674560546875,106,912,G,C,1
GCF_900232995.1,Mycobacterium simulans,rrs_1_Mycobacterium simulans_GCF_900232995.1,1,1530,-738.77978515625,92,523,C,A,1
GCF_900232995.1,Mycobacterium simulans,rrs_1_Mycobacterium simulans_GCF_900232995.1,1,1530,-738.77978515625,92,893,A,G,1
GCF_900232995.1,Mycobacterium simulans,rrs_1_Mycobacterium simulans_GCF_900232995.1,1,1530,-738.77978515625,92,912,G,C,1
GCF_014263315.1,Mycobacterium kubicae,rrs_1_Mycobacterium kubicae_GCF_014263315.1,1,1520,-1325.10400390625,114,523,C,NA,NA
GCF_014263315.1,Mycobacterium kubicae,rrs_1_Mycobacterium kubicae_GCF_014263315.1,1,1520,-1325.10400390625,114,893,A,C,1
GCF_014263315.1,Mycobacterium kubicae,rrs_1_Mycobacterium kubicae_GCF_014263315.1,1,1520,-1325.10400390625,114,912,G,C,1
GCF_013466425.1,Mycobacterium vicinigordonae,rrs_1_Mycobacterium vicinigordonae_GCF_013466425.1,1,1530,-1842.88134765625,150,523,C,G,1
GCF_013466425.1,Mycobacterium vicinigordonae,rrs_1_Mycobacterium vicinigordonae_GCF_013466425.1,1,1530,-1842.88134765625,150,893,A,G,1
GCF_013466425.1,Mycobacterium vicinigordonae,rrs_1_Mycobacterium vicinigordonae_GCF_013466425.1,1,1530,-1842.88134765625,150,912,G,A,1
GCF_010731775.1,Mycobacterium mantenii,rrs_1_Mycobacterium mantenii_GCF_010731775.1,1,1529,-1356.5849609375,106,523,C,C,1
GCF_010731775.1,Mycobacterium mantenii,rrs_1_Mycobacterium mantenii_GCF_010731775.1,1,1529,-1356.5849609375,106,893,A,C,1
GCF_010731775.1,Mycobacterium mantenii,rrs_1_Mycobacterium mantenii_GCF_010731775.1,1,1529,-1356.5849609375,106,912,G,C,1
GCF_010731715.1,Mycobacterium stomatepiae,rrs_1_Mycobacterium stomatepiae_GCF_010731715.1,1,1519,-1305.6239013671875,115,523,C,NA,NA
GCF_010731715.1,Mycobacterium stomatepiae,rrs_1_Mycobacterium stomatepiae_GCF_010731715.1,1,1519,-1305.6239013671875,115,893,A,C,1
GCF_010731715.1,Mycobacterium stomatepiae,rrs_1_Mycobacterium stomatepiae_GCF_010731715.1,1,1519,-1305.6239013671875,115,912,G,C,1
GCF_010731655.1,Mycobacterium paraseoulense,rrs_1_Mycobacterium paraseoulense_GCF_010731655.1,1,1530,-728.23724365234375,91,523,C,A,1
GCF_010731655.1,Mycobacterium paraseoulense,rrs_1_Mycobacterium paraseoulense_GCF_010731655.1,1,1530,-728.23724365234375,91,893,A,G,1
GCF_010731655.1,Mycobacterium paraseoulense,rrs_1_Mycobacterium paraseoulense_GCF_010731655.1,1,1530,-728.23724365234375,91,912,G,C,1
GCF_010731595.1,Mycobacterium seoulense,rrs_1_Mycobacterium seoulense_GCF_010731595.1,1,1530,-728.23724365234375,91,523,C,A,1
GCF_010731595.1,Mycobacterium seoulense,rrs_1_Mycobacterium seoulense_GCF_010731595.1,1,1530,-728.23724365234375,91,893,A,G,1
GCF_010731595.1,Mycobacterium seoulense,rrs_1_Mycobacterium seoulense_GCF_010731595.1,1,1530,-728.23724365234375,91,912,G,C,1
GCF_010731535.1,Mycobacterium lacus,rrs_1_Mycobacterium lacus_GCF_010731535.1,1,1532,-1365.3250732421875,106,523,C,C,1
GCF_010731535.1,Mycobacterium lacus,rrs_1_Mycobacterium lacus_GCF_010731535.1,1,1532,-1365.3250732421875,106,893,A,C,1
GCF_010731535.1,Mycobacterium lacus,rrs_1_Mycobacterium lacus_GCF_010731535.1,1,1532,-1365.3250732421875,106,912,G,C,1
GCF_010730745.1,Mycobacterium heidelbergense,rrs_1_Mycobacterium heidelbergense_GCF_010730745.1,1,1520,-1329.6883544921875,114,523,C,NA,NA
GCF_010730745.1,Mycobacterium heidelbergense,rrs_1_Mycobacterium heidelbergense_GCF_010730745.1,1,1520,-1329.6883544921875,114,893,A,C,1
GCF_010730745.1,Mycobacterium heidelbergense,rrs_1_Mycobacterium heidelbergense_GCF_010730745.1,1,1520,-1329.6883544921875,114,912,G,C,1
GCF_010730575.1,Mycobacterium parmense,rrs_1_Mycobacterium parmense_GCF_010730575.1,1,1520,-2015.021484375,158,523,C,G,1
GCF_010730575.1,Mycobacterium parmense,rrs_1_Mycobacterium parmense_GCF_010730575.1,1,1520,-2015.021484375,158,893,A,G,1
GCF_010730575.1,Mycobacterium parmense,rrs_1_Mycobacterium parmense_GCF_010730575.1,1,1520,-2015.021484375,158,912,G,A,1
GCF_010730355.1,Mycobacterium florentinum,rrs_1_Mycobacterium florentinum_GCF_010730355.1,1,1519,-1316.16650390625,115,523,C,NA,NA
GCF_010730355.1,Mycobacterium florentinum,rrs_1_Mycobacterium florentinum_GCF_010730355.1,1,1519,-1316.16650390625,115,893,A,C,1
GCF_010730355.1,Mycobacterium florentinum,rrs_1_Mycobacterium florentinum_GCF_010730355.1,1,1519,-1316.16650390625,115,912,G,C,1
GCF_010730195.1,Mycobacterium conspicuum,rrs_1_Mycobacterium conspicuum_GCF_010730195.1,1,1531,-1398.55810546875,107,523,C,C,1
GCF_010730195.1,Mycobacterium conspicuum,rrs_1_Mycobacterium conspicuum_GCF_010730195.1,1,1531,-1398.55810546875,107,893,A,C,1
GCF_010730195.1,Mycobacterium conspicuum,rrs_1_Mycobacterium conspicuum_GCF_010730195.1,1,1531,-1398.55810546875,107,912,G,C,1
GCF_010730055.1,Mycobacterium shinjukuense,rrs_1_Mycobacterium shinjukuense_GCF_010730055.1,1,1533,-1236.157470703125,110,523,C,A,1
GCF_010730055.1,Mycobacterium shinjukuense,rrs_1_Mycobacterium shinjukuense_GCF_010730055.1,1,1533,-1236.157470703125,110,893,A,C,1
GCF_010730055.1,Mycobacterium shinjukuense,rrs_1_Mycobacterium shinjukuense_GCF_010730055.1,1,1533,-1236.157470703125,110,912,G,C,1
GCF_010729105.1,Mycobacterium saskatchewanense,rrs_1_Mycobacterium saskatchewanense_GCF_010729105.1,1,1520,-1330.3638916015625,113,523,C,NA,NA
GCF_010729105.1,Mycobacterium saskatchewanense,rrs_1_Mycobacterium saskatchewanense_GCF_010729105.1,1,1520,-1330.3638916015625,113,893,A,C,1
GCF_010729105.1,Mycobacterium saskatchewanense,rrs_1_Mycobacterium saskatchewanense_GCF_010729105.1,1,1520,-1330.3638916015625,113,912,G,C,1
GCF_010728725.1,Mycobacterium branderi,rrs_1_Mycobacterium branderi_GCF_010728725.1,1,1535,-1684.3663330078125,110,523,C,A,1
GCF_010728725.1,Mycobacterium branderi,rrs_1_Mycobacterium branderi_GCF_010728725.1,1,1535,-1684.3663330078125,110,893,A,C,1
GCF_010728725.1,Mycobacterium branderi,rrs_1_Mycobacterium branderi_GCF_010728725.1,1,1535,-1684.3663330078125,110,912,G,C,1
GCF_010728725.1,Mycobacterium branderi,rrs_2_Mycobacterium branderi_GCF_010728725.1,2,1536,-1618.7646484375,110,523,C,A,1
GCF_010728725.1,Mycobacterium branderi,rrs_2_Mycobacterium branderi_GCF_010728725.1,2,1536,-1618.7646484375,110,893,A,C,1
GCF_010728725.1,Mycobacterium branderi,rrs_2_Mycobacterium branderi_GCF_010728725.1,2,1536,-1618.7646484375,110,912,G,C,1
GCF_010728525.1,Mycobacterium shottsii,rrs_1_Mycobacterium shottsii_GCF_010728525.1,1,1531,-1383.95068359375,106,523,C,C,1
GCF_010728525.1,Mycobacterium shottsii,rrs_1_Mycobacterium shottsii_GCF_010728525.1,1,1531,-1383.95068359375,106,893,A,C,1
GCF_010728525.1,Mycobacterium shottsii,rrs_1_Mycobacterium shottsii_GCF_010728525.1,1,1531,-1383.95068359375,106,912,G,C,1
GCF_010727945.1,Mycobacterium cookii,rrs_1_Mycobacterium cookii_GCF_010727945.1,1,1534,-1797.102294921875,106,523,C,C,1
GCF_010727945.1,Mycobacterium cookii,rrs_1_Mycobacterium cookii_GCF_010727945.1,1,1534,-1797.102294921875,106,893,A,C,1
GCF_010727945.1,Mycobacterium cookii,rrs_1_Mycobacterium cookii_GCF_010727945.1,1,1534,-1797.102294921875,106,912,G,C,1
GCF_010727945.1,Mycobacterium cookii,rrs_2_Mycobacterium cookii_GCF_010727945.1,2,1533,-903.94525146484375,91,523,C,A,1
GCF_010727945.1,Mycobacterium cookii,rrs_2_Mycobacterium cookii_GCF_010727945.1,2,1533,-903.94525146484375,91,893,A,G,1
GCF_010727945.1,Mycobacterium cookii,rrs_2_Mycobacterium cookii_GCF_010727945.1,2,1533,-903.94525146484375,91,912,G,C,1
GCF_010727605.1,Mycobacterium simiae,rrs_1_Mycobacterium simiae_GCF_010727605.1,1,1519,-1310.364013671875,115,523,C,NA,NA
GCF_010727605.1,Mycobacterium simiae,rrs_1_Mycobacterium simiae_GCF_010727605.1,1,1519,-1310.364013671875,115,893,A,C,1
GCF_010727605.1,Mycobacterium simiae,rrs_1_Mycobacterium simiae_GCF_010727605.1,1,1519,-1310.364013671875,115,912,G,C,1
GCF_010726765.1,Mycobacterium gallinarum,rrs_1_Mycobacterium gallinarum_GCF_010726765.1,1,1522,-1317.8626708984375,108,523,C,G,1
GCF_010726765.1,Mycobacterium gallinarum,rrs_1_Mycobacterium gallinarum_GCF_010726765.1,1,1522,-1317.8626708984375,108,893,A,C,1
GCF_010726765.1,Mycobacterium gallinarum,rrs_1_Mycobacterium gallinarum_GCF_010726765.1,1,1522,-1317.8626708984375,108,912,G,C,1
GCF_010726765.1,Mycobacterium gallinarum,rrs_2_Mycobacterium gallinarum_GCF_010726765.1,2,1521,-753.82373046875,93,523,C,A,1
GCF_010726765.1,Mycobacterium gallinarum,rrs_2_Mycobacterium gallinarum_GCF_010726765.1,2,1521,-753.82373046875,93,893,A,G,1
GCF_010726765.1,Mycobacterium gallinarum,rrs_2_Mycobacterium gallinarum_GCF_010726765.1,2,1521,-753.82373046875,93,912,G,C,1
GCF_010726505.1,Mycobacterium novum,rrs_1_Mycobacterium novum_GCF_010726505.1,1,1530,-1608.55419921875,203,523,C,T,1
GCF_010726505.1,Mycobacterium novum,rrs_1_Mycobacterium novum_GCF_010726505.1,1,1530,-1608.55419921875,203,893,A,NA,NA
GCF_010726505.1,Mycobacterium novum,rrs_1_Mycobacterium novum_GCF_010726505.1,1,1530,-1608.55419921875,203,912,G,A,1
GCF_010726505.1,Mycobacterium novum,rrs_2_Mycobacterium novum_GCF_010726505.1,2,1534,-870.37744140625,92,523,C,A,1
GCF_010726505.1,Mycobacterium novum,rrs_2_Mycobacterium novum_GCF_010726505.1,2,1534,-870.37744140625,92,893,A,C,1
GCF_010726505.1,Mycobacterium novum,rrs_2_Mycobacterium novum_GCF_010726505.1,2,1534,-870.37744140625,92,912,G,T,1
GCF_010726505.1,Mycobacterium novum,rrs_3_Mycobacterium novum_GCF_010726505.1,3,1529,-1193.02978515625,87,523,C,A,1
GCF_010726505.1,Mycobacterium novum,rrs_3_Mycobacterium novum_GCF_010726505.1,3,1529,-1193.02978515625,87,893,A,G,1
GCF_010726505.1,Mycobacterium novum,rrs_3_Mycobacterium novum_GCF_010726505.1,3,1529,-1193.02978515625,87,912,G,A,1
GCF_010723575.1,Mycobacterium bourgelatii,rrs_1_Mycobacterium bourgelatii_GCF_010723575.1,1,1533,-1829.837646484375,151,523,C,G,1
GCF_010723575.1,Mycobacterium bourgelatii,rrs_1_Mycobacterium bourgelatii_GCF_010723575.1,1,1533,-1829.837646484375,151,893,A,G,1
GCF_010723575.1,Mycobacterium bourgelatii,rrs_1_Mycobacterium bourgelatii_GCF_010723575.1,1,1533,-1829.837646484375,151,912,G,A,1
GCF_007714185.1,Mycobacterium helveticum,rrs_1_Mycobacterium helveticum_GCF_007714185.1,1,1519,-1348.4700927734375,114,523,C,NA,NA
GCF_007714185.1,Mycobacterium helveticum,rrs_1_Mycobacterium helveticum_GCF_007714185.1,1,1519,-1348.4700927734375,114,893,A,C,1
GCF_007714185.1,Mycobacterium helveticum,rrs_1_Mycobacterium helveticum_GCF_007714185.1,1,1519,-1348.4700927734375,114,912,G,C,1
GCF_902168065.1,Mycobacterium tilburgii,rrs_1_Mycobacterium tilburgii_GCF_902168065.1,1,1519,-1111.119140625,115,523,C,NA,NA
GCF_902168065.1,Mycobacterium tilburgii,rrs_1_Mycobacterium tilburgii_GCF_902168065.1,1,1519,-1111.119140625,115,893,A,C,1
GCF_902168065.1,Mycobacterium tilburgii,rrs_1_Mycobacterium tilburgii_GCF_902168065.1,1,1519,-1111.119140625,115,912,G,C,1
GCF_900566085.1,Mycobacterium attenuatum,rrs_1_Mycobacterium attenuatum_GCF_900566085.1,1,1529,-1988.9154052734375,151,523,C,G,1
GCF_900566085.1,Mycobacterium attenuatum,rrs_1_Mycobacterium attenuatum_GCF_900566085.1,1,1529,-1988.9154052734375,151,893,A,G,1
GCF_900566085.1,Mycobacterium attenuatum,rrs_1_Mycobacterium attenuatum_GCF_900566085.1,1,1529,-1988.9154052734375,151,912,G,A,1
GCF_900566055.1,Mycobacterium innocens,rrs_1_Mycobacterium innocens_GCF_900566055.1,1,1531,-1354.469970703125,105,523,C,G,1
GCF_900566055.1,Mycobacterium innocens,rrs_1_Mycobacterium innocens_GCF_900566055.1,1,1531,-1354.469970703125,105,893,A,C,1
GCF_900566055.1,Mycobacterium innocens,rrs_1_Mycobacterium innocens_GCF_900566055.1,1,1531,-1354.469970703125,105,912,G,C,1
GCF_900566075.1,Mycobacterium pseudokansasii,rrs_1_Mycobacterium pseudokansasii_GCF_900566075.1,1,1529,-1988.9154052734375,151,523,C,G,1
GCF_900566075.1,Mycobacterium pseudokansasii,rrs_1_Mycobacterium pseudokansasii_GCF_900566075.1,1,1529,-1988.9154052734375,151,893,A,G,1
GCF_900566075.1,Mycobacterium pseudokansasii,rrs_1_Mycobacterium pseudokansasii_GCF_900566075.1,1,1529,-1988.9154052734375,151,912,G,A,1
GCF_003614435.1,Mycobacterium paragordonae,rrs_1_Mycobacterium paragordonae_GCF_003614435.1,1,1530,-1842.338623046875,150,523,C,G,1
GCF_003614435.1,Mycobacterium paragordonae,rrs_1_Mycobacterium paragordonae_GCF_003614435.1,1,1530,-1842.338623046875,150,893,A,G,1
GCF_003614435.1,Mycobacterium paragordonae,rrs_1_Mycobacterium paragordonae_GCF_003614435.1,1,1530,-1842.338623046875,150,912,G,A,1
GCF_003584745.1,Mycobacterium pseudoshottsii,rrs_1_Mycobacterium pseudoshottsii_GCF_003584745.1,1,1531,-1394.493408203125,106,523,C,C,1
GCF_003584745.1,Mycobacterium pseudoshottsii,rrs_1_Mycobacterium pseudoshottsii_GCF_003584745.1,1,1531,-1394.493408203125,106,893,A,C,1
GCF_003584745.1,Mycobacterium pseudoshottsii,rrs_1_Mycobacterium pseudoshottsii_GCF_003584745.1,1,1531,-1394.493408203125,106,912,G,C,1
GCF_900417275.1,Mycobacterium shimoidei,rrs_1_Mycobacterium shimoidei_GCF_900417275.1,1,1535,-1312.1055908203125,88,523,C,A,1
GCF_900417275.1,Mycobacterium shimoidei,rrs_1_Mycobacterium shimoidei_GCF_900417275.1,1,1535,-1312.1055908203125,88,893,A,A,1
GCF_900417275.1,Mycobacterium shimoidei,rrs_1_Mycobacterium shimoidei_GCF_900417275.1,1,1535,-1312.1055908203125,88,912,G,T,1
GCF_900417275.1,Mycobacterium shimoidei,rrs_2_Mycobacterium shimoidei_GCF_900417275.1,2,1536,-1167.9658203125,88,523,C,A,1
GCF_900417275.1,Mycobacterium shimoidei,rrs_2_Mycobacterium shimoidei_GCF_900417275.1,2,1536,-1167.9658203125,88,893,A,A,1
GCF_900417275.1,Mycobacterium shimoidei,rrs_2_Mycobacterium shimoidei_GCF_900417275.1,2,1536,-1167.9658203125,88,912,G,T,1
GCF_900453395.1,Mycobacterium xenopi,rrs_1_Mycobacterium xenopi_GCF_900453395.1,1,1541,-1300.93310546875,115,523,C,NA,NA
GCF_900453395.1,Mycobacterium xenopi,rrs_1_Mycobacterium xenopi_GCF_900453395.1,1,1541,-1300.93310546875,115,893,A,C,1
GCF_900453395.1,Mycobacterium xenopi,rrs_1_Mycobacterium xenopi_GCF_900453395.1,1,1541,-1300.93310546875,115,912,G,C,1
GCF_900453395.1,Mycobacterium xenopi,rrs_2_Mycobacterium xenopi_GCF_900453395.1,2,1541,-1102.134033203125,86,523,C,A,1
GCF_900453395.1,Mycobacterium xenopi,rrs_2_Mycobacterium xenopi_GCF_900453395.1,2,1541,-1102.134033203125,86,893,A,C,1
GCF_900453395.1,Mycobacterium xenopi,rrs_2_Mycobacterium xenopi_GCF_900453395.1,2,1541,-1102.134033203125,86,912,G,C,1
GCF_900453395.1,Mycobacterium xenopi,rrs_3_Mycobacterium xenopi_GCF_900453395.1,3,1541,-1300.93310546875,115,523,C,NA,NA
GCF_900453395.1,Mycobacterium xenopi,rrs_3_Mycobacterium xenopi_GCF_900453395.1,3,1541,-1300.93310546875,115,893,A,C,1
GCF_900453395.1,Mycobacterium xenopi,rrs_3_Mycobacterium xenopi_GCF_900453395.1,3,1541,-1300.93310546875,115,912,G,C,1
GCF_003254575.1,Mycobacterium kyogaense,rrs_1_Mycobacterium kyogaense_GCF_003254575.1,1,1520,-2028.699462890625,162,523,C,G,1
GCF_003254575.1,Mycobacterium kyogaense,rrs_1_Mycobacterium kyogaense_GCF_003254575.1,1,1520,-2028.699462890625,162,893,A,G,1
GCF_003254575.1,Mycobacterium kyogaense,rrs_1_Mycobacterium kyogaense_GCF_003254575.1,1,1520,-2028.699462890625,162,912,G,A,1
GCF_003253775.1,Mycobacterium leprae,rrs_1_Mycobacterium leprae_GCF_003253775.1,1,1545,-1116.6866455078125,91,523,C,A,1
GCF_003253775.1,Mycobacterium leprae,rrs_1_Mycobacterium leprae_GCF_003253775.1,1,1545,-1116.6866455078125,91,893,A,G,1
GCF_003253775.1,Mycobacterium leprae,rrs_1_Mycobacterium leprae_GCF_003253775.1,1,1545,-1116.6866455078125,91,912,G,C,1
GCF_000008865.2,Escherichia coli,rrs_1_Escherichia coli_GCF_000008865.2,1,1538,2112.2314453125,0,523,C,A,1
GCF_000008865.2,Escherichia coli,rrs_1_Escherichia coli_GCF_000008865.2,1,1538,2112.2314453125,0,893,A,C,1
GCF_000008865.2,Escherichia coli,rrs_1_Escherichia coli_GCF_000008865.2,1,1538,2112.2314453125,0,912,G,C,1
GCF_000008865.2,Escherichia coli,rrs_2_Escherichia coli_GCF_000008865.2,2,1538,2154.402587890625,0,523,C,A,1
GCF_000008865.2,Escherichia coli,rrs_2_Escherichia coli_GCF_000008865.2,2,1538,2154.402587890625,0,893,A,C,1
GCF_000008865.2,Escherichia coli,rrs_2_Escherichia coli_GCF_000008865.2,2,1538,2154.402587890625,0,912,G,C,1
GCF_000008865.2,Escherichia coli,rrs_3_Escherichia coli_GCF_000008865.2,3,1538,2112.2314453125,0,523,C,A,1
GCF_000008865.2,Escherichia coli,rrs_3_Escherichia coli_GCF_000008865.2,3,1538,2112.2314453125,0,893,A,C,1
GCF_000008865.2,Escherichia coli,rrs_3_Escherichia coli_GCF_000008865.2,3,1538,2112.2314453125,0,912,G,C,1
GCF_000008865.2,Escherichia coli,rrs_4_Escherichia coli_GCF_000008865.2,4,1538,2122.774169921875,0,523,C,A,1
GCF_000008865.2,Escherichia coli,rrs_4_Escherichia coli_GCF_000008865.2,4,1538,2122.774169921875,0,893,A,C,1
GCF_000008865.2,Escherichia coli,rrs_4_Escherichia coli_GCF_000008865.2,4,1538,2122.774169921875,0,912,G,C,1
GCF_000008865.2,Escherichia coli,rrs_5_Escherichia coli_GCF_000008865.2,5,1538,2112.231201171875,0,523,C,A,1
GCF_000008865.2,Escherichia coli,rrs_5_Escherichia coli_GCF_000008865.2,5,1538,2112.231201171875,0,893,A,C,1
GCF_000008865.2,Escherichia coli,rrs_5_Escherichia coli_GCF_000008865.2,5,1538,2112.231201171875,0,912,G,C,1
GCF_000008865.2,Escherichia coli,rrs_6_Escherichia coli_GCF_000008865.2,6,1538,2112.231201171875,0,523,C,A,1
GCF_000008865.2,Escherichia coli,rrs_6_Escherichia coli_GCF_000008865.2,6,1538,2112.231201171875,0,893,A,C,1
GCF_000008865.2,Escherichia coli,rrs_6_Escherichia coli_GCF_000008865.2,6,1538,2112.231201171875,0,912,G,C,1
GCF_000008865.2,Escherichia coli,rrs_7_Escherichia coli_GCF_000008865.2,7,1538,2112.231201171875,0,523,C,A,1
GCF_000008865.2,Escherichia coli,rrs_7_Escherichia coli_GCF_000008865.2,7,1538,2112.231201171875,0,893,A,C,1
GCF_000008865.2,Escherichia coli,rrs_7_Escherichia coli_GCF_000008865.2,7,1538,2112.231201171875,0,912,G,C,1
GCF_900176255.2,Mycobacterium ahvazicum,rrs_1_Mycobacterium ahvazicum_GCF_900176255.2,1,1523,-1532.2088623046875,184,523,C,G,1
GCF_900176255.2,Mycobacterium ahvazicum,rrs_1_Mycobacterium ahvazicum_GCF_900176255.2,1,1523,-1532.2088623046875,184,893,A,NA,NA
GCF_900176255.2,Mycobacterium ahvazicum,rrs_1_Mycobacterium ahvazicum_GCF_900176255.2,1,1523,-1532.2088623046875,184,912,G,A,1
GCF_002838065.1,Mycobacterium hubeiense,rrs_3_Mycobacterium hubeiense_GCF_002838065.1,3,1096,-1677.1920166015625,176,523,C,NA,NA
GCF_002838065.1,Mycobacterium hubeiense,rrs_3_Mycobacterium hubeiense_GCF_002838065.1,3,1096,-1677.1920166015625,176,893,A,C,1
GCF_002838065.1,Mycobacterium hubeiense,rrs_3_Mycobacterium hubeiense_GCF_002838065.1,3,1096,-1677.1920166015625,176,912,G,C,1
GCF_002591975.1,Mycobacterium neglectum,rrs_1_Mycobacterium neglectum_GCF_002591975.1,1,1521,-1110.6683349609375,93,523,C,A,1
GCF_002591975.1,Mycobacterium neglectum,rrs_1_Mycobacterium neglectum_GCF_002591975.1,1,1521,-1110.6683349609375,93,893,A,G,1
GCF_002591975.1,Mycobacterium neglectum,rrs_1_Mycobacterium neglectum_GCF_002591975.1,1,1521,-1110.6683349609375,93,912,G,C,1
GCF_900078675.2,Mycobacterium interjectum,rrs_1_Mycobacterium interjectum_GCF_900078675.2,1,1520,-1324.0419921875,113,523,C,NA,NA
GCF_900078675.2,Mycobacterium interjectum,rrs_1_Mycobacterium interjectum_GCF_900078675.2,1,1520,-1324.0419921875,113,893,A,C,1
GCF_900078675.2,Mycobacterium interjectum,rrs_1_Mycobacterium interjectum_GCF_900078675.2,1,1520,-1324.0419921875,113,912,G,C,1
GCF_002356315.1,Mycobacterium shigaense,rrs_1_Mycobacterium shigaense_GCF_002356315.1,1,1519,-1310.364013671875,115,523,C,NA,NA
GCF_002356315.1,Mycobacterium shigaense,rrs_1_Mycobacterium shigaense_GCF_002356315.1,1,1519,-1310.364013671875,115,893,A,C,1
GCF_002356315.1,Mycobacterium shigaense,rrs_1_Mycobacterium shigaense_GCF_002356315.1,1,1519,-1310.364013671875,115,912,G,C,1
GCF_002355775.1,Mycobacterium ulcerans,rrs_1_Mycobacterium ulcerans_GCF_002355775.1,1,1531,-1383.95068359375,106,523,C,C,1
GCF_002355775.1,Mycobacterium ulcerans,rrs_1_Mycobacterium ulcerans_GCF_002355775.1,1,1531,-1383.95068359375,106,893,A,C,1
GCF_002355775.1,Mycobacterium ulcerans,rrs_1_Mycobacterium ulcerans_GCF_002355775.1,1,1531,-1383.95068359375,106,912,G,C,1
GCF_002285715.1,Mycobacterium marseillense,rrs_1_Mycobacterium marseillense_GCF_002285715.1,1,1531,-1370.428955078125,106,523,C,C,1
GCF_002285715.1,Mycobacterium marseillense,rrs_1_Mycobacterium marseillense_GCF_002285715.1,1,1531,-1370.428955078125,106,893,A,C,1
GCF_002285715.1,Mycobacterium marseillense,rrs_1_Mycobacterium marseillense_GCF_002285715.1,1,1531,-1370.428955078125,106,912,G,C,1
GCF_002245615.1,Mycobacterium neumannii,rrs_1_Mycobacterium neumannii_GCF_002245615.1,1,1524,-1171.5791015625,95,523,C,A,1
GCF_002245615.1,Mycobacterium neumannii,rrs_1_Mycobacterium neumannii_GCF_002245615.1,1,1524,-1171.5791015625,95,893,A,G,1
GCF_002245615.1,Mycobacterium neumannii,rrs_1_Mycobacterium neumannii_GCF_002245615.1,1,1524,-1171.5791015625,95,912,G,C,1
GCF_002157835.1,Mycobacterium dioxanotrophicus,rrs_1_Mycobacterium dioxanotrophicus_GCF_002157835.1,1,1520,-1992.487060546875,160,523,C,G,1
GCF_002157835.1,Mycobacterium dioxanotrophicus,rrs_1_Mycobacterium dioxanotrophicus_GCF_002157835.1,1,1520,-1992.487060546875,160,893,A,G,1
GCF_002157835.1,Mycobacterium dioxanotrophicus,rrs_1_Mycobacterium dioxanotrophicus_GCF_002157835.1,1,1520,-1992.487060546875,160,912,G,A,1
GCF_002157835.1,Mycobacterium dioxanotrophicus,rrs_2_Mycobacterium dioxanotrophicus_GCF_002157835.1,2,1515,-1898.8865966796875,154,523,C,G,1
GCF_002157835.1,Mycobacterium dioxanotrophicus,rrs_2_Mycobacterium dioxanotrophicus_GCF_002157835.1,2,1515,-1898.8865966796875,154,893,A,G,1
GCF_002157835.1,Mycobacterium dioxanotrophicus,rrs_2_Mycobacterium dioxanotrophicus_GCF_002157835.1,2,1515,-1898.8865966796875,154,912,G,A,1
GCF_002157835.1,Mycobacterium dioxanotrophicus,rrs_3_Mycobacterium dioxanotrophicus_GCF_002157835.1,3,1519,-1904.4910888671875,160,523,C,G,1
GCF_002157835.1,Mycobacterium dioxanotrophicus,rrs_3_Mycobacterium dioxanotrophicus_GCF_002157835.1,3,1519,-1904.4910888671875,160,893,A,G,1
GCF_002157835.1,Mycobacterium dioxanotrophicus,rrs_3_Mycobacterium dioxanotrophicus_GCF_002157835.1,3,1519,-1904.4910888671875,160,912,G,A,1
GCF_002116635.1,Mycobacterium szulgai,rrs_1_Mycobacterium szulgai_GCF_002116635.1,1,1531,-1365.1690673828125,106,523,C,C,1
GCF_002116635.1,Mycobacterium szulgai,rrs_1_Mycobacterium szulgai_GCF_002116635.1,1,1531,-1365.1690673828125,106,893,A,C,1
GCF_002116635.1,Mycobacterium szulgai,rrs_1_Mycobacterium szulgai_GCF_002116635.1,1,1531,-1365.1690673828125,106,912,G,C,1
GCF_002104675.1,Mycobacterium decipiens,rrs_1_Mycobacterium decipiens_GCF_002104675.1,1,1534,-1331.5863037109375,91,523,C,A,1
GCF_002104675.1,Mycobacterium decipiens,rrs_1_Mycobacterium decipiens_GCF_002104675.1,1,1534,-1331.5863037109375,91,893,A,G,1
GCF_002104675.1,Mycobacterium decipiens,rrs_1_Mycobacterium decipiens_GCF_002104675.1,1,1534,-1331.5863037109375,91,912,G,C,1
GCF_002102255.1,Mycobacterium nebraskense,rrs_1_Mycobacterium nebraskense_GCF_002102255.1,1,1531,-1368.8472900390625,106,523,C,C,1
GCF_002102255.1,Mycobacterium nebraskense,rrs_1_Mycobacterium nebraskense_GCF_002102255.1,1,1531,-1368.8472900390625,106,893,A,C,1
GCF_002102255.1,Mycobacterium nebraskense,rrs_1_Mycobacterium nebraskense_GCF_002102255.1,1,1531,-1368.8472900390625,106,912,G,C,1
GCF_002102355.1,Mycobacterium sherrisii,rrs_1_Mycobacterium sherrisii_GCF_002102355.1,1,1519,-1326.709228515625,115,523,C,NA,NA
GCF_002102355.1,Mycobacterium sherrisii,rrs_1_Mycobacterium sherrisii_GCF_002102355.1,1,1519,-1326.709228515625,115,893,A,C,1
GCF_002102355.1,Mycobacterium sherrisii,rrs_1_Mycobacterium sherrisii_GCF_002102355.1,1,1519,-1326.709228515625,115,912,G,C,1
GCF_002102415.1,Mycobacterium triplex,rrs_1_Mycobacterium triplex_GCF_002102415.1,1,1519,-1305.623779296875,115,523,C,NA,NA
GCF_002102415.1,Mycobacterium triplex,rrs_1_Mycobacterium triplex_GCF_002102415.1,1,1519,-1305.623779296875,115,893,A,C,1
GCF_002102415.1,Mycobacterium triplex,rrs_1_Mycobacterium triplex_GCF_002102415.1,1,1519,-1305.623779296875,115,912,G,C,1
GCF_002102175.1,Mycobacterium gastri,rrs_1_Mycobacterium gastri_GCF_002102175.1,1,1531,-1354.469970703125,105,523,C,G,1
GCF_002102175.1,Mycobacterium gastri,rrs_1_Mycobacterium gastri_GCF_002102175.1,1,1531,-1354.469970703125,105,893,A,C,1
GCF_002102175.1,Mycobacterium gastri,rrs_1_Mycobacterium gastri_GCF_002102175.1,1,1531,-1354.469970703125,105,912,G,C,1
GCF_002101675.1,Mycobacterium gordonae,rrs_1_Mycobacterium gordonae_GCF_002101675.1,1,1530,-1831.7958984375,150,523,C,G,1
GCF_002101675.1,Mycobacterium gordonae,rrs_1_Mycobacterium gordonae_GCF_002101675.1,1,1530,-1831.7958984375,150,893,A,G,1
GCF_002101675.1,Mycobacterium gordonae,rrs_1_Mycobacterium gordonae_GCF_002101675.1,1,1530,-1831.7958984375,150,912,G,A,1
GCF_002102025.1,Mycobacterium bohemicum,rrs_1_Mycobacterium bohemicum_GCF_002102025.1,1,1532,-1365.8447265625,106,523,C,C,1
GCF_002102025.1,Mycobacterium bohemicum,rrs_1_Mycobacterium bohemicum_GCF_002102025.1,1,1532,-1365.8447265625,106,893,A,C,1
GCF_002102025.1,Mycobacterium bohemicum,rrs_1_Mycobacterium bohemicum_GCF_002102025.1,1,1532,-1365.8447265625,106,912,G,C,1
GCF_002101785.1,Mycobacterium palustre,rrs_1_Mycobacterium palustre_GCF_002101785.1,1,1520,-1413.64208984375,120,523,C,G,1
GCF_002101785.1,Mycobacterium palustre,rrs_1_Mycobacterium palustre_GCF_002101785.1,1,1520,-1413.64208984375,120,893,A,NA,NA
GCF_002101785.1,Mycobacterium palustre,rrs_1_Mycobacterium palustre_GCF_002101785.1,1,1520,-1413.64208984375,120,912,G,G,1
GCF_002101735.1,Mycobacterium kyorinense,rrs_1_Mycobacterium kyorinense_GCF_002101735.1,1,1534,-1399.0853271484375,90,523,C,A,1
GCF_002101735.1,Mycobacterium kyorinense,rrs_1_Mycobacterium kyorinense_GCF_002101735.1,1,1534,-1399.0853271484375,90,893,A,G,1
GCF_002101735.1,Mycobacterium kyorinense,rrs_1_Mycobacterium kyorinense_GCF_002101735.1,1,1534,-1399.0853271484375,90,912,G,C,1
GCF_002101815.1,Mycobacterium paraense,rrs_1_Mycobacterium paraense_GCF_002101815.1,1,1520,-1329.6883544921875,113,523,C,NA,NA
GCF_002101815.1,Mycobacterium paraense,rrs_1_Mycobacterium paraense_GCF_002101815.1,1,1520,-1329.6883544921875,113,893,A,C,1
GCF_002101815.1,Mycobacterium paraense,rrs_1_Mycobacterium paraense_GCF_002101815.1,1,1520,-1329.6883544921875,113,912,G,C,1
GCF_002101595.1,Mycobacterium celatum,rrs_1_Mycobacterium celatum_GCF_002101595.1,1,1535,-1356.3226318359375,105,523,C,C,1
GCF_002101595.1,Mycobacterium celatum,rrs_1_Mycobacterium celatum_GCF_002101595.1,1,1535,-1356.3226318359375,105,893,A,C,1
GCF_002101595.1,Mycobacterium celatum,rrs_1_Mycobacterium celatum_GCF_002101595.1,1,1535,-1356.3226318359375,105,912,G,C,1
GCF_002086915.1,Mycobacterium persicum,rrs_1_Mycobacterium persicum_GCF_002086915.1,1,1529,-1988.9154052734375,151,523,C,G,1
GCF_002086915.1,Mycobacterium persicum,rrs_1_Mycobacterium persicum_GCF_002086915.1,1,1529,-1988.9154052734375,151,893,A,G,1
GCF_002086915.1,Mycobacterium persicum,rrs_1_Mycobacterium persicum_GCF_002086915.1,1,1529,-1988.9154052734375,151,912,G,A,1
GCF_002086735.1,Mycobacterium scrofulaceum,rrs_1_Mycobacterium scrofulaceum_GCF_002086735.1,1,1528,-1350.62646484375,106,523,C,C,1
GCF_002086735.1,Mycobacterium scrofulaceum,rrs_1_Mycobacterium scrofulaceum_GCF_002086735.1,1,1528,-1350.62646484375,106,893,A,C,1
GCF_002086735.1,Mycobacterium scrofulaceum,rrs_1_Mycobacterium scrofulaceum_GCF_002086735.1,1,1528,-1350.62646484375,106,912,G,C,1
GCF_002086635.1,Mycobacterium alsense,rrs_1_Mycobacterium alsense_GCF_002086635.1,1,1531,-1393.81787109375,106,523,C,C,1
GCF_002086635.1,Mycobacterium alsense,rrs_1_Mycobacterium alsense_GCF_002086635.1,1,1531,-1393.81787109375,106,893,A,C,1
GCF_002086635.1,Mycobacterium alsense,rrs_1_Mycobacterium alsense_GCF_002086635.1,1,1531,-1393.81787109375,106,912,G,C,1
GCF_002086545.1,Mycobacterium asiaticum,rrs_1_Mycobacterium asiaticum_GCF_002086545.1,1,1532,-1350.0421142578125,106,523,C,C,1
GCF_002086545.1,Mycobacterium asiaticum,rrs_1_Mycobacterium asiaticum_GCF_002086545.1,1,1532,-1350.0421142578125,106,893,A,C,1
GCF_002086545.1,Mycobacterium asiaticum,rrs_1_Mycobacterium asiaticum_GCF_002086545.1,1,1532,-1350.0421142578125,106,912,G,C,1
GCF_002086485.1,Mycobacterium aquaticum,rrs_2_Mycobacterium aquaticum_GCF_002086485.1,2,1520,-1998.312744140625,160,523,C,G,1
GCF_002086485.1,Mycobacterium aquaticum,rrs_2_Mycobacterium aquaticum_GCF_002086485.1,2,1520,-1998.312744140625,160,893,A,G,1
GCF_002086485.1,Mycobacterium aquaticum,rrs_2_Mycobacterium aquaticum_GCF_002086485.1,2,1520,-1998.312744140625,160,912,G,A,1
GCF_002086165.1,Mycobacterium bouchedurhonense,rrs_1_Mycobacterium bouchedurhonense_GCF_002086165.1,1,1533,-1216.290771484375,106,523,C,C,1
GCF_002086165.1,Mycobacterium bouchedurhonense,rrs_1_Mycobacterium bouchedurhonense_GCF_002086165.1,1,1533,-1216.290771484375,106,893,A,C,1
GCF_002086165.1,Mycobacterium bouchedurhonense,rrs_1_Mycobacterium bouchedurhonense_GCF_002086165.1,1,1533,-1216.290771484375,106,912,G,C,1
GCF_002086125.1,Mycobacterium arosiense,rrs_1_Mycobacterium arosiense_GCF_002086125.1,1,1531,-1362.865478515625,106,523,C,C,1
GCF_002086125.1,Mycobacterium arosiense,rrs_1_Mycobacterium arosiense_GCF_002086125.1,1,1531,-1362.865478515625,106,893,A,C,1
GCF_002086125.1,Mycobacterium arosiense,rrs_1_Mycobacterium arosiense_GCF_002086125.1,1,1531,-1362.865478515625,106,912,G,C,1
GCF_900157365.1,Mycobacterium numidiamassiliense,rrs_1_Mycobacterium numidiamassiliense_GCF_900157365.1,1,1519,-1318.060302734375,115,523,C,NA,NA
GCF_900157365.1,Mycobacterium numidiamassiliense,rrs_1_Mycobacterium numidiamassiliense_GCF_900157365.1,1,1519,-1318.060302734375,115,893,A,C,1
GCF_900157365.1,Mycobacterium numidiamassiliense,rrs_1_Mycobacterium numidiamassiliense_GCF_900157365.1,1,1519,-1318.060302734375,115,912,G,C,1
GCF_900157375.1,Mycobacterium rhizamassiliense,rrs_1_Mycobacterium rhizamassiliense_GCF_900157375.1,1,1519,-1315.8031005859375,115,523,C,NA,NA
GCF_900157375.1,Mycobacterium rhizamassiliense,rrs_1_Mycobacterium rhizamassiliense_GCF_900157375.1,1,1519,-1315.8031005859375,115,893,A,C,1
GCF_900157375.1,Mycobacterium rhizamassiliense,rrs_1_Mycobacterium rhizamassiliense_GCF_900157375.1,1,1519,-1315.8031005859375,115,912,G,C,1
GCF_900157385.1,Mycobacterium terramassiliense,rrs_1_Mycobacterium terramassiliense_GCF_900157385.1,1,1520,-1329.6883544921875,113,523,C,NA,NA
GCF_900157385.1,Mycobacterium terramassiliense,rrs_1_Mycobacterium terramassiliense_GCF_900157385.1,1,1520,-1329.6883544921875,113,893,A,C,1
GCF_900157385.1,Mycobacterium terramassiliense,rrs_1_Mycobacterium terramassiliense_GCF_900157385.1,1,1520,-1329.6883544921875,113,912,G,C,1
GCF_001942625.1,Mycobacterium syngnathidarum,rrs_3_Mycobacterium syngnathidarum_GCF_001942625.1,3,1518,-1905.57666015625,161,523,C,G,1
GCF_001942625.1,Mycobacterium syngnathidarum,rrs_3_Mycobacterium syngnathidarum_GCF_001942625.1,3,1518,-1905.57666015625,161,893,A,G,1
GCF_001942625.1,Mycobacterium syngnathidarum,rrs_3_Mycobacterium syngnathidarum_GCF_001942625.1,3,1518,-1905.57666015625,161,912,G,A,1
GCF_001854525.1,Mycobacterium talmoniae,rrs_1_Mycobacterium talmoniae_GCF_001854525.1,1,1524,-1884.950927734375,157,523,C,G,1
GCF_001854525.1,Mycobacterium talmoniae,rrs_1_Mycobacterium talmoniae_GCF_001854525.1,1,1524,-1884.950927734375,157,893,A,G,1
GCF_001854525.1,Mycobacterium talmoniae,rrs_1_Mycobacterium talmoniae_GCF_001854525.1,1,1524,-1884.950927734375,157,912,G,C,1
GCF_001644575.1,Mycobacterium adipatum,rrs_1_Mycobacterium adipatum_GCF_001644575.1,1,1518,-1875.033935546875,160,523,C,G,1
GCF_001644575.1,Mycobacterium adipatum,rrs_1_Mycobacterium adipatum_GCF_001644575.1,1,1518,-1875.033935546875,160,893,A,G,1
GCF_001644575.1,Mycobacterium adipatum,rrs_1_Mycobacterium adipatum_GCF_001644575.1,1,1518,-1875.033935546875,160,912,G,A,1
GCF_001644575.1,Mycobacterium adipatum,rrs_2_Mycobacterium adipatum_GCF_001644575.1,2,1518,-1875.033935546875,160,523,C,G,1
GCF_001644575.1,Mycobacterium adipatum,rrs_2_Mycobacterium adipatum_GCF_001644575.1,2,1518,-1875.033935546875,160,893,A,G,1
GCF_001644575.1,Mycobacterium adipatum,rrs_2_Mycobacterium adipatum_GCF_001644575.1,2,1518,-1875.033935546875,160,912,G,A,1
GCF_001499925.1,Mycobacterium lehmannii,rrs_1_Mycobacterium lehmannii_GCF_001499925.1,1,1524,-1171.5791015625,95,523,C,A,1
GCF_001499925.1,Mycobacterium lehmannii,rrs_1_Mycobacterium lehmannii_GCF_001499925.1,1,1524,-1171.5791015625,95,893,A,G,1
GCF_001499925.1,Mycobacterium lehmannii,rrs_1_Mycobacterium lehmannii_GCF_001499925.1,1,1524,-1171.5791015625,95,912,G,C,1
GCF_000340435.2,Mycobacterium haemophilum,rrs_1_Mycobacterium haemophilum_GCF_000340435.2,1,1532,-2002.372802734375,151,523,C,G,1
GCF_000340435.2,Mycobacterium haemophilum,rrs_1_Mycobacterium haemophilum_GCF_000340435.2,1,1532,-2002.372802734375,151,893,A,G,1
GCF_000340435.2,Mycobacterium haemophilum,rrs_1_Mycobacterium haemophilum_GCF_000340435.2,1,1532,-2002.372802734375,151,912,G,A,1
GCF_000195955.2,Mycobacterium tuberculosis,rrs_1_Mycobacterium tuberculosis_GCF_000195955.2,1,1537,-1483.65087890625,91,523,C,A,1
GCF_000195955.2,Mycobacterium tuberculosis,rrs_1_Mycobacterium tuberculosis_GCF_000195955.2,1,1537,-1483.65087890625,91,893,A,G,1
GCF_000195955.2,Mycobacterium tuberculosis,rrs_1_Mycobacterium tuberculosis_GCF_000195955.2,1,1537,-1483.65087890625,91,912,G,C,1
GCF_000723425.2,Mycobacterium marinum,rrs_1_Mycobacterium marinum_GCF_000723425.2,1,1531,-1383.95068359375,106,523,C,C,1
GCF_000723425.2,Mycobacterium marinum,rrs_1_Mycobacterium marinum_GCF_000723425.2,1,1531,-1383.95068359375,106,893,A,C,1
GCF_000723425.2,Mycobacterium marinum,rrs_1_Mycobacterium marinum_GCF_000723425.2,1,1531,-1383.95068359375,106,912,G,C,1
GCF_000723425.2,Mycobacterium marinum,rrs_2_Mycobacterium marinum_GCF_000723425.2,2,1531,-1383.95068359375,106,523,C,C,1
GCF_000723425.2,Mycobacterium marinum,rrs_2_Mycobacterium marinum_GCF_000723425.2,2,1531,-1383.95068359375,106,893,A,C,1
GCF_000723425.2,Mycobacterium marinum,rrs_2_Mycobacterium marinum_GCF_000723425.2,2,1531,-1383.95068359375,106,912,G,C,1
GCF_000222105.3,Mycobacterium colombiense,rrs_1_Mycobacterium colombiense_GCF_000222105.3,1,1531,-1362.865478515625,106,523,C,C,1
GCF_000222105.3,Mycobacterium colombiense,rrs_1_Mycobacterium colombiense_GCF_000222105.3,1,1531,-1362.865478515625,106,893,A,C,1
GCF_000222105.3,Mycobacterium colombiense,rrs_1_Mycobacterium colombiense_GCF_000222105.3,1,1531,-1362.865478515625,106,912,G,C,1
GCF_000276825.1,Mycobacterium paraintracellulare,rrs_1_Mycobacterium paraintracellulare_GCF_000276825.1,1,1531,-1370.428955078125,106,523,C,C,1
GCF_000276825.1,Mycobacterium paraintracellulare,rrs_1_Mycobacterium paraintracellulare_GCF_000276825.1,1,1531,-1370.428955078125,106,893,A,C,1
GCF_000276825.1,Mycobacterium paraintracellulare,rrs_1_Mycobacterium paraintracellulare_GCF_000276825.1,1,1531,-1370.428955078125,106,912,G,C,1
GCF_000253375.1,Mycobacterium canetti,rrs_1_Mycobacterium canetti_GCF_000253375.1,1,1532,-1468.451171875,91,523,C,A,1
GCF_000253375.1,Mycobacterium canetti,rrs_1_Mycobacterium canetti_GCF_000253375.1,1,1532,-1468.451171875,91,893,A,G,1
GCF_000253375.1,Mycobacterium canetti,rrs_1_Mycobacterium canetti_GCF_000253375.1,1,1532,-1468.451171875,91,912,G,C,1
GCF_000164135.1,Mycobacterium parascrofulaceum,rrs_1_Mycobacterium parascrofulaceum_GCF_000164135.1,1,1519,-1317.9273681640625,114,523,C,NA,NA
GCF_000164135.1,Mycobacterium parascrofulaceum,rrs_1_Mycobacterium parascrofulaceum_GCF_000164135.1,1,1519,-1317.9273681640625,114,893,A,C,1
GCF_000164135.1,Mycobacterium parascrofulaceum,rrs_1_Mycobacterium parascrofulaceum_GCF_000164135.1,1,1519,-1317.9273681640625,114,912,G,C,1
GCF_000526915.1,Mycobacterium genavense,rrs_1_Mycobacterium genavense_GCF_000526915.1,1,1519,-1332.6676025390625,115,523,C,NA,NA
GCF_000526915.1,Mycobacterium genavense,rrs_1_Mycobacterium genavense_GCF_000526915.1,1,1519,-1332.6676025390625,115,893,A,C,1
GCF_000526915.1,Mycobacterium genavense,rrs_1_Mycobacterium genavense_GCF_000526915.1,1,1519,-1332.6676025390625,115,912,G,C,1
GCF_000157895.3,Mycobacterium kansasii,rrs_1_Mycobacterium kansasii_GCF_000157895.3,1,1531,-1354.469970703125,105,523,C,G,1
GCF_000157895.3,Mycobacterium kansasii,rrs_1_Mycobacterium kansasii_GCF_000157895.3,1,1531,-1354.469970703125,105,893,A,C,1
GCF_000157895.3,Mycobacterium kansasii,rrs_1_Mycobacterium kansasii_GCF_000157895.3,1,1531,-1354.469970703125,105,912,G,C,1
GCF_000005845.2,Escherichia coli,rrs_1_Escherichia coli_GCF_000005845.2,1,1542,2159.381591796875,0,523,C,A,1
GCF_000005845.2,Escherichia coli,rrs_1_Escherichia coli_GCF_000005845.2,1,1542,2159.381591796875,0,893,A,C,1
GCF_000005845.2,Escherichia coli,rrs_1_Escherichia coli_GCF_000005845.2,1,1542,2159.381591796875,0,912,G,C,1
GCF_000005845.2,Escherichia coli,rrs_2_Escherichia coli_GCF_000005845.2,2,1542,2159.382080078125,0,523,C,A,1
GCF_000005845.2,Escherichia coli,rrs_2_Escherichia coli_GCF_000005845.2,2,1542,2159.382080078125,0,893,A,C,1
GCF_000005845.2,Escherichia coli,rrs_2_Escherichia coli_GCF_000005845.2,2,1542,2159.382080078125,0,912,G,C,1
GCF_000005845.2,Escherichia coli,rrs_3_Escherichia coli_GCF_000005845.2,3,1542,2159.382080078125,0,523,C,A,1
GCF_000005845.2,Escherichia coli,rrs_3_Escherichia coli_GCF_000005845.2,3,1542,2159.382080078125,0,893,A,C,1
GCF_000005845.2,Escherichia coli,rrs_3_Escherichia coli_GCF_000005845.2,3,1542,2159.382080078125,0,912,G,C,1
GCF_000005845.2,Escherichia coli,rrs_4_Escherichia coli_GCF_000005845.2,4,1542,2180.467529296875,0,523,C,A,1
GCF_000005845.2,Escherichia coli,rrs_4_Escherichia coli_GCF_000005845.2,4,1542,2180.467529296875,0,893,A,C,1
GCF_000005845.2,Escherichia coli,rrs_4_Escherichia coli_GCF_000005845.2,4,1542,2180.467529296875,0,912,G,C,1
GCF_000005845.2,Escherichia coli,rrs_5_Escherichia coli_GCF_000005845.2,5,1542,2212.095703125,0,523,C,A,1
GCF_000005845.2,Escherichia coli,rrs_5_Escherichia coli_GCF_000005845.2,5,1542,2212.095703125,0,893,A,C,1
GCF_000005845.2,Escherichia coli,rrs_5_Escherichia coli_GCF_000005845.2,5,1542,2212.095703125,0,912,G,C,1
GCF_000005845.2,Escherichia coli,rrs_6_Escherichia coli_GCF_000005845.2,6,1542,2212.095703125,0,523,C,A,1
GCF_000005845.2,Escherichia coli,rrs_6_Escherichia coli_GCF_000005845.2,6,1542,2212.095703125,0,893,A,C,1
GCF_000005845.2,Escherichia coli,rrs_6_Escherichia coli_GCF_000005845.2,6,1542,2212.095703125,0,912,G,C,1
GCF_000005845.2,Escherichia coli,rrs_7_Escherichia coli_GCF_000005845.2,7,1542,2212.095703125,0,523,C,A,1
GCF_000005845.2,Escherichia coli,rrs_7_Escherichia coli_GCF_000005845.2,7,1542,2212.095703125,0,893,A,C,1
GCF_000005845.2,Escherichia coli,rrs_7_Escherichia coli_GCF_000005845.2,7,1542,2212.095703125,0,912,G,C,1
