Species,Strain,Genotype,Gene,Nt_pos,Nt_pos_Ecoli,Nt_original,Nt_mutation,Nt_OtoM,Nt_mut_name,Nt_mut_name_Ecoli,Codon_original,Codon_mutation,Codon_OtoM,AA_pos,AA_pos_Ecoli,AA_original,AA_mutation,AA_OtoM,AA_mut_name,AA_mut_name_Ecoli,Origin,MIC_mgPerL,Rel_fitness,n_clones,Comments,Ref_code,Modify_by,Strain_ID,RefSeq_ID,Warning
Borreliella burgdorferi,NA,NA,rrs,1185,1192,A,G,A -> G,rrs_A1185G,rrs_A1192G,NA,NA,NA,NA,NA,NA,NA,NA,NA,NA,Lab-generated,500,NA,NA,"Borrelia burgdorferi is a heterotypic synonym of Borreliella burgdorferi, ncbi link https://www.ncbi.nlm.nih.gov/Taxonomy/Browser/wwwtax.cgi?id=224328",Criswell2006,NA,Borreliella_burgdorferi_NA,rrs_Borreliella_burgdorferi_Bol26,Nt_pos_Ecoli inconsistent with Nt_pos
Borreliella burgdorferi,NA,NA,rrs,1186,1193,C,U,C -> U,rrs_C1186U,rrs_C1193U,NA,NA,NA,NA,NA,NA,NA,NA,NA,NA,Lab-generated,300,NA,NA,"Borrelia burgdorferi is a heterotypic synonym of Borreliella burgdorferi, ncbi link https://www.ncbi.nlm.nih.gov/Taxonomy/Browser/wwwtax.cgi?id=224328",Criswell2006,NA,Borreliella_burgdorferi_NA,rrs_Borreliella_burgdorferi_Bol26,Nt_pos_Ecoli inconsistent with Nt_pos
Escherichia coli,NA,NA,rrs,912,912,C,G,C -> G,rrs_C912G,rrs_C912G,NA,NA,NA,NA,NA,NA,NA,NA,NA,NA,Lab-generated,NA,NA,NA,Low level resistance and using rrsB,Frattali1990,NA,Escherichia_coli_NA,rrs_Escherichia_coli_MG1655,NA
Escherichia coli,NA,NA,rrs,912,912,C,T,C -> T,rrs_C912T,rrs_C912T,NA,NA,NA,NA,NA,NA,NA,NA,NA,NA,Lab-generated,NA,NA,NA,Low level resistance and using rrsB,Frattali1990,NA,Escherichia_coli_NA,rrs_Escherichia_coli_MG1655,NA
Escherichia coli,NA,NA,rrs,913,913,A,G,A -> G,rrs_A913G,rrs_A913G,NA,NA,NA,NA,NA,NA,NA,NA,NA,NA,Lab-generated,NA,NA,NA,NA,Leclerc1991,NA,Escherichia_coli_NA,rrs_Escherichia_coli_MG1655,NA
Escherichia coli,NA,NA,rrs,915,915,A,G,A -> G,rrs_A915G,rrs_A915G,NA,NA,NA,NA,NA,NA,NA,NA,NA,NA,Lab-generated,NA,NA,NA,NA,Leclerc1991,NA,Escherichia_coli_NA,rrs_Escherichia_coli_MG1655,NA
Escherichia coli,NA,NA,rrs,912,912,C,T,C -> T,rrs_C912T,rrs_C912T,NA,NA,NA,NA,NA,NA,NA,NA,NA,NA,Lab-generated,NA,NA,NA,NA,Leclerc1991,NA,Escherichia_coli_NA,rrs_Escherichia_coli_MG1655,NA
Escherichia coli,NA,NA,rrs,523,523,A,C,A -> C,rrs_A523C,rrs_A523C,NA,NA,NA,NA,NA,NA,NA,NA,NA,NA,Lab-generated,25,NA,NA,NA,Melancon1988,NA,Escherichia_coli_NA,rrs_Escherichia_coli_MG1655,NA
Mycobacterium tuberculosis,NA,NA,rrs,517,526,C,T,C -> T,rrs_C517T,rrs_C526T,NA,NA,NA,NA,NA,NA,NA,NA,NA,NA,Isolate,NA,NA,NA,NA,Al-Mutairi2024,NA,Mycobacterium_tuberculosis_NA,rrs_Mycobacterium_tuberculosis_H37Rv,NA
Mycobacterium tuberculosis,NA,NA,rrs,514,523,A,C,A -> C,rrs_A514C,rrs_A523C,NA,NA,NA,NA,NA,NA,NA,NA,NA,NA,Isolate,NA,NA,NA,NA,Ali2015,NA,Mycobacterium_tuberculosis_NA,rrs_Mycobacterium_tuberculosis_H37Rv,NA
Mycobacterium tuberculosis,NA,NA,rrs,514,523,A,T,A -> T,rrs_A514T,rrs_A523T,NA,NA,NA,NA,NA,NA,NA,NA,NA,NA,Isolate,NA,NA,NA,NA,Ali2015,NA,Mycobacterium_tuberculosis_NA,rrs_Mycobacterium_tuberculosis_H37Rv,NA
Mycobacterium tuberculosis,NA,NA,rrs,906,921,A,G,A -> G,rrs_A906G,rrs_A921G,NA,NA,NA,NA,NA,NA,NA,NA,NA,NA,Isolate,NA,NA,NA,NA,Ali2015,NA,Mycobacterium_tuberculosis_NA,rrs_Mycobacterium_tuberculosis_H37Rv,NA
Mycobacterium tuberculosis,NA,NA,rrs,514,523,A,C,A -> C,rrs_A514C,rrs_A523C,NA,NA,NA,NA,NA,NA,NA,NA,NA,NA,Isolate,NA,NA,NA,NA,Anwaierjiang2021,NA,Mycobacterium_tuberculosis_NA,rrs_Mycobacterium_tuberculosis_H37Rv,NA
Mycobacterium tuberculosis,NA,NA,rrs,517,526,C,T,C -> T,rrs_C517T,rrs_C526T,NA,NA,NA,NA,NA,NA,NA,NA,NA,NA,Isolate,NA,NA,NA,NA,Anwaierjiang2021,NA,Mycobacterium_tuberculosis_NA,rrs_Mycobacterium_tuberculosis_H37Rv,NA
Mycobacterium tuberculosis,NA,NA,rrs,908,923,A,C,A -> C,rrs_A908C,rrs_A923C,NA,NA,NA,NA,NA,NA,NA,NA,NA,NA,Isolate,NA,NA,NA,NA,Anwaierjiang2021,NA,Mycobacterium_tuberculosis_NA,rrs_Mycobacterium_tuberculosis_H37Rv,NA
Mycobacterium tuberculosis,NA,NA,rrs,950,965,T,C,T -> C,rrs_T950C,rrs_T965C,NA,NA,NA,NA,NA,NA,NA,NA,NA,NA,Isolate,NA,NA,NA,NA,Anwaierjiang2021,NA,Mycobacterium_tuberculosis_NA,rrs_Mycobacterium_tuberculosis_H37Rv,NA
Mycobacterium tuberculosis,NA,NA,rrs,514,523,A,C,A -> C,rrs_A514C,rrs_A523C,NA,NA,NA,NA,NA,NA,NA,NA,NA,NA,Isolate,NA,NA,NA,NA,Ballif2012,NA,Mycobacterium_tuberculosis_NA,rrs_Mycobacterium_tuberculosis_H37Rv,NA
Mycobacterium tuberculosis,NA,NA,rrs,1400,1334,A,G,A -> G,rrs_A1400G,rrs_A1334G,NA,NA,NA,NA,NA,NA,NA,NA,NA,NA,Isolate,100,NA,NA,NA,Bauskenieks2015,NA,Mycobacterium_tuberculosis_NA,rrs_Mycobacterium_tuberculosis_H37Rv,NA
Mycobacterium tuberculosis,NA,NA,rrs,513,522,A,C,A -> C,rrs_A513C,rrs_A522C,NA,NA,NA,NA,NA,NA,NA,NA,NA,NA,Isolate,100,NA,NA,NA,Bauskenieks2015,NA,Mycobacterium_tuberculosis_NA,rrs_Mycobacterium_tuberculosis_H37Rv,NA
Mycobacterium tuberculosis,NA,NA,rrs,514,523,A,C,A -> C,rrs_A514C,rrs_A523C,NA,NA,NA,NA,NA,NA,NA,NA,NA,NA,Isolate,NA,NA,NA,NA,Bouziane2019,NA,Mycobacterium_tuberculosis_NA,rrs_Mycobacterium_tuberculosis_H37Rv,NA
Mycobacterium tuberculosis,NA,NA,rrs,514,523,A,C,A -> C,rrs_A514C,rrs_A523C,NA,NA,NA,-,-,-,-,NA,NA,NA,Isolate,NA,NA,3,NA,Bwalya2021,NA,Mycobacterium_tuberculosis_NA,rrs_Mycobacterium_tuberculosis_H37Rv,NA
Mycobacterium tuberculosis,NA,NA,rrs,517,526,C,T,C -> T,rrs_C517T,rrs_C526T,NA,NA,NA,-,-,-,-,NA,NA,NA,Isolate,10<x<100,NA,2,There was also one other mutant that had this mutation as well as mutations in gidB.,Bwalya2021,NA,Mycobacterium_tuberculosis_NA,rrs_Mycobacterium_tuberculosis_H37Rv,NA
Mycobacterium tuberculosis,NA,NA,rrs,906,921,A,G,A -> G,rrs_A906G,rrs_A921G,NA,NA,NA,-,-,-,-,NA,NA,NA,Isolate,NA,NA,2,NA,Bwalya2021,NA,Mycobacterium_tuberculosis_NA,rrs_Mycobacterium_tuberculosis_H37Rv,NA
Mycobacterium tuberculosis,NA,NA,rrs,907,922,A,C,A -> C,rrs_A907C,rrs_A922C,NA,NA,NA,-,-,-,-,NA,NA,NA,Isolate,NA,NA,3,NA,Bwalya2021,NA,Mycobacterium_tuberculosis_NA,rrs_Mycobacterium_tuberculosis_H37Rv,NA
Mycobacterium tuberculosis,NA,NA,rrs,513,522,A,C,A -> C,rrs_A513C,rrs_A522C,NA,NA,NA,NA,NA,NA,NA,NA,NA,NA,Isolate,NA,NA,NA,NA,Chen2015,NA,Mycobacterium_tuberculosis_NA,rrs_Mycobacterium_tuberculosis_H37Rv,NA
Mycobacterium tuberculosis,NA,NA,rrs,865,912,C,G,C -> G,rrs_C865G,rrs_C912G,NA,NA,NA,NA,NA,NA,NA,NA,NA,NA,Lab-generated,NA,NA,NA,One isolate with low-level SM resistance had undergone a cytosine-to-guanine sub-stitution at nucleotide 865 of the 16S rRNA sequence. This position corresponds to position 912 of theE. coli16S rRNAsequence,Cooksey1996,NA,Mycobacterium_tuberculosis_NA,rrs_Mycobacterium_tuberculosis_H37Rv,Nt_pos_Ecoli inconsistent with Nt_pos
Mycobacterium tuberculosis,NA,NA,rrs,483,492,A,T,A -> T,rrs_A483T,rrs_A492T,NA,NA,NA,NA,NA,NA,NA,NA,NA,NA,Isolate,NA,NA,2,NA,Cuevas-Cordoba2013,NA,Mycobacterium_tuberculosis_NA,rrs_Mycobacterium_tuberculosis_H37Rv,NA
Mycobacterium tuberculosis,NA,NA,rrs,485,494,A,G,A -> G,rrs_A485G,rrs_A494G,NA,NA,NA,NA,NA,NA,NA,NA,NA,NA,Isolate,NA,NA,2,NA,Cuevas-Cordoba2013,NA,Mycobacterium_tuberculosis_NA,rrs_Mycobacterium_tuberculosis_H37Rv,NA
Mycobacterium tuberculosis,NA,NA,rrs,496,505,G,A,G -> A,rrs_G496A,rrs_G505A,NA,NA,NA,NA,NA,NA,NA,NA,NA,NA,Isolate,NA,NA,2,NA,Cuevas-Cordoba2013,NA,Mycobacterium_tuberculosis_NA,rrs_Mycobacterium_tuberculosis_H37Rv,NA
Mycobacterium tuberculosis,NA,NA,rrs,513,522,A,C,A -> C,rrs_A513C,rrs_A522C,NA,NA,NA,NA,NA,NA,NA,NA,NA,NA,Isolate,NA,NA,8,NA,Cuevas-Cordoba2013,NA,Mycobacterium_tuberculosis_NA,rrs_Mycobacterium_tuberculosis_H37Rv,NA
Mycobacterium tuberculosis,NA,NA,rrs,516,525,C,T,C -> T,rrs_C516T,rrs_C525T,NA,NA,NA,NA,NA,NA,NA,NA,NA,NA,Isolate,NA,NA,6,NA,Cuevas-Cordoba2013,NA,Mycobacterium_tuberculosis_NA,rrs_Mycobacterium_tuberculosis_H37Rv,NA
Mycobacterium tuberculosis,NA,NA,rrs,795,804,C,T,C -> T,rrs_C795T,rrs_C804T,NA,NA,NA,NA,NA,NA,NA,NA,NA,NA,Isolate,NA,NA,6,NA,Cuevas-Cordoba2013,NA,Mycobacterium_tuberculosis_NA,rrs_Mycobacterium_tuberculosis_H37Rv,NA
Mycobacterium tuberculosis,NA,NA,rrs,870,885,C,T,C -> T,rrs_C870T,rrs_C885T,NA,NA,NA,NA,NA,NA,NA,NA,NA,NA,Isolate,NA,NA,3,NA,Cuevas-Cordoba2013,NA,Mycobacterium_tuberculosis_NA,rrs_Mycobacterium_tuberculosis_H37Rv,NA
Mycobacterium tuberculosis,NA,NA,rrs,907,922,A,C,A -> C,rrs_A907C,rrs_A922C,NA,NA,NA,NA,NA,NA,NA,NA,NA,NA,Isolate,NA,NA,3,NA,Cuevas-Cordoba2013,NA,Mycobacterium_tuberculosis_NA,rrs_Mycobacterium_tuberculosis_H37Rv,NA
Mycobacterium tuberculosis,NA,NA,rrs,491,500,C,T,C -> T,rrs_C491T,rrs_C500T,NA,NA,NA,NA,NA,NA,NA,NA,NA,NA,Isolate,NA,NA,NA,NA,Dobner1997,NA,Mycobacterium_tuberculosis_NA,rrs_Mycobacterium_tuberculosis_H37Rv,NA
Mycobacterium tuberculosis,NA,NA,rrs,513,522,A,C,A -> C,rrs_A513C,rrs_A522C,NA,NA,NA,NA,NA,NA,NA,NA,NA,NA,Isolate,NA,NA,NA,NA,Dobner1997,NA,Mycobacterium_tuberculosis_NA,rrs_Mycobacterium_tuberculosis_H37Rv,NA
Mycobacterium tuberculosis,NA,NA,rrs,516,525,C,T,C -> T,rrs_C516T,rrs_C525T,NA,NA,NA,NA,NA,NA,NA,NA,NA,NA,Isolate,NA,NA,NA,NA,Dobner1997,NA,Mycobacterium_tuberculosis_NA,rrs_Mycobacterium_tuberculosis_H37Rv,NA
Mycobacterium tuberculosis,NA,NA,rrs,905,920,A,G,A -> G,rrs_A905G,rrs_A920G,NA,NA,NA,NA,NA,NA,NA,NA,NA,NA,Isolate,NA,NA,NA,NA,Dobner1997,NA,Mycobacterium_tuberculosis_NA,rrs_Mycobacterium_tuberculosis_H37Rv,NA
Mycobacterium tuberculosis,NA,NA,rrs,906,921,A,T,A -> T,rrs_A906T,rrs_A921T,NA,NA,NA,NA,NA,NA,NA,NA,NA,NA,Isolate,NA,NA,NA,NA,Dobner1997,NA,Mycobacterium_tuberculosis_NA,rrs_Mycobacterium_tuberculosis_H37Rv,NA
Mycobacterium tuberculosis,NA,NA,rrs,1401,1335,A,G,A -> G,rrs_A1401G,rrs_A1335G,NA,NA,NA,NA,NA,NA,NA,NA,NA,NA,Isolate,NA,NA,NA,NA,Dymova2014,NA,Mycobacterium_tuberculosis_NA,rrs_Mycobacterium_tuberculosis_H37Rv,NA
Mycobacterium tuberculosis,NA,NA,rrs,513,522,A,C,A -> C,rrs_A513C,rrs_A522C,NA,NA,NA,NA,NA,NA,NA,NA,NA,NA,Lab-generated,NA,NA,NA,NA,Finken1993,NA,Mycobacterium_tuberculosis_NA,rrs_Mycobacterium_tuberculosis_H37Rv,NA
Mycobacterium tuberculosis,NA,NA,rrs,516,525,C,T,C -> T,rrs_C516T,rrs_C525T,NA,NA,NA,NA,NA,NA,NA,NA,NA,NA,Lab-generated,NA,NA,NA,NA,Finken1993,NA,Mycobacterium_tuberculosis_NA,rrs_Mycobacterium_tuberculosis_H37Rv,NA
Mycobacterium tuberculosis,NA,NA,rrs,419,437,C,T,C -> T,rrs_C419T,rrs_C437T,NA,NA,NA,34,NA,K,R,NA,NA,NA,Isolate,NA,NA,NA,NA,Gegia2008,NA,Mycobacterium_tuberculosis_NA,rrs_Mycobacterium_tuberculosis_H37Rv,NA
Mycobacterium tuberculosis,NA,NA,rrs,512,521,C,T,C -> T,rrs_C512T,rrs_C521T,NA,NA,NA,NA,NA,NA,NA,NA,NA,NA,Isolate,NA,NA,NA,NA,Gegia2008,NA,Mycobacterium_tuberculosis_NA,rrs_Mycobacterium_tuberculosis_H37Rv,NA
Mycobacterium tuberculosis,NA,NA,rrs,513,522,A,C,A -> C,rrs_A513C,rrs_A522C,NA,NA,NA,NA,NA,NA,NA,NA,NA,NA,Isolate,NA,NA,NA,NA,Gegia2008,NA,Mycobacterium_tuberculosis_NA,rrs_Mycobacterium_tuberculosis_H37Rv,NA
Mycobacterium tuberculosis,NA,NA,rrs,516,525,C,R,C -> R,rrs_C516R,rrs_C525R,NA,NA,NA,NA,NA,NA,NA,NA,NA,NA,Isolate,NA,NA,NA,NA,Gegia2008,NA,Mycobacterium_tuberculosis_NA,rrs_Mycobacterium_tuberculosis_H37Rv,NA
Mycobacterium tuberculosis,NA,NA,rrs,514,523,A,C,A -> C,rrs_A514C,rrs_A523C,NA,NA,NA,NA,NA,NA,NA,NA,NA,NA,Isolate,NA,NA,NA,NA,Hasan2023,NA,Mycobacterium_tuberculosis_NA,rrs_Mycobacterium_tuberculosis_H37Rv,NA
Mycobacterium tuberculosis,NA,NA,rrs,517,526,C,T,C -> T,rrs_C517T,rrs_C526T,NA,NA,NA,NA,NA,NA,NA,NA,NA,NA,Isolate,NA,NA,NA,NA,Hasan2023,NA,Mycobacterium_tuberculosis_NA,rrs_Mycobacterium_tuberculosis_H37Rv,NA
Mycobacterium tuberculosis,9247,NA,rrs,904,919,C,G,C -> G,rrs_C904G,rrs_C919G,NA,NA,NA,NA,NA,NA,NA,NA,NA,NA,Lab-generated,"1,280",NA,NA,NA,Honore1994,NA,Mycobacterium_tuberculosis_9247,rrs_Mycobacterium_tuberculosis_H37Rv,NA
Mycobacterium tuberculosis,9428,NA,rrs,904,919,C,A,C -> A,rrs_C904A,rrs_C919A,NA,NA,NA,NA,NA,NA,NA,NA,NA,NA,Lab-generated,160,NA,NA,NA,Honore1994,NA,Mycobacterium_tuberculosis_9428,rrs_Mycobacterium_tuberculosis_H37Rv,NA
Mycobacterium tuberculosis,NA,NA,rrs,151,145,C,G,C -> G,rrs_C151G,rrs_C145G,NA,NA,NA,NA,NA,NA,NA,NA,NA,NA,Isolate,NA,NA,NA,NA,Huy2023,NA,Mycobacterium_tuberculosis_NA,rrs_Mycobacterium_tuberculosis_H37Rv,NA
Mycobacterium tuberculosis,NA,NA,rrs,239,236,C,T,C -> T,rrs_C239T,rrs_C236T,NA,NA,NA,NA,NA,NA,NA,NA,NA,NA,Isolate,NA,NA,NA,NA,Huy2023,NA,Mycobacterium_tuberculosis_NA,rrs_Mycobacterium_tuberculosis_H37Rv,NA
Mycobacterium tuberculosis,NA,NA,rrs,513,522,C,T,C -> T,rrs_C513T,rrs_C522T,NA,NA,NA,NA,NA,NA,NA,NA,NA,NA,Isolate,NA,NA,NA,NA,Huy2023,NA,Mycobacterium_tuberculosis_NA,rrs_Mycobacterium_tuberculosis_H37Rv,NA
Mycobacterium tuberculosis,NA,NA,rrs,514,523,A,C,A -> C,rrs_A514C,rrs_A523C,NA,NA,NA,NA,NA,NA,NA,NA,NA,NA,Isolate,NA,NA,NA,NA,Huy2023,NA,Mycobacterium_tuberculosis_NA,rrs_Mycobacterium_tuberculosis_H37Rv,NA
Mycobacterium tuberculosis,NA,NA,rrs,517,526,C,T,C -> T,rrs_C517T,rrs_C526T,NA,NA,NA,NA,NA,NA,NA,NA,NA,NA,Isolate,NA,NA,NA,NA,Huy2023,NA,Mycobacterium_tuberculosis_NA,rrs_Mycobacterium_tuberculosis_H37Rv,NA
Mycobacterium tuberculosis,NA,NA,rrs,878,893,G,A,G -> A,rrs_G878A,rrs_G893A,NA,NA,NA,NA,NA,NA,NA,NA,NA,NA,Isolate,NA,NA,NA,NA,Huy2023,NA,Mycobacterium_tuberculosis_NA,rrs_Mycobacterium_tuberculosis_H37Rv,NA
Mycobacterium tuberculosis,NA,NA,rrs,905,920,C,G,C -> G,rrs_C905G,rrs_C920G,NA,NA,NA,NA,NA,NA,NA,NA,NA,NA,Isolate,NA,NA,NA,NA,Huy2023,NA,Mycobacterium_tuberculosis_NA,rrs_Mycobacterium_tuberculosis_H37Rv,NA
Mycobacterium tuberculosis,NA,NA,rrs,908,923,A,C,A -> C,rrs_A908C,rrs_A923C,NA,NA,NA,NA,NA,NA,NA,NA,NA,NA,Isolate,NA,NA,NA,NA,Huy2023,NA,Mycobacterium_tuberculosis_NA,rrs_Mycobacterium_tuberculosis_H37Rv,NA
Mycobacterium tuberculosis,NA,NA,rrs,514,523,A,C,A -> C,rrs_A514C,rrs_A523C,NA,NA,NA,NA,NA,NA,NA,NA,NA,NA,Isolate,NA,NA,NA,NA,Islam2020,NA,Mycobacterium_tuberculosis_NA,rrs_Mycobacterium_tuberculosis_H37Rv,NA
Mycobacterium tuberculosis,NA,NA,rrs,1274,1232,C,T,C -> T,rrs_C1274T,rrs_C1232T,NA,NA,NA,NA,NA,NA,NA,NA,NA,NA,Isolate,NA,NA,NA,NA,Islam2020,NA,Mycobacterium_tuberculosis_NA,rrs_Mycobacterium_tuberculosis_H37Rv,NA
Mycobacterium tuberculosis,NA,NA,rrs,1401,1335,A,G,A -> G,rrs_A1401G,rrs_A1335G,NA,NA,NA,NA,NA,NA,NA,NA,NA,NA,Isolate,NA,NA,NA,NA,Islam2020,NA,Mycobacterium_tuberculosis_NA,rrs_Mycobacterium_tuberculosis_H37Rv,NA
Mycobacterium tuberculosis,NA,NA,rrs,1491,1386,T,C,T -> C,rrs_T1491C,rrs_T1386C,NA,NA,NA,NA,NA,NA,NA,NA,NA,NA,Isolate,NA,NA,NA,NA,Islam2020,NA,Mycobacterium_tuberculosis_NA,rrs_Mycobacterium_tuberculosis_H37Rv,NA
Mycobacterium tuberculosis,NA,NA,rrs,12,9,G,C,G -> C,rrs_G12C,rrs_G9C,NA,NA,NA,NA,NA,NA,NA,NA,NA,NA,Isolate,NA,NA,NA,NA,Islam2020,NA,Mycobacterium_tuberculosis_NA,rrs_Mycobacterium_tuberculosis_H37Rv,NA
Mycobacterium tuberculosis,NA,NA,rrs,310,328,C,T,C -> T,rrs_C310T,rrs_C328T,NA,NA,NA,NA,NA,NA,NA,NA,NA,NA,Isolate,NA,NA,NA,NA,Islam2020,NA,Mycobacterium_tuberculosis_NA,rrs_Mycobacterium_tuberculosis_H37Rv,NA
Mycobacterium tuberculosis,NA,NA,rrs,908,923,A,C,A -> C,rrs_A908C,rrs_A923C,NA,NA,NA,NA,NA,NA,NA,NA,NA,NA,Isolate,NA,NA,NA,NA,Islam2020,NA,Mycobacterium_tuberculosis_NA,rrs_Mycobacterium_tuberculosis_H37Rv,NA
Mycobacterium tuberculosis,NA,NA,rrs,1465,1363,T,C,T -> C,rrs_T1465C,rrs_T1363C,NA,NA,NA,NA,NA,NA,NA,NA,NA,NA,Isolate,NA,NA,NA,NA,Islam2020,NA,Mycobacterium_tuberculosis_NA,rrs_Mycobacterium_tuberculosis_H37Rv,NA
Mycobacterium tuberculosis,NA,NA,rrs,181,178,C,G,C -> G,rrs_C181G,rrs_C178G,NA,NA,NA,NA,NA,NA,NA,NA,NA,NA,Isolate,NA,NA,NA,NA,Islam2020,NA,Mycobacterium_tuberculosis_NA,rrs_Mycobacterium_tuberculosis_H37Rv,NA
Mycobacterium tuberculosis,NA,NA,rrs,514,523,A,C,A -> C,rrs_A514C,rrs_A523C,NA,NA,NA,NA,NA,NA,NA,NA,NA,NA,Isolate,NA,NA,NA,NA,Jabbar2019,NA,Mycobacterium_tuberculosis_NA,rrs_Mycobacterium_tuberculosis_H37Rv,NA
Mycobacterium tuberculosis,NA,NA,rrs,517,526,C,T,C -> T,rrs_C517T,rrs_C526T,NA,NA,NA,NA,NA,NA,NA,NA,NA,NA,Isolate,NA,NA,NA,NA,Jabbar2019,NA,Mycobacterium_tuberculosis_NA,rrs_Mycobacterium_tuberculosis_H37Rv,NA
Mycobacterium tuberculosis,4362/8,NA,rrs,523,523,A,C,A -> C,rrs_A523C,rrs_A523C,NA,NA,NA,NA,NA,NA,NA,NA,NA,NA,Isolate,50-250,NA,NA,NA,Meier1996,NA,Mycobacterium_tuberculosis_4362/8,rrs_Mycobacterium_tuberculosis_H37Rv,Nt_pos_Ecoli inconsistent with Nt_pos
Mycobacterium tuberculosis,5127/85,NA,rrs,523,523,A,C,A -> C,rrs_A523C,rrs_A523C,NA,NA,NA,NA,NA,NA,NA,NA,NA,NA,Isolate,250-500,NA,NA,NA,Meier1996,NA,Mycobacterium_tuberculosis_5127/85,rrs_Mycobacterium_tuberculosis_H37Rv,Nt_pos_Ecoli inconsistent with Nt_pos
Mycobacterium tuberculosis,K4/94,NA,rrs,523,523,A,C,A -> C,rrs_A523C,rrs_A523C,NA,NA,NA,NA,NA,NA,NA,NA,NA,NA,Isolate,50-250,NA,NA,NA,Meier1996,NA,Mycobacterium_tuberculosis_K4/94,rrs_Mycobacterium_tuberculosis_H37Rv,Nt_pos_Ecoli inconsistent with Nt_pos
Mycobacterium tuberculosis,3976/83,NA,rrs,522,522,C,T,C -> T,rrs_C522T,rrs_C522T,NA,NA,NA,NA,NA,NA,NA,NA,NA,NA,Isolate,50-250,NA,NA,NA,Meier1996,NA,Mycobacterium_tuberculosis_3976/83,rrs_Mycobacterium_tuberculosis_H37Rv,Nt_pos_Ecoli inconsistent with Nt_pos
Mycobacterium tuberculosis,3601/84,NA,rrs,526,526,C,T,C -> T,rrs_C526T,rrs_C526T,NA,NA,NA,NA,NA,NA,NA,NA,NA,NA,Isolate,50-250,NA,NA,NA,Meier1996,NA,Mycobacterium_tuberculosis_3601/84,rrs_Mycobacterium_tuberculosis_H37Rv,Nt_pos_Ecoli inconsistent with Nt_pos
Mycobacterium tuberculosis,K3/94,NA,rrs,526,526,C,T,C -> T,rrs_C526T,rrs_C526T,NA,NA,NA,NA,NA,NA,NA,NA,NA,NA,Isolate,250-500,NA,NA,NA,Meier1996,NA,Mycobacterium_tuberculosis_K3/94,rrs_Mycobacterium_tuberculosis_H37Rv,Nt_pos_Ecoli inconsistent with Nt_pos
Mycobacterium tuberculosis,NA,NA,rrs,514,523,A,C,A -> C,rrs_A514C,rrs_A523C,NA,NA,NA,NA,NA,NA,NA,NA,NA,NA,Isolate,NA,NA,NA,3 isolate had this mutation,Oo2018,NA,Mycobacterium_tuberculosis_NA,rrs_Mycobacterium_tuberculosis_H37Rv,NA
Mycobacterium tuberculosis,NA,NA,rrs,517,526,C,T,C -> T,rrs_C517T,rrs_C526T,NA,NA,NA,NA,NA,NA,NA,NA,NA,NA,Isolate,NA,NA,NA,1 isolate had this mutation,Oo2018,NA,Mycobacterium_tuberculosis_NA,rrs_Mycobacterium_tuberculosis_H37Rv,NA
Mycobacterium tuberculosis,NA,NA,rrs,905,920,C,A,C -> A,rrs_C905A,rrs_C920A,NA,NA,NA,NA,NA,NA,NA,NA,NA,NA,Isolate,NA,NA,NA,1 isolate had this mutation,Oo2018,NA,Mycobacterium_tuberculosis_NA,rrs_Mycobacterium_tuberculosis_H37Rv,NA
Mycobacterium tuberculosis,H4/127,NA,rrs,516,525,C,T,C -> T,rrs_C516T,rrs_C525T,NA,NA,NA,NA,NA,NA,NA,NA,NA,NA,Isolate,NA,NA,NA,NA,Rezaei2017,NA,Mycobacterium_tuberculosis_H4/127,rrs_Mycobacterium_tuberculosis_H37Rv,NA
Mycobacterium tuberculosis,H4/127,NA,rrs,526,535,C,T,C -> T,rrs_C526T,rrs_C535T,NA,NA,NA,NA,NA,NA,NA,NA,NA,NA,Isolate,NA,NA,NA,NA,Rezaei2017,NA,Mycobacterium_tuberculosis_H4/127,rrs_Mycobacterium_tuberculosis_H37Rv,NA
Mycobacterium tuberculosis,H4/361,NA,rrs,856,871,A,T,A -> T,rrs_A856T,rrs_A871T,NA,NA,NA,NA,NA,NA,NA,NA,NA,NA,Isolate,NA,NA,NA,NA,Rezaei2017,NA,Mycobacterium_tuberculosis_H4/361,rrs_Mycobacterium_tuberculosis_H37Rv,NA
Mycobacterium tuberculosis,H4/127,NA,rrs,907,922,A,C,A -> C,rrs_A907C,rrs_A922C,NA,NA,NA,NA,NA,NA,NA,NA,NA,NA,Isolate,NA,NA,NA,NA,Rezaei2017,NA,Mycobacterium_tuberculosis_H4/127,rrs_Mycobacterium_tuberculosis_H37Rv,NA
Mycobacterium tuberculosis,H4/361,NA,rrs,907,922,A,C,A -> C,rrs_A907C,rrs_A922C,NA,NA,NA,NA,NA,NA,NA,NA,NA,NA,Isolate,NA,NA,NA,NA,Rezaei2017,NA,Mycobacterium_tuberculosis_H4/361,rrs_Mycobacterium_tuberculosis_H37Rv,NA
Mycobacterium tuberculosis,T1/53,NA,rrs,907,922,A,C,A -> C,rrs_A907C,rrs_A922C,NA,NA,NA,NA,NA,NA,NA,NA,NA,NA,Isolate,NA,NA,NA,NA,Rezaei2017,NA,Mycobacterium_tuberculosis_T1/53,rrs_Mycobacterium_tuberculosis_H37Rv,NA
Mycobacterium tuberculosis,T1/53,NA,rrs,907,922,A,C,A -> C,rrs_A907C,rrs_A922C,NA,NA,NA,NA,NA,NA,NA,NA,NA,NA,Isolate,NA,NA,NA,NA,Rezaei2017,NA,Mycobacterium_tuberculosis_T1/53,rrs_Mycobacterium_tuberculosis_H37Rv,NA
Mycobacterium tuberculosis,NA,NA,rrs,907,922,A,C,A -> C,rrs_A907C,rrs_A922C,NA,NA,NA,NA,NA,NA,NA,NA,NA,NA,Isolate,NA,NA,NA,This exhibited a co-mutation in rpsL K43R.,Shrestha2020,Le  Na Ngo,Mycobacterium_tuberculosis_NA,rrs_Mycobacterium_tuberculosis_H37Rv,NA
Mycobacterium tuberculosis,NA,NA,rrs,514,523,A,C,A -> C,rrs_A514C,rrs_A523C,NA,NA,NA,NA,NA,NA,NA,NA,NA,NA,Isolate,NA,NA,NA,One isolate exhibited a co-mutation in rpsL G353A.,Shrestha2020,Le  Na Ngo,Mycobacterium_tuberculosis_NA,rrs_Mycobacterium_tuberculosis_H37Rv,NA
Mycobacterium tuberculosis,NA,NA,rrs,517,526,A,T,A -> T,rrs_A517T,rrs_A526T,NA,NA,NA,NA,NA,NA,NA,NA,NA,NA,Isolate,NA,NA,NA,NA,Shrestha2020,Le  Na Ngo,Mycobacterium_tuberculosis_NA,rrs_Mycobacterium_tuberculosis_H37Rv,NA
Mycobacterium tuberculosis,NA,NA,rrs,906,921,A,C,A -> C,rrs_A906C,rrs_A921C,NA,NA,NA,NA,NA,NA,NA,NA,NA,NA,Isolate,NA,NA,NA,NA,Shrestha2020,Le  Na Ngo,Mycobacterium_tuberculosis_NA,rrs_Mycobacterium_tuberculosis_H37Rv,NA
Mycobacterium tuberculosis,NA,NA,rrs,908,923,A,C,A -> C,rrs_A908C,rrs_A923C,NA,NA,NA,NA,NA,NA,NA,NA,NA,NA,Isolate,NA,NA,NA,NA,Shrestha2020,Le  Na Ngo,Mycobacterium_tuberculosis_NA,rrs_Mycobacterium_tuberculosis_H37Rv,NA
Mycobacterium tuberculosis,NA,NA,rrs,912,927,A,G,A -> G,rrs_A912G,rrs_A927G,NA,NA,NA,NA,NA,NA,NA,NA,NA,NA,Isolate,NA,NA,NA,NA,Shrestha2020,Le  Na Ngo,Mycobacterium_tuberculosis_NA,rrs_Mycobacterium_tuberculosis_H37Rv,NA
Mycobacterium tuberculosis,NA,NA,rrs,644,653,A,G,A -> G,rrs_A644G,rrs_A653G,NA,NA,NA,NA,NA,NA,NA,NA,NA,NA,Isolate,NA,NA,NA,This exhibited a co-mutation in K88R in rpsL.,Shrestha2020,Le  Na Ngo,Mycobacterium_tuberculosis_NA,rrs_Mycobacterium_tuberculosis_H37Rv,NA
Mycobacterium tuberculosis,NA,NA,rrs,491,500,C,T,C -> T,rrs_C491T,rrs_C500T,NA,NA,NA,NA,NA,NA,NA,NA,NA,NA,Isolate,NA,NA,NA,Origin: IN VIVO -> Isolate,Sreevatsan1996,Le Na Ngo,Mycobacterium_tuberculosis_NA,rrs_Mycobacterium_tuberculosis_H37Rv,NA
Mycobacterium tuberculosis,NA,NA,rrs,512,521,C,T,C -> T,rrs_C512T,rrs_C521T,NA,NA,NA,NA,NA,NA,NA,NA,NA,NA,Isolate,NA,NA,NA,Origin: IN VIVO -> Isolate,Sreevatsan1996,Le Na Ngo,Mycobacterium_tuberculosis_NA,rrs_Mycobacterium_tuberculosis_H37Rv,NA
Mycobacterium tuberculosis,NA,NA,rrs,513,522,A,T,A -> T,rrs_A513T,rrs_A522T,NA,NA,NA,NA,NA,NA,NA,NA,NA,NA,Isolate,NA,NA,NA,Origin: IN VIVO -> Isolate,Sreevatsan1996,Le Na Ngo,Mycobacterium_tuberculosis_NA,rrs_Mycobacterium_tuberculosis_H37Rv,NA
Mycobacterium tuberculosis,NA,NA,rrs,798,807,C,T,C -> T,rrs_C798T,rrs_C807T,NA,NA,NA,NA,NA,NA,NA,NA,NA,NA,Isolate,NA,NA,NA,Novel mutation. One isolate from New York had this mutation as well as a mutation in rpsL codon 43. Origin: IN VIVO -> Isolate,Sreevatsan1996,Le Na Ngo,Mycobacterium_tuberculosis_NA,rrs_Mycobacterium_tuberculosis_H37Rv,NA
Mycobacterium tuberculosis,NA,NA,rrs,877,892,G,A,G -> A,rrs_G877A,rrs_G892A,NA,NA,NA,NA,NA,NA,NA,NA,NA,NA,Isolate,NA,NA,NA,Novel mutation. Origin: IN VIVO -> Isolate,Sreevatsan1996,Le Na Ngo,Mycobacterium_tuberculosis_NA,rrs_Mycobacterium_tuberculosis_H37Rv,NA
Mycobacterium tuberculosis,NA,NA,rrs,904,919,A,G,A -> G,rrs_A904G,rrs_A919G,NA,NA,NA,NA,NA,NA,NA,NA,NA,NA,Isolate,NA,NA,NA,Origin: IN VIVO -> Isolate,Sreevatsan1996,Le Na Ngo,Mycobacterium_tuberculosis_NA,rrs_Mycobacterium_tuberculosis_H37Rv,NA
Mycobacterium tuberculosis,NA,NA,rrs,906,921,A,C,A -> C,rrs_A906C,rrs_A921C,NA,NA,NA,NA,NA,NA,NA,NA,NA,NA,Isolate,NA,NA,NA,Novel mutation. Origin: IN VIVO -> Isolate,Sreevatsan1996,Le Na Ngo,Mycobacterium_tuberculosis_NA,rrs_Mycobacterium_tuberculosis_H37Rv,NA
Mycobacterium tuberculosis,NA,NA,rrs,514,523,A,C,A -> C,rrs_A514C,rrs_A523C,NA,NA,NA,NA,NA,NA,NA,NA,NA,NA,Isolate,NA,NA,NA,NA,Sun2016,NA,Mycobacterium_tuberculosis_NA,rrs_Mycobacterium_tuberculosis_H37Rv,NA
Mycobacterium tuberculosis,NA,NA,rrs,517,526,C,T,C -> T,rrs_C517T,rrs_C526T,NA,NA,NA,NA,NA,NA,NA,NA,NA,NA,Isolate,NA,NA,NA,NA,Sun2016,NA,Mycobacterium_tuberculosis_NA,rrs_Mycobacterium_tuberculosis_H37Rv,NA
Mycobacterium tuberculosis,NA,NA,rrs,906,921,A,G,A -> G,rrs_A906G,rrs_A921G,NA,NA,NA,NA,NA,NA,NA,NA,NA,NA,Isolate,NA,NA,NA,NA,Sun2016,NA,Mycobacterium_tuberculosis_NA,rrs_Mycobacterium_tuberculosis_H37Rv,NA
Mycobacterium tuberculosis,NA,NA,rrs,513,522,A,T,A -> T,rrs_A513T,rrs_A522T,NA,NA,NA,-,-,-,-,NA,NA,NA,Isolate,512,NA,NA,"Exact strains not given, bacteria were from 69 clinical isolates from Barcelona, mutations were in the rrs 530 loop specifically",Tudo2010,NA,Mycobacterium_tuberculosis_NA,rrs_Mycobacterium_tuberculosis_H37Rv,NA
Mycobacterium tuberculosis,NA,NA,rrs,513,522,A,C,A -> C,rrs_A513C,rrs_A522C,NA,NA,NA,-,-,-,-,NA,NA,NA,Isolate,16,NA,NA,"Exact strains not given, bacteria were from 69 clinical isolates from Barcelona, mutations were in the rrs 530 loop specifically",Tudo2010,NA,Mycobacterium_tuberculosis_NA,rrs_Mycobacterium_tuberculosis_H37Rv,NA
Mycobacterium tuberculosis,NA,NA,rrs,516,525,C,T,C -> T,rrs_C516T,rrs_C525T,NA,NA,NA,NA,NA,NA,NA,NA,NA,NA,Isolate,512,NA,NA,"Exact strains not given, bacteria were from 69 clinical isolates from Barcelona, mutations were in the rrs 530 loop specifically",Tudo2010,NA,Mycobacterium_tuberculosis_NA,rrs_Mycobacterium_tuberculosis_H37Rv,NA
Mycobacterium tuberculosis,NA,NA,rrs,514,523,A,T,A -> T,rrs_A514T,rrs_A523T,NA,NA,NA,NA,NA,NA,NA,NA,NA,NA,Isolate,NA,NA,NA,"2 STR-S, 1 STR-R, and 1 MDR-TB isolates found.",Wang2019a,NA,Mycobacterium_tuberculosis_NA,rrs_Mycobacterium_tuberculosis_H37Rv,NA
Mycobacterium tuberculosis,NA,NA,rrs,514,523,A,C,A -> C,rrs_A514C,rrs_A523C,NA,NA,NA,NA,NA,NA,NA,NA,NA,NA,Isolate,NA,NA,NA,"3 STR-S, 26 STR-R, and 12 MDR-TB isolates found.",Wang2019a,NA,Mycobacterium_tuberculosis_NA,rrs_Mycobacterium_tuberculosis_H37Rv,NA
Mycobacterium tuberculosis,NA,NA,rrs,517,526,C,T,C -> T,rrs_C517T,rrs_C526T,NA,NA,NA,NA,NA,NA,NA,NA,NA,NA,Isolate,NA,NA,NA,"2 STR-S, 5 STR-R, and 2 MDR-TB isolates found.",Wang2019a,NA,Mycobacterium_tuberculosis_NA,rrs_Mycobacterium_tuberculosis_H37Rv,NA
Mycobacterium tuberculosis,NA,NA,rrs,848,860,G,T,G -> T,rrs_G848T,rrs_G860T,NA,NA,NA,NA,NA,NA,NA,NA,NA,NA,Isolate,NA,NA,NA,1 STR-R and I MDR-TB isolates found.,Wang2019a,NA,Mycobacterium_tuberculosis_NA,rrs_Mycobacterium_tuberculosis_H37Rv,NA
Mycobacterium tuberculosis,NA,NA,rrs,906,921,A,G,A -> G,rrs_A906G,rrs_A921G,NA,NA,NA,NA,NA,NA,NA,NA,NA,NA,Isolate,NA,NA,NA,1 STR-R isolate found.,Wang2019a,NA,Mycobacterium_tuberculosis_NA,rrs_Mycobacterium_tuberculosis_H37Rv,NA
Mycobacterium tuberculosis variant bovis,NA,NA,rrs,878,893,G,A,G -> A,rrs_G878A,rrs_G893A,NA,NA,NA,NA,NA,NA,NA,NA,NA,NA,Lab-generated,NA,NA,NA,NA,Domenech2022,NA,Mycobacterium_tuberculosis_variant_bovis_NA,rrs_Mycobacterium_tuberculosis_H37Rv,NA
Mycolicibacterium smegmatis,NA,NA,rrs,524,548,G,C,G -> C,rrs_G524C,rrs_G548C,NA,NA,NA,NA,NA,NA,NA,NA,NA,NA,Lab-generated,200,NA,NA,NA,Springer2001,NA,Mycolicibacterium_smegmatis_NA,rrs_Mycolicibacterium_smegmatis_Jucho,NA
Mycolicibacterium smegmatis,NA,NA,rrs,526,550,C,T,C -> T,rrs_C526T,rrs_C550T,NA,NA,NA,NA,NA,NA,NA,NA,NA,NA,Lab-generated,20-100,NA,NA,NA,Springer2001,NA,Mycolicibacterium_smegmatis_NA,rrs_Mycolicibacterium_smegmatis_Jucho,NA
Mycolicibacterium smegmatis,NA,NA,rrs,522,546,C,T,C -> T,rrs_C522T,rrs_C546T,NA,NA,NA,NA,NA,NA,NA,NA,NA,NA,Lab-generated,20-100,NA,NA,NA,Springer2001,NA,Mycolicibacterium_smegmatis_NA,rrs_Mycolicibacterium_smegmatis_Jucho,NA
Mycolicibacterium smegmatis,NA,NA,rrs,523,547,A,C,A -> C,rrs_A523C,rrs_A547C,NA,NA,NA,NA,NA,NA,NA,NA,NA,NA,Lab-generated,20-100,NA,NA,NA,Springer2001,NA,Mycolicibacterium_smegmatis_NA,rrs_Mycolicibacterium_smegmatis_Jucho,NA
Thermus thermophilus,NA,NA,rrs,1408,1426,A,G,A -> G,rrs_A1408G,rrs_A1426G,NA,NA,NA,NA,NA,NA,NA,NA,NA,NA,Lab-generated,NA,NA,NA,NA,Gregory2005,NA,Thermus_thermophilus_NA,rrs_Thermus_thermophilus_HB8,NA
