accession_numbers,species,target_name,gene_copy,target_length,alig_score,core_dist,Nt_pos_Ecoli,Nt_mutation,Nt_target,n_possible,mutation_name,genus,mutation_category
GCF_034555895.2,Mycobacterium europaeum,rrs_1_Mycobacterium europaeum_GCF_034555895.2,1,1519,-1328.4700927734375,114,893,A,C,1,893_A,Mycobacterium,possible
GCF_034555895.2,Mycobacterium europaeum,rrs_1_Mycobacterium europaeum_GCF_034555895.2,1,1519,-1328.4700927734375,114,912,G,C,1,912_G,Mycobacterium,possible
GCF_963853645.1,Mycobacterium riyadhense,rrs_1_Mycobacterium riyadhense_GCF_963853645.1,1,1531,-1365.1690673828125,106,523,C,C,1,523_C,Mycobacterium,present
GCF_963853645.1,Mycobacterium riyadhense,rrs_1_Mycobacterium riyadhense_GCF_963853645.1,1,1531,-1365.1690673828125,106,893,A,C,1,893_A,Mycobacterium,possible
GCF_963853645.1,Mycobacterium riyadhense,rrs_1_Mycobacterium riyadhense_GCF_963853645.1,1,1531,-1365.1690673828125,106,912,G,C,1,912_G,Mycobacterium,possible
GCF_041206865.1,Mycobacterium servetii,rrs_1_Mycobacterium servetii_GCF_041206865.1,1,1518,-1191.417724609375,114,893,A,C,1,893_A,Mycobacterium,possible
GCF_041206865.1,Mycobacterium servetii,rrs_1_Mycobacterium servetii_GCF_041206865.1,1,1518,-1191.417724609375,114,912,G,C,1,912_G,Mycobacterium,possible
GCF_022175585.2,Mycobacterium avium,rrs_1_Mycobacterium avium_GCF_022175585.2,1,1533,-1216.290771484375,106,523,C,C,1,523_C,Mycobacterium,present
GCF_022175585.2,Mycobacterium avium,rrs_1_Mycobacterium avium_GCF_022175585.2,1,1533,-1216.290771484375,106,893,A,C,1,893_A,Mycobacterium,possible
GCF_022175585.2,Mycobacterium avium,rrs_1_Mycobacterium avium_GCF_022175585.2,1,1533,-1216.290771484375,106,912,G,C,1,912_G,Mycobacterium,possible
GCF_030252325.1,Candidatus Mycobacterium wuenschmannii,rrs_1_Candidatus Mycobacterium wuenschmannii_GCF_030252325.1,1,1533,-903.9452514648436,91,523,C,A,1,523_C,Candidatus,possible
GCF_030252325.1,Candidatus Mycobacterium wuenschmannii,rrs_1_Candidatus Mycobacterium wuenschmannii_GCF_030252325.1,1,1533,-903.9452514648436,91,893,A,G,1,893_A,Candidatus,possible
GCF_030252325.1,Candidatus Mycobacterium wuenschmannii,rrs_1_Candidatus Mycobacterium wuenschmannii_GCF_030252325.1,1,1533,-903.9452514648436,91,912,G,C,1,912_G,Candidatus,possible
GCF_030252325.1,Candidatus Mycobacterium wuenschmannii,rrs_2_Candidatus Mycobacterium wuenschmannii_GCF_030252325.1,2,1533,-903.9452514648436,91,523,C,A,1,523_C,Candidatus,possible
GCF_030252325.1,Candidatus Mycobacterium wuenschmannii,rrs_2_Candidatus Mycobacterium wuenschmannii_GCF_030252325.1,2,1533,-903.9452514648436,91,893,A,G,1,893_A,Candidatus,possible
GCF_030252325.1,Candidatus Mycobacterium wuenschmannii,rrs_2_Candidatus Mycobacterium wuenschmannii_GCF_030252325.1,2,1533,-903.9452514648436,91,912,G,C,1,912_G,Candidatus,possible
GCF_027529605.1,Mycobacterium hippophais,rrs_1_Mycobacterium hippophais_GCF_027529605.1,1,1520,-1434.3681640625,92,523,C,A,1,523_C,Mycobacterium,possible
GCF_027529605.1,Mycobacterium hippophais,rrs_1_Mycobacterium hippophais_GCF_027529605.1,1,1520,-1434.3681640625,92,893,A,G,1,893_A,Mycobacterium,possible
GCF_027529605.1,Mycobacterium hippophais,rrs_1_Mycobacterium hippophais_GCF_027529605.1,1,1520,-1434.3681640625,92,912,G,C,1,912_G,Mycobacterium,possible
GCF_026242035.1,Mycobacterium pinniadriaticum,rrs_1_Mycobacterium pinniadriaticum_GCF_026242035.1,1,1520,-1308.60302734375,109,523,C,G,1,523_C,Mycobacterium,possible
GCF_026242035.1,Mycobacterium pinniadriaticum,rrs_1_Mycobacterium pinniadriaticum_GCF_026242035.1,1,1520,-1308.60302734375,109,893,A,C,1,893_A,Mycobacterium,possible
GCF_026242035.1,Mycobacterium pinniadriaticum,rrs_1_Mycobacterium pinniadriaticum_GCF_026242035.1,1,1520,-1308.60302734375,109,912,G,C,1,912_G,Mycobacterium,possible
GCF_025823255.1,Mycobacterium montefiorense,rrs_1_Mycobacterium montefiorense_GCF_025823255.1,1,1519,-1321.6055908203125,115,893,A,C,1,893_A,Mycobacterium,possible
GCF_025823255.1,Mycobacterium montefiorense,rrs_1_Mycobacterium montefiorense_GCF_025823255.1,1,1519,-1321.6055908203125,115,912,G,C,1,912_G,Mycobacterium,possible
GCF_025822865.1,Mycobacterium paraffinicum,rrs_1_Mycobacterium paraffinicum_GCF_025822865.1,1,1528,-1361.169189453125,106,523,C,C,1,523_C,Mycobacterium,present
GCF_025822865.1,Mycobacterium paraffinicum,rrs_1_Mycobacterium paraffinicum_GCF_025822865.1,1,1528,-1361.169189453125,106,893,A,C,1,893_A,Mycobacterium,possible
GCF_025822865.1,Mycobacterium paraffinicum,rrs_1_Mycobacterium paraffinicum_GCF_025822865.1,1,1528,-1361.169189453125,106,912,G,C,1,912_G,Mycobacterium,possible
GCF_025822765.1,Mycobacterium barrassiae,rrs_2_Mycobacterium barrassiae_GCF_025822765.1,2,1524,-1182.50830078125,94,523,C,A,1,523_C,Mycobacterium,possible
GCF_025822765.1,Mycobacterium barrassiae,rrs_2_Mycobacterium barrassiae_GCF_025822765.1,2,1524,-1182.50830078125,94,893,A,G,1,893_A,Mycobacterium,possible
GCF_025822765.1,Mycobacterium barrassiae,rrs_2_Mycobacterium barrassiae_GCF_025822765.1,2,1524,-1182.50830078125,94,912,G,C,1,912_G,Mycobacterium,possible
GCF_025822405.1,Mycobacterium angelicum,rrs_1_Mycobacterium angelicum_GCF_025822405.1,1,1531,-1365.1690673828125,106,523,C,C,1,523_C,Mycobacterium,present
GCF_025822405.1,Mycobacterium angelicum,rrs_1_Mycobacterium angelicum_GCF_025822405.1,1,1531,-1365.1690673828125,106,893,A,C,1,893_A,Mycobacterium,possible
GCF_025822405.1,Mycobacterium angelicum,rrs_1_Mycobacterium angelicum_GCF_025822405.1,1,1531,-1365.1690673828125,106,912,G,C,1,912_G,Mycobacterium,possible
GCF_025821985.1,Mycobacterium timonense,rrs_1_Mycobacterium timonense_GCF_025821985.1,1,1533,-1216.290771484375,106,523,C,C,1,523_C,Mycobacterium,present
GCF_025821985.1,Mycobacterium timonense,rrs_1_Mycobacterium timonense_GCF_025821985.1,1,1533,-1216.290771484375,106,893,A,C,1,893_A,Mycobacterium,possible
GCF_025821985.1,Mycobacterium timonense,rrs_1_Mycobacterium timonense_GCF_025821985.1,1,1533,-1216.290771484375,106,912,G,C,1,912_G,Mycobacterium,possible
GCF_025345615.1,Mycobacterium deserti,rrs_1_Mycobacterium deserti_GCF_025345615.1,1,1521,-1151.0777587890625,92,523,C,A,1,523_C,Mycobacterium,possible
GCF_025345615.1,Mycobacterium deserti,rrs_1_Mycobacterium deserti_GCF_025345615.1,1,1521,-1151.0777587890625,92,893,A,G,1,893_A,Mycobacterium,possible
GCF_025345615.1,Mycobacterium deserti,rrs_1_Mycobacterium deserti_GCF_025345615.1,1,1521,-1151.0777587890625,92,912,G,C,1,912_G,Mycobacterium,possible
GCF_022430545.2,Mycobacterium paraterrae,rrs_1_Mycobacterium paraterrae_GCF_022430545.2,1,1533,-893.402587890625,91,523,C,A,1,523_C,Mycobacterium,possible
GCF_022430545.2,Mycobacterium paraterrae,rrs_1_Mycobacterium paraterrae_GCF_022430545.2,1,1533,-893.402587890625,91,893,A,G,1,893_A,Mycobacterium,possible
GCF_022430545.2,Mycobacterium paraterrae,rrs_1_Mycobacterium paraterrae_GCF_022430545.2,1,1533,-893.402587890625,91,912,G,C,1,912_G,Mycobacterium,possible
GCF_022430545.2,Mycobacterium paraterrae,rrs_2_Mycobacterium paraterrae_GCF_022430545.2,2,1533,-893.402587890625,91,523,C,A,1,523_C,Mycobacterium,possible
GCF_022430545.2,Mycobacterium paraterrae,rrs_2_Mycobacterium paraterrae_GCF_022430545.2,2,1533,-893.402587890625,91,893,A,G,1,893_A,Mycobacterium,possible
GCF_022430545.2,Mycobacterium paraterrae,rrs_2_Mycobacterium paraterrae_GCF_022430545.2,2,1533,-893.402587890625,91,912,G,C,1,912_G,Mycobacterium,possible
GCF_022374895.2,Mycobacterium lentiflavum,rrs_1_Mycobacterium lentiflavum_GCF_022374895.2,1,1519,-1316.16650390625,115,893,A,C,1,893_A,Mycobacterium,possible
GCF_022374895.2,Mycobacterium lentiflavum,rrs_1_Mycobacterium lentiflavum_GCF_022374895.2,1,1519,-1316.16650390625,115,912,G,C,1,912_G,Mycobacterium,possible
GCF_021183725.1,Mycobacterium ostraviense,rrs_1_Mycobacterium ostraviense_GCF_021183725.1,1,1531,-1354.469970703125,105,523,C,G,1,523_C,Mycobacterium,possible
GCF_021183725.1,Mycobacterium ostraviense,rrs_1_Mycobacterium ostraviense_GCF_021183725.1,1,1531,-1354.469970703125,105,893,A,C,1,893_A,Mycobacterium,possible
GCF_021183725.1,Mycobacterium ostraviense,rrs_1_Mycobacterium ostraviense_GCF_021183725.1,1,1531,-1354.469970703125,105,912,G,C,1,912_G,Mycobacterium,possible
GCF_020736005.1,Mycobacterium intracellulare,rrs_1_Mycobacterium intracellulare_GCF_020736005.1,1,1531,-1370.428955078125,106,523,C,C,1,523_C,Mycobacterium,present
GCF_020736005.1,Mycobacterium intracellulare,rrs_1_Mycobacterium intracellulare_GCF_020736005.1,1,1531,-1370.428955078125,106,893,A,C,1,893_A,Mycobacterium,possible
GCF_020736005.1,Mycobacterium intracellulare,rrs_1_Mycobacterium intracellulare_GCF_020736005.1,1,1531,-1370.428955078125,106,912,G,C,1,912_G,Mycobacterium,possible
GCF_019668465.1,Mycobacterium senriense,rrs_1_Mycobacterium senriense_GCF_019668465.1,1,1531,-1362.865478515625,106,523,C,C,1,523_C,Mycobacterium,present
GCF_019668465.1,Mycobacterium senriense,rrs_1_Mycobacterium senriense_GCF_019668465.1,1,1531,-1362.865478515625,106,893,A,C,1,893_A,Mycobacterium,possible
GCF_019668465.1,Mycobacterium senriense,rrs_1_Mycobacterium senriense_GCF_019668465.1,1,1531,-1362.865478515625,106,912,G,C,1,912_G,Mycobacterium,possible
GCF_019645855.1,Mycobacterium malmoense,rrs_1_Mycobacterium malmoense_GCF_019645855.1,1,1531,-1369.75341796875,106,523,C,C,1,523_C,Mycobacterium,present
GCF_019645855.1,Mycobacterium malmoense,rrs_1_Mycobacterium malmoense_GCF_019645855.1,1,1531,-1369.75341796875,106,893,A,C,1,893_A,Mycobacterium,possible
GCF_019645855.1,Mycobacterium malmoense,rrs_1_Mycobacterium malmoense_GCF_019645855.1,1,1531,-1369.75341796875,106,912,G,C,1,912_G,Mycobacterium,possible
GCF_018278905.1,Mycobacterium spongiae,rrs_1_Mycobacterium spongiae_GCF_018278905.1,1,1533,-1159.358642578125,91,523,C,A,1,523_C,Mycobacterium,possible
GCF_018278905.1,Mycobacterium spongiae,rrs_1_Mycobacterium spongiae_GCF_018278905.1,1,1533,-1159.358642578125,91,893,A,G,1,893_A,Mycobacterium,possible
GCF_018278905.1,Mycobacterium spongiae,rrs_1_Mycobacterium spongiae_GCF_018278905.1,1,1533,-1159.358642578125,91,912,G,C,1,912_G,Mycobacterium,possible
GCF_016861545.1,Mycobacterium heckeshornense,rrs_1_Mycobacterium heckeshornense_GCF_016861545.1,1,1539,-1174.2674560546875,106,523,C,A,1,523_C,Mycobacterium,possible
GCF_016861545.1,Mycobacterium heckeshornense,rrs_1_Mycobacterium heckeshornense_GCF_016861545.1,1,1539,-1174.2674560546875,106,893,A,C,1,893_A,Mycobacterium,possible
GCF_016861545.1,Mycobacterium heckeshornense,rrs_1_Mycobacterium heckeshornense_GCF_016861545.1,1,1539,-1174.2674560546875,106,912,G,C,1,912_G,Mycobacterium,possible
GCF_016861545.1,Mycobacterium heckeshornense,rrs_2_Mycobacterium heckeshornense_GCF_016861545.1,2,1539,-1174.2674560546875,106,523,C,A,1,523_C,Mycobacterium,possible
GCF_016861545.1,Mycobacterium heckeshornense,rrs_2_Mycobacterium heckeshornense_GCF_016861545.1,2,1539,-1174.2674560546875,106,893,A,C,1,893_A,Mycobacterium,possible
GCF_016861545.1,Mycobacterium heckeshornense,rrs_2_Mycobacterium heckeshornense_GCF_016861545.1,2,1539,-1174.2674560546875,106,912,G,C,1,912_G,Mycobacterium,possible
GCF_900232995.1,Mycobacterium simulans,rrs_1_Mycobacterium simulans_GCF_900232995.1,1,1530,-738.77978515625,92,523,C,A,1,523_C,Mycobacterium,possible
GCF_900232995.1,Mycobacterium simulans,rrs_1_Mycobacterium simulans_GCF_900232995.1,1,1530,-738.77978515625,92,893,A,G,1,893_A,Mycobacterium,possible
GCF_900232995.1,Mycobacterium simulans,rrs_1_Mycobacterium simulans_GCF_900232995.1,1,1530,-738.77978515625,92,912,G,C,1,912_G,Mycobacterium,possible
GCF_014263315.1,Mycobacterium kubicae,rrs_1_Mycobacterium kubicae_GCF_014263315.1,1,1520,-1325.10400390625,114,893,A,C,1,893_A,Mycobacterium,possible
GCF_014263315.1,Mycobacterium kubicae,rrs_1_Mycobacterium kubicae_GCF_014263315.1,1,1520,-1325.10400390625,114,912,G,C,1,912_G,Mycobacterium,possible
GCF_010731775.1,Mycobacterium mantenii,rrs_1_Mycobacterium mantenii_GCF_010731775.1,1,1529,-1356.5849609375,106,523,C,C,1,523_C,Mycobacterium,present
GCF_010731775.1,Mycobacterium mantenii,rrs_1_Mycobacterium mantenii_GCF_010731775.1,1,1529,-1356.5849609375,106,893,A,C,1,893_A,Mycobacterium,possible
GCF_010731775.1,Mycobacterium mantenii,rrs_1_Mycobacterium mantenii_GCF_010731775.1,1,1529,-1356.5849609375,106,912,G,C,1,912_G,Mycobacterium,possible
GCF_010731715.1,Mycobacterium stomatepiae,rrs_1_Mycobacterium stomatepiae_GCF_010731715.1,1,1519,-1305.6239013671875,115,893,A,C,1,893_A,Mycobacterium,possible
GCF_010731715.1,Mycobacterium stomatepiae,rrs_1_Mycobacterium stomatepiae_GCF_010731715.1,1,1519,-1305.6239013671875,115,912,G,C,1,912_G,Mycobacterium,possible
GCF_010731655.1,Mycobacterium paraseoulense,rrs_1_Mycobacterium paraseoulense_GCF_010731655.1,1,1530,-728.2372436523436,91,523,C,A,1,523_C,Mycobacterium,possible
GCF_010731655.1,Mycobacterium paraseoulense,rrs_1_Mycobacterium paraseoulense_GCF_010731655.1,1,1530,-728.2372436523436,91,893,A,G,1,893_A,Mycobacterium,possible
GCF_010731655.1,Mycobacterium paraseoulense,rrs_1_Mycobacterium paraseoulense_GCF_010731655.1,1,1530,-728.2372436523436,91,912,G,C,1,912_G,Mycobacterium,possible
GCF_010731595.1,Mycobacterium seoulense,rrs_1_Mycobacterium seoulense_GCF_010731595.1,1,1530,-728.2372436523436,91,523,C,A,1,523_C,Mycobacterium,possible
GCF_010731595.1,Mycobacterium seoulense,rrs_1_Mycobacterium seoulense_GCF_010731595.1,1,1530,-728.2372436523436,91,893,A,G,1,893_A,Mycobacterium,possible
GCF_010731595.1,Mycobacterium seoulense,rrs_1_Mycobacterium seoulense_GCF_010731595.1,1,1530,-728.2372436523436,91,912,G,C,1,912_G,Mycobacterium,possible
GCF_010731535.1,Mycobacterium lacus,rrs_1_Mycobacterium lacus_GCF_010731535.1,1,1532,-1365.3250732421875,106,523,C,C,1,523_C,Mycobacterium,present
GCF_010731535.1,Mycobacterium lacus,rrs_1_Mycobacterium lacus_GCF_010731535.1,1,1532,-1365.3250732421875,106,893,A,C,1,893_A,Mycobacterium,possible
GCF_010731535.1,Mycobacterium lacus,rrs_1_Mycobacterium lacus_GCF_010731535.1,1,1532,-1365.3250732421875,106,912,G,C,1,912_G,Mycobacterium,possible
GCF_010730745.1,Mycobacterium heidelbergense,rrs_1_Mycobacterium heidelbergense_GCF_010730745.1,1,1520,-1329.6883544921875,114,893,A,C,1,893_A,Mycobacterium,possible
GCF_010730745.1,Mycobacterium heidelbergense,rrs_1_Mycobacterium heidelbergense_GCF_010730745.1,1,1520,-1329.6883544921875,114,912,G,C,1,912_G,Mycobacterium,possible
GCF_010730355.1,Mycobacterium florentinum,rrs_1_Mycobacterium florentinum_GCF_010730355.1,1,1519,-1316.16650390625,115,893,A,C,1,893_A,Mycobacterium,possible
GCF_010730355.1,Mycobacterium florentinum,rrs_1_Mycobacterium florentinum_GCF_010730355.1,1,1519,-1316.16650390625,115,912,G,C,1,912_G,Mycobacterium,possible
GCF_010730195.1,Mycobacterium conspicuum,rrs_1_Mycobacterium conspicuum_GCF_010730195.1,1,1531,-1398.55810546875,107,523,C,C,1,523_C,Mycobacterium,present
GCF_010730195.1,Mycobacterium conspicuum,rrs_1_Mycobacterium conspicuum_GCF_010730195.1,1,1531,-1398.55810546875,107,893,A,C,1,893_A,Mycobacterium,possible
GCF_010730195.1,Mycobacterium conspicuum,rrs_1_Mycobacterium conspicuum_GCF_010730195.1,1,1531,-1398.55810546875,107,912,G,C,1,912_G,Mycobacterium,possible
GCF_010730055.1,Mycobacterium shinjukuense,rrs_1_Mycobacterium shinjukuense_GCF_010730055.1,1,1533,-1236.157470703125,110,523,C,A,1,523_C,Mycobacterium,possible
GCF_010730055.1,Mycobacterium shinjukuense,rrs_1_Mycobacterium shinjukuense_GCF_010730055.1,1,1533,-1236.157470703125,110,893,A,C,1,893_A,Mycobacterium,possible
GCF_010730055.1,Mycobacterium shinjukuense,rrs_1_Mycobacterium shinjukuense_GCF_010730055.1,1,1533,-1236.157470703125,110,912,G,C,1,912_G,Mycobacterium,possible
GCF_010729105.1,Mycobacterium saskatchewanense,rrs_1_Mycobacterium saskatchewanense_GCF_010729105.1,1,1520,-1330.3638916015625,113,893,A,C,1,893_A,Mycobacterium,possible
GCF_010729105.1,Mycobacterium saskatchewanense,rrs_1_Mycobacterium saskatchewanense_GCF_010729105.1,1,1520,-1330.3638916015625,113,912,G,C,1,912_G,Mycobacterium,possible
GCF_010728725.1,Mycobacterium branderi,rrs_1_Mycobacterium branderi_GCF_010728725.1,1,1535,-1684.3663330078125,110,523,C,A,1,523_C,Mycobacterium,possible
GCF_010728725.1,Mycobacterium branderi,rrs_1_Mycobacterium branderi_GCF_010728725.1,1,1535,-1684.3663330078125,110,893,A,C,1,893_A,Mycobacterium,possible
GCF_010728725.1,Mycobacterium branderi,rrs_1_Mycobacterium branderi_GCF_010728725.1,1,1535,-1684.3663330078125,110,912,G,C,1,912_G,Mycobacterium,possible
GCF_010728725.1,Mycobacterium branderi,rrs_2_Mycobacterium branderi_GCF_010728725.1,2,1536,-1618.7646484375,110,523,C,A,1,523_C,Mycobacterium,possible
GCF_010728725.1,Mycobacterium branderi,rrs_2_Mycobacterium branderi_GCF_010728725.1,2,1536,-1618.7646484375,110,893,A,C,1,893_A,Mycobacterium,possible
GCF_010728725.1,Mycobacterium branderi,rrs_2_Mycobacterium branderi_GCF_010728725.1,2,1536,-1618.7646484375,110,912,G,C,1,912_G,Mycobacterium,possible
GCF_010728525.1,Mycobacterium shottsii,rrs_1_Mycobacterium shottsii_GCF_010728525.1,1,1531,-1383.95068359375,106,523,C,C,1,523_C,Mycobacterium,present
GCF_010728525.1,Mycobacterium shottsii,rrs_1_Mycobacterium shottsii_GCF_010728525.1,1,1531,-1383.95068359375,106,893,A,C,1,893_A,Mycobacterium,possible
GCF_010728525.1,Mycobacterium shottsii,rrs_1_Mycobacterium shottsii_GCF_010728525.1,1,1531,-1383.95068359375,106,912,G,C,1,912_G,Mycobacterium,possible
GCF_010727945.1,Mycobacterium cookii,rrs_1_Mycobacterium cookii_GCF_010727945.1,1,1534,-1797.102294921875,106,523,C,C,1,523_C,Mycobacterium,present
GCF_010727945.1,Mycobacterium cookii,rrs_1_Mycobacterium cookii_GCF_010727945.1,1,1534,-1797.102294921875,106,893,A,C,1,893_A,Mycobacterium,possible
GCF_010727945.1,Mycobacterium cookii,rrs_1_Mycobacterium cookii_GCF_010727945.1,1,1534,-1797.102294921875,106,912,G,C,1,912_G,Mycobacterium,possible
GCF_010727945.1,Mycobacterium cookii,rrs_2_Mycobacterium cookii_GCF_010727945.1,2,1533,-903.9452514648436,91,523,C,A,1,523_C,Mycobacterium,possible
GCF_010727945.1,Mycobacterium cookii,rrs_2_Mycobacterium cookii_GCF_010727945.1,2,1533,-903.9452514648436,91,893,A,G,1,893_A,Mycobacterium,possible
GCF_010727945.1,Mycobacterium cookii,rrs_2_Mycobacterium cookii_GCF_010727945.1,2,1533,-903.9452514648436,91,912,G,C,1,912_G,Mycobacterium,possible
GCF_010727605.1,Mycobacterium simiae,rrs_1_Mycobacterium simiae_GCF_010727605.1,1,1519,-1310.364013671875,115,893,A,C,1,893_A,Mycobacterium,possible
GCF_010727605.1,Mycobacterium simiae,rrs_1_Mycobacterium simiae_GCF_010727605.1,1,1519,-1310.364013671875,115,912,G,C,1,912_G,Mycobacterium,possible
GCF_010726765.1,Mycobacterium gallinarum,rrs_1_Mycobacterium gallinarum_GCF_010726765.1,1,1522,-1317.8626708984375,108,523,C,G,1,523_C,Mycobacterium,possible
GCF_010726765.1,Mycobacterium gallinarum,rrs_1_Mycobacterium gallinarum_GCF_010726765.1,1,1522,-1317.8626708984375,108,893,A,C,1,893_A,Mycobacterium,possible
GCF_010726765.1,Mycobacterium gallinarum,rrs_1_Mycobacterium gallinarum_GCF_010726765.1,1,1522,-1317.8626708984375,108,912,G,C,1,912_G,Mycobacterium,possible
GCF_010726765.1,Mycobacterium gallinarum,rrs_2_Mycobacterium gallinarum_GCF_010726765.1,2,1521,-753.82373046875,93,523,C,A,1,523_C,Mycobacterium,possible
GCF_010726765.1,Mycobacterium gallinarum,rrs_2_Mycobacterium gallinarum_GCF_010726765.1,2,1521,-753.82373046875,93,893,A,G,1,893_A,Mycobacterium,possible
GCF_010726765.1,Mycobacterium gallinarum,rrs_2_Mycobacterium gallinarum_GCF_010726765.1,2,1521,-753.82373046875,93,912,G,C,1,912_G,Mycobacterium,possible
GCF_010726505.1,Mycobacterium novum,rrs_2_Mycobacterium novum_GCF_010726505.1,2,1534,-870.37744140625,92,523,C,A,1,523_C,Mycobacterium,possible
GCF_010726505.1,Mycobacterium novum,rrs_2_Mycobacterium novum_GCF_010726505.1,2,1534,-870.37744140625,92,893,A,C,1,893_A,Mycobacterium,possible
GCF_010726505.1,Mycobacterium novum,rrs_2_Mycobacterium novum_GCF_010726505.1,2,1534,-870.37744140625,92,912,G,T,1,912_G,Mycobacterium,possible
GCF_010726505.1,Mycobacterium novum,rrs_3_Mycobacterium novum_GCF_010726505.1,3,1529,-1193.02978515625,87,523,C,A,1,523_C,Mycobacterium,possible
GCF_010726505.1,Mycobacterium novum,rrs_3_Mycobacterium novum_GCF_010726505.1,3,1529,-1193.02978515625,87,893,A,G,1,893_A,Mycobacterium,possible
GCF_010726505.1,Mycobacterium novum,rrs_3_Mycobacterium novum_GCF_010726505.1,3,1529,-1193.02978515625,87,912,G,A,1,912_G,Mycobacterium,possible
GCF_007714185.1,Mycobacterium helveticum,rrs_1_Mycobacterium helveticum_GCF_007714185.1,1,1519,-1348.4700927734375,114,893,A,C,1,893_A,Mycobacterium,possible
GCF_007714185.1,Mycobacterium helveticum,rrs_1_Mycobacterium helveticum_GCF_007714185.1,1,1519,-1348.4700927734375,114,912,G,C,1,912_G,Mycobacterium,possible
GCF_902168065.1,Mycobacterium tilburgii,rrs_1_Mycobacterium tilburgii_GCF_902168065.1,1,1519,-1111.119140625,115,893,A,C,1,893_A,Mycobacterium,possible
GCF_902168065.1,Mycobacterium tilburgii,rrs_1_Mycobacterium tilburgii_GCF_902168065.1,1,1519,-1111.119140625,115,912,G,C,1,912_G,Mycobacterium,possible
GCF_900566055.1,Mycobacterium innocens,rrs_1_Mycobacterium innocens_GCF_900566055.1,1,1531,-1354.469970703125,105,523,C,G,1,523_C,Mycobacterium,possible
GCF_900566055.1,Mycobacterium innocens,rrs_1_Mycobacterium innocens_GCF_900566055.1,1,1531,-1354.469970703125,105,893,A,C,1,893_A,Mycobacterium,possible
GCF_900566055.1,Mycobacterium innocens,rrs_1_Mycobacterium innocens_GCF_900566055.1,1,1531,-1354.469970703125,105,912,G,C,1,912_G,Mycobacterium,possible
GCF_003584745.1,Mycobacterium pseudoshottsii,rrs_1_Mycobacterium pseudoshottsii_GCF_003584745.1,1,1531,-1394.493408203125,106,523,C,C,1,523_C,Mycobacterium,present
GCF_003584745.1,Mycobacterium pseudoshottsii,rrs_1_Mycobacterium pseudoshottsii_GCF_003584745.1,1,1531,-1394.493408203125,106,893,A,C,1,893_A,Mycobacterium,possible
GCF_003584745.1,Mycobacterium pseudoshottsii,rrs_1_Mycobacterium pseudoshottsii_GCF_003584745.1,1,1531,-1394.493408203125,106,912,G,C,1,912_G,Mycobacterium,possible
GCF_900417275.1,Mycobacterium shimoidei,rrs_1_Mycobacterium shimoidei_GCF_900417275.1,1,1535,-1312.1055908203125,88,523,C,A,1,523_C,Mycobacterium,possible
GCF_900417275.1,Mycobacterium shimoidei,rrs_1_Mycobacterium shimoidei_GCF_900417275.1,1,1535,-1312.1055908203125,88,893,A,A,1,893_A,Mycobacterium,present
GCF_900417275.1,Mycobacterium shimoidei,rrs_1_Mycobacterium shimoidei_GCF_900417275.1,1,1535,-1312.1055908203125,88,912,G,T,1,912_G,Mycobacterium,possible
GCF_900417275.1,Mycobacterium shimoidei,rrs_2_Mycobacterium shimoidei_GCF_900417275.1,2,1536,-1167.9658203125,88,523,C,A,1,523_C,Mycobacterium,possible
GCF_900417275.1,Mycobacterium shimoidei,rrs_2_Mycobacterium shimoidei_GCF_900417275.1,2,1536,-1167.9658203125,88,893,A,A,1,893_A,Mycobacterium,present
GCF_900417275.1,Mycobacterium shimoidei,rrs_2_Mycobacterium shimoidei_GCF_900417275.1,2,1536,-1167.9658203125,88,912,G,T,1,912_G,Mycobacterium,possible
GCF_900453395.1,Mycobacterium xenopi,rrs_1_Mycobacterium xenopi_GCF_900453395.1,1,1541,-1300.93310546875,115,893,A,C,1,893_A,Mycobacterium,possible
GCF_900453395.1,Mycobacterium xenopi,rrs_1_Mycobacterium xenopi_GCF_900453395.1,1,1541,-1300.93310546875,115,912,G,C,1,912_G,Mycobacterium,possible
GCF_900453395.1,Mycobacterium xenopi,rrs_2_Mycobacterium xenopi_GCF_900453395.1,2,1541,-1102.134033203125,86,523,C,A,1,523_C,Mycobacterium,possible
GCF_900453395.1,Mycobacterium xenopi,rrs_2_Mycobacterium xenopi_GCF_900453395.1,2,1541,-1102.134033203125,86,893,A,C,1,893_A,Mycobacterium,possible
GCF_900453395.1,Mycobacterium xenopi,rrs_2_Mycobacterium xenopi_GCF_900453395.1,2,1541,-1102.134033203125,86,912,G,C,1,912_G,Mycobacterium,possible
GCF_900453395.1,Mycobacterium xenopi,rrs_3_Mycobacterium xenopi_GCF_900453395.1,3,1541,-1300.93310546875,115,893,A,C,1,893_A,Mycobacterium,possible
GCF_900453395.1,Mycobacterium xenopi,rrs_3_Mycobacterium xenopi_GCF_900453395.1,3,1541,-1300.93310546875,115,912,G,C,1,912_G,Mycobacterium,possible
GCF_003253775.1,Mycobacterium leprae,rrs_1_Mycobacterium leprae_GCF_003253775.1,1,1545,-1116.6866455078125,91,523,C,A,1,523_C,Mycobacterium,possible
GCF_003253775.1,Mycobacterium leprae,rrs_1_Mycobacterium leprae_GCF_003253775.1,1,1545,-1116.6866455078125,91,893,A,G,1,893_A,Mycobacterium,possible
GCF_003253775.1,Mycobacterium leprae,rrs_1_Mycobacterium leprae_GCF_003253775.1,1,1545,-1116.6866455078125,91,912,G,C,1,912_G,Mycobacterium,possible
GCF_000008865.2,Escherichia coli,rrs_1_Escherichia coli_GCF_000008865.2,1,1538,2112.2314453125,0,523,C,A,1,523_C,Escherichia,possible
GCF_000008865.2,Escherichia coli,rrs_1_Escherichia coli_GCF_000008865.2,1,1538,2112.2314453125,0,893,A,C,1,893_A,Escherichia,possible
GCF_000008865.2,Escherichia coli,rrs_1_Escherichia coli_GCF_000008865.2,1,1538,2112.2314453125,0,912,G,C,1,912_G,Escherichia,possible
GCF_000008865.2,Escherichia coli,rrs_2_Escherichia coli_GCF_000008865.2,2,1538,2154.402587890625,0,523,C,A,1,523_C,Escherichia,possible
GCF_000008865.2,Escherichia coli,rrs_2_Escherichia coli_GCF_000008865.2,2,1538,2154.402587890625,0,893,A,C,1,893_A,Escherichia,possible
GCF_000008865.2,Escherichia coli,rrs_2_Escherichia coli_GCF_000008865.2,2,1538,2154.402587890625,0,912,G,C,1,912_G,Escherichia,possible
GCF_000008865.2,Escherichia coli,rrs_3_Escherichia coli_GCF_000008865.2,3,1538,2112.2314453125,0,523,C,A,1,523_C,Escherichia,possible
GCF_000008865.2,Escherichia coli,rrs_3_Escherichia coli_GCF_000008865.2,3,1538,2112.2314453125,0,893,A,C,1,893_A,Escherichia,possible
GCF_000008865.2,Escherichia coli,rrs_3_Escherichia coli_GCF_000008865.2,3,1538,2112.2314453125,0,912,G,C,1,912_G,Escherichia,possible
GCF_000008865.2,Escherichia coli,rrs_4_Escherichia coli_GCF_000008865.2,4,1538,2122.774169921875,0,523,C,A,1,523_C,Escherichia,possible
GCF_000008865.2,Escherichia coli,rrs_4_Escherichia coli_GCF_000008865.2,4,1538,2122.774169921875,0,893,A,C,1,893_A,Escherichia,possible
GCF_000008865.2,Escherichia coli,rrs_4_Escherichia coli_GCF_000008865.2,4,1538,2122.774169921875,0,912,G,C,1,912_G,Escherichia,possible
GCF_000008865.2,Escherichia coli,rrs_5_Escherichia coli_GCF_000008865.2,5,1538,2112.231201171875,0,523,C,A,1,523_C,Escherichia,possible
GCF_000008865.2,Escherichia coli,rrs_5_Escherichia coli_GCF_000008865.2,5,1538,2112.231201171875,0,893,A,C,1,893_A,Escherichia,possible
GCF_000008865.2,Escherichia coli,rrs_5_Escherichia coli_GCF_000008865.2,5,1538,2112.231201171875,0,912,G,C,1,912_G,Escherichia,possible
GCF_000008865.2,Escherichia coli,rrs_6_Escherichia coli_GCF_000008865.2,6,1538,2112.231201171875,0,523,C,A,1,523_C,Escherichia,possible
GCF_000008865.2,Escherichia coli,rrs_6_Escherichia coli_GCF_000008865.2,6,1538,2112.231201171875,0,893,A,C,1,893_A,Escherichia,possible
GCF_000008865.2,Escherichia coli,rrs_6_Escherichia coli_GCF_000008865.2,6,1538,2112.231201171875,0,912,G,C,1,912_G,Escherichia,possible
GCF_000008865.2,Escherichia coli,rrs_7_Escherichia coli_GCF_000008865.2,7,1538,2112.231201171875,0,523,C,A,1,523_C,Escherichia,possible
GCF_000008865.2,Escherichia coli,rrs_7_Escherichia coli_GCF_000008865.2,7,1538,2112.231201171875,0,893,A,C,1,893_A,Escherichia,possible
GCF_000008865.2,Escherichia coli,rrs_7_Escherichia coli_GCF_000008865.2,7,1538,2112.231201171875,0,912,G,C,1,912_G,Escherichia,possible
GCF_002591975.1,Mycobacterium neglectum,rrs_1_Mycobacterium neglectum_GCF_002591975.1,1,1521,-1110.6683349609375,93,523,C,A,1,523_C,Mycobacterium,possible
GCF_002591975.1,Mycobacterium neglectum,rrs_1_Mycobacterium neglectum_GCF_002591975.1,1,1521,-1110.6683349609375,93,893,A,G,1,893_A,Mycobacterium,possible
GCF_002591975.1,Mycobacterium neglectum,rrs_1_Mycobacterium neglectum_GCF_002591975.1,1,1521,-1110.6683349609375,93,912,G,C,1,912_G,Mycobacterium,possible
GCF_900078675.2,Mycobacterium interjectum,rrs_1_Mycobacterium interjectum_GCF_900078675.2,1,1520,-1324.0419921875,113,893,A,C,1,893_A,Mycobacterium,possible
GCF_900078675.2,Mycobacterium interjectum,rrs_1_Mycobacterium interjectum_GCF_900078675.2,1,1520,-1324.0419921875,113,912,G,C,1,912_G,Mycobacterium,possible
GCF_002356315.1,Mycobacterium shigaense,rrs_1_Mycobacterium shigaense_GCF_002356315.1,1,1519,-1310.364013671875,115,893,A,C,1,893_A,Mycobacterium,possible
GCF_002356315.1,Mycobacterium shigaense,rrs_1_Mycobacterium shigaense_GCF_002356315.1,1,1519,-1310.364013671875,115,912,G,C,1,912_G,Mycobacterium,possible
GCF_002355775.1,Mycobacterium ulcerans,rrs_1_Mycobacterium ulcerans_GCF_002355775.1,1,1531,-1383.95068359375,106,523,C,C,1,523_C,Mycobacterium,present
GCF_002355775.1,Mycobacterium ulcerans,rrs_1_Mycobacterium ulcerans_GCF_002355775.1,1,1531,-1383.95068359375,106,893,A,C,1,893_A,Mycobacterium,possible
GCF_002355775.1,Mycobacterium ulcerans,rrs_1_Mycobacterium ulcerans_GCF_002355775.1,1,1531,-1383.95068359375,106,912,G,C,1,912_G,Mycobacterium,possible
GCF_002285715.1,Mycobacterium marseillense,rrs_1_Mycobacterium marseillense_GCF_002285715.1,1,1531,-1370.428955078125,106,523,C,C,1,523_C,Mycobacterium,present
GCF_002285715.1,Mycobacterium marseillense,rrs_1_Mycobacterium marseillense_GCF_002285715.1,1,1531,-1370.428955078125,106,893,A,C,1,893_A,Mycobacterium,possible
GCF_002285715.1,Mycobacterium marseillense,rrs_1_Mycobacterium marseillense_GCF_002285715.1,1,1531,-1370.428955078125,106,912,G,C,1,912_G,Mycobacterium,possible
GCF_002245615.1,Mycobacterium neumannii,rrs_1_Mycobacterium neumannii_GCF_002245615.1,1,1524,-1171.5791015625,95,523,C,A,1,523_C,Mycobacterium,possible
GCF_002245615.1,Mycobacterium neumannii,rrs_1_Mycobacterium neumannii_GCF_002245615.1,1,1524,-1171.5791015625,95,893,A,G,1,893_A,Mycobacterium,possible
GCF_002245615.1,Mycobacterium neumannii,rrs_1_Mycobacterium neumannii_GCF_002245615.1,1,1524,-1171.5791015625,95,912,G,C,1,912_G,Mycobacterium,possible
GCF_002116635.1,Mycobacterium szulgai,rrs_1_Mycobacterium szulgai_GCF_002116635.1,1,1531,-1365.1690673828125,106,523,C,C,1,523_C,Mycobacterium,present
GCF_002116635.1,Mycobacterium szulgai,rrs_1_Mycobacterium szulgai_GCF_002116635.1,1,1531,-1365.1690673828125,106,893,A,C,1,893_A,Mycobacterium,possible
GCF_002116635.1,Mycobacterium szulgai,rrs_1_Mycobacterium szulgai_GCF_002116635.1,1,1531,-1365.1690673828125,106,912,G,C,1,912_G,Mycobacterium,possible
GCF_002104675.1,Mycobacterium decipiens,rrs_1_Mycobacterium decipiens_GCF_002104675.1,1,1534,-1331.5863037109375,91,523,C,A,1,523_C,Mycobacterium,possible
GCF_002104675.1,Mycobacterium decipiens,rrs_1_Mycobacterium decipiens_GCF_002104675.1,1,1534,-1331.5863037109375,91,893,A,G,1,893_A,Mycobacterium,possible
GCF_002104675.1,Mycobacterium decipiens,rrs_1_Mycobacterium decipiens_GCF_002104675.1,1,1534,-1331.5863037109375,91,912,G,C,1,912_G,Mycobacterium,possible
GCF_002102255.1,Mycobacterium nebraskense,rrs_1_Mycobacterium nebraskense_GCF_002102255.1,1,1531,-1368.8472900390625,106,523,C,C,1,523_C,Mycobacterium,present
GCF_002102255.1,Mycobacterium nebraskense,rrs_1_Mycobacterium nebraskense_GCF_002102255.1,1,1531,-1368.8472900390625,106,893,A,C,1,893_A,Mycobacterium,possible
GCF_002102255.1,Mycobacterium nebraskense,rrs_1_Mycobacterium nebraskense_GCF_002102255.1,1,1531,-1368.8472900390625,106,912,G,C,1,912_G,Mycobacterium,possible
GCF_002102355.1,Mycobacterium sherrisii,rrs_1_Mycobacterium sherrisii_GCF_002102355.1,1,1519,-1326.709228515625,115,893,A,C,1,893_A,Mycobacterium,possible
GCF_002102355.1,Mycobacterium sherrisii,rrs_1_Mycobacterium sherrisii_GCF_002102355.1,1,1519,-1326.709228515625,115,912,G,C,1,912_G,Mycobacterium,possible
GCF_002102415.1,Mycobacterium triplex,rrs_1_Mycobacterium triplex_GCF_002102415.1,1,1519,-1305.623779296875,115,893,A,C,1,893_A,Mycobacterium,possible
GCF_002102415.1,Mycobacterium triplex,rrs_1_Mycobacterium triplex_GCF_002102415.1,1,1519,-1305.623779296875,115,912,G,C,1,912_G,Mycobacterium,possible
GCF_002102175.1,Mycobacterium gastri,rrs_1_Mycobacterium gastri_GCF_002102175.1,1,1531,-1354.469970703125,105,523,C,G,1,523_C,Mycobacterium,possible
GCF_002102175.1,Mycobacterium gastri,rrs_1_Mycobacterium gastri_GCF_002102175.1,1,1531,-1354.469970703125,105,893,A,C,1,893_A,Mycobacterium,possible
GCF_002102175.1,Mycobacterium gastri,rrs_1_Mycobacterium gastri_GCF_002102175.1,1,1531,-1354.469970703125,105,912,G,C,1,912_G,Mycobacterium,possible
GCF_002102025.1,Mycobacterium bohemicum,rrs_1_Mycobacterium bohemicum_GCF_002102025.1,1,1532,-1365.8447265625,106,523,C,C,1,523_C,Mycobacterium,present
GCF_002102025.1,Mycobacterium bohemicum,rrs_1_Mycobacterium bohemicum_GCF_002102025.1,1,1532,-1365.8447265625,106,893,A,C,1,893_A,Mycobacterium,possible
GCF_002102025.1,Mycobacterium bohemicum,rrs_1_Mycobacterium bohemicum_GCF_002102025.1,1,1532,-1365.8447265625,106,912,G,C,1,912_G,Mycobacterium,possible
GCF_002101785.1,Mycobacterium palustre,rrs_1_Mycobacterium palustre_GCF_002101785.1,1,1520,-1413.64208984375,120,523,C,G,1,523_C,Mycobacterium,possible
GCF_002101785.1,Mycobacterium palustre,rrs_1_Mycobacterium palustre_GCF_002101785.1,1,1520,-1413.64208984375,120,912,G,G,1,912_G,Mycobacterium,present
GCF_002101735.1,Mycobacterium kyorinense,rrs_1_Mycobacterium kyorinense_GCF_002101735.1,1,1534,-1399.0853271484375,90,523,C,A,1,523_C,Mycobacterium,possible
GCF_002101735.1,Mycobacterium kyorinense,rrs_1_Mycobacterium kyorinense_GCF_002101735.1,1,1534,-1399.0853271484375,90,893,A,G,1,893_A,Mycobacterium,possible
GCF_002101735.1,Mycobacterium kyorinense,rrs_1_Mycobacterium kyorinense_GCF_002101735.1,1,1534,-1399.0853271484375,90,912,G,C,1,912_G,Mycobacterium,possible
GCF_002101815.1,Mycobacterium paraense,rrs_1_Mycobacterium paraense_GCF_002101815.1,1,1520,-1329.6883544921875,113,893,A,C,1,893_A,Mycobacterium,possible
GCF_002101815.1,Mycobacterium paraense,rrs_1_Mycobacterium paraense_GCF_002101815.1,1,1520,-1329.6883544921875,113,912,G,C,1,912_G,Mycobacterium,possible
GCF_002101595.1,Mycobacterium celatum,rrs_1_Mycobacterium celatum_GCF_002101595.1,1,1535,-1356.3226318359375,105,523,C,C,1,523_C,Mycobacterium,present
GCF_002101595.1,Mycobacterium celatum,rrs_1_Mycobacterium celatum_GCF_002101595.1,1,1535,-1356.3226318359375,105,893,A,C,1,893_A,Mycobacterium,possible
GCF_002101595.1,Mycobacterium celatum,rrs_1_Mycobacterium celatum_GCF_002101595.1,1,1535,-1356.3226318359375,105,912,G,C,1,912_G,Mycobacterium,possible
GCF_002086735.1,Mycobacterium scrofulaceum,rrs_1_Mycobacterium scrofulaceum_GCF_002086735.1,1,1528,-1350.62646484375,106,523,C,C,1,523_C,Mycobacterium,present
GCF_002086735.1,Mycobacterium scrofulaceum,rrs_1_Mycobacterium scrofulaceum_GCF_002086735.1,1,1528,-1350.62646484375,106,893,A,C,1,893_A,Mycobacterium,possible
GCF_002086735.1,Mycobacterium scrofulaceum,rrs_1_Mycobacterium scrofulaceum_GCF_002086735.1,1,1528,-1350.62646484375,106,912,G,C,1,912_G,Mycobacterium,possible
GCF_002086635.1,Mycobacterium alsense,rrs_1_Mycobacterium alsense_GCF_002086635.1,1,1531,-1393.81787109375,106,523,C,C,1,523_C,Mycobacterium,present
GCF_002086635.1,Mycobacterium alsense,rrs_1_Mycobacterium alsense_GCF_002086635.1,1,1531,-1393.81787109375,106,893,A,C,1,893_A,Mycobacterium,possible
GCF_002086635.1,Mycobacterium alsense,rrs_1_Mycobacterium alsense_GCF_002086635.1,1,1531,-1393.81787109375,106,912,G,C,1,912_G,Mycobacterium,possible
GCF_002086545.1,Mycobacterium asiaticum,rrs_1_Mycobacterium asiaticum_GCF_002086545.1,1,1532,-1350.0421142578125,106,523,C,C,1,523_C,Mycobacterium,present
GCF_002086545.1,Mycobacterium asiaticum,rrs_1_Mycobacterium asiaticum_GCF_002086545.1,1,1532,-1350.0421142578125,106,893,A,C,1,893_A,Mycobacterium,possible
GCF_002086545.1,Mycobacterium asiaticum,rrs_1_Mycobacterium asiaticum_GCF_002086545.1,1,1532,-1350.0421142578125,106,912,G,C,1,912_G,Mycobacterium,possible
GCF_002086165.1,Mycobacterium bouchedurhonense,rrs_1_Mycobacterium bouchedurhonense_GCF_002086165.1,1,1533,-1216.290771484375,106,523,C,C,1,523_C,Mycobacterium,present
GCF_002086165.1,Mycobacterium bouchedurhonense,rrs_1_Mycobacterium bouchedurhonense_GCF_002086165.1,1,1533,-1216.290771484375,106,893,A,C,1,893_A,Mycobacterium,possible
GCF_002086165.1,Mycobacterium bouchedurhonense,rrs_1_Mycobacterium bouchedurhonense_GCF_002086165.1,1,1533,-1216.290771484375,106,912,G,C,1,912_G,Mycobacterium,possible
GCF_002086125.1,Mycobacterium arosiense,rrs_1_Mycobacterium arosiense_GCF_002086125.1,1,1531,-1362.865478515625,106,523,C,C,1,523_C,Mycobacterium,present
GCF_002086125.1,Mycobacterium arosiense,rrs_1_Mycobacterium arosiense_GCF_002086125.1,1,1531,-1362.865478515625,106,893,A,C,1,893_A,Mycobacterium,possible
GCF_002086125.1,Mycobacterium arosiense,rrs_1_Mycobacterium arosiense_GCF_002086125.1,1,1531,-1362.865478515625,106,912,G,C,1,912_G,Mycobacterium,possible
GCF_900157365.1,Mycobacterium numidiamassiliense,rrs_1_Mycobacterium numidiamassiliense_GCF_900157365.1,1,1519,-1318.060302734375,115,893,A,C,1,893_A,Mycobacterium,possible
GCF_900157365.1,Mycobacterium numidiamassiliense,rrs_1_Mycobacterium numidiamassiliense_GCF_900157365.1,1,1519,-1318.060302734375,115,912,G,C,1,912_G,Mycobacterium,possible
GCF_900157375.1,Mycobacterium rhizamassiliense,rrs_1_Mycobacterium rhizamassiliense_GCF_900157375.1,1,1519,-1315.8031005859375,115,893,A,C,1,893_A,Mycobacterium,possible
GCF_900157375.1,Mycobacterium rhizamassiliense,rrs_1_Mycobacterium rhizamassiliense_GCF_900157375.1,1,1519,-1315.8031005859375,115,912,G,C,1,912_G,Mycobacterium,possible
GCF_900157385.1,Mycobacterium terramassiliense,rrs_1_Mycobacterium terramassiliense_GCF_900157385.1,1,1520,-1329.6883544921875,113,893,A,C,1,893_A,Mycobacterium,possible
GCF_900157385.1,Mycobacterium terramassiliense,rrs_1_Mycobacterium terramassiliense_GCF_900157385.1,1,1520,-1329.6883544921875,113,912,G,C,1,912_G,Mycobacterium,possible
GCF_001499925.1,Mycobacterium lehmannii,rrs_1_Mycobacterium lehmannii_GCF_001499925.1,1,1524,-1171.5791015625,95,523,C,A,1,523_C,Mycobacterium,possible
GCF_001499925.1,Mycobacterium lehmannii,rrs_1_Mycobacterium lehmannii_GCF_001499925.1,1,1524,-1171.5791015625,95,893,A,G,1,893_A,Mycobacterium,possible
GCF_001499925.1,Mycobacterium lehmannii,rrs_1_Mycobacterium lehmannii_GCF_001499925.1,1,1524,-1171.5791015625,95,912,G,C,1,912_G,Mycobacterium,possible
GCF_000195955.2,Mycobacterium tuberculosis,rrs_1_Mycobacterium tuberculosis_GCF_000195955.2,1,1537,-1483.65087890625,91,523,C,A,1,523_C,Mycobacterium,possible
GCF_000195955.2,Mycobacterium tuberculosis,rrs_1_Mycobacterium tuberculosis_GCF_000195955.2,1,1537,-1483.65087890625,91,893,A,G,1,893_A,Mycobacterium,possible
GCF_000195955.2,Mycobacterium tuberculosis,rrs_1_Mycobacterium tuberculosis_GCF_000195955.2,1,1537,-1483.65087890625,91,912,G,C,1,912_G,Mycobacterium,possible
GCF_000723425.2,Mycobacterium marinum,rrs_1_Mycobacterium marinum_GCF_000723425.2,1,1531,-1383.95068359375,106,523,C,C,1,523_C,Mycobacterium,present
GCF_000723425.2,Mycobacterium marinum,rrs_1_Mycobacterium marinum_GCF_000723425.2,1,1531,-1383.95068359375,106,893,A,C,1,893_A,Mycobacterium,possible
GCF_000723425.2,Mycobacterium marinum,rrs_1_Mycobacterium marinum_GCF_000723425.2,1,1531,-1383.95068359375,106,912,G,C,1,912_G,Mycobacterium,possible
GCF_000723425.2,Mycobacterium marinum,rrs_2_Mycobacterium marinum_GCF_000723425.2,2,1531,-1383.95068359375,106,523,C,C,1,523_C,Mycobacterium,present
GCF_000723425.2,Mycobacterium marinum,rrs_2_Mycobacterium marinum_GCF_000723425.2,2,1531,-1383.95068359375,106,893,A,C,1,893_A,Mycobacterium,possible
GCF_000723425.2,Mycobacterium marinum,rrs_2_Mycobacterium marinum_GCF_000723425.2,2,1531,-1383.95068359375,106,912,G,C,1,912_G,Mycobacterium,possible
GCF_000222105.3,Mycobacterium colombiense,rrs_1_Mycobacterium colombiense_GCF_000222105.3,1,1531,-1362.865478515625,106,523,C,C,1,523_C,Mycobacterium,present
GCF_000222105.3,Mycobacterium colombiense,rrs_1_Mycobacterium colombiense_GCF_000222105.3,1,1531,-1362.865478515625,106,893,A,C,1,893_A,Mycobacterium,possible
GCF_000222105.3,Mycobacterium colombiense,rrs_1_Mycobacterium colombiense_GCF_000222105.3,1,1531,-1362.865478515625,106,912,G,C,1,912_G,Mycobacterium,possible
GCF_000276825.1,Mycobacterium paraintracellulare,rrs_1_Mycobacterium paraintracellulare_GCF_000276825.1,1,1531,-1370.428955078125,106,523,C,C,1,523_C,Mycobacterium,present
GCF_000276825.1,Mycobacterium paraintracellulare,rrs_1_Mycobacterium paraintracellulare_GCF_000276825.1,1,1531,-1370.428955078125,106,893,A,C,1,893_A,Mycobacterium,possible
GCF_000276825.1,Mycobacterium paraintracellulare,rrs_1_Mycobacterium paraintracellulare_GCF_000276825.1,1,1531,-1370.428955078125,106,912,G,C,1,912_G,Mycobacterium,possible
GCF_000253375.1,Mycobacterium canetti,rrs_1_Mycobacterium canetti_GCF_000253375.1,1,1532,-1468.451171875,91,523,C,A,1,523_C,Mycobacterium,possible
GCF_000253375.1,Mycobacterium canetti,rrs_1_Mycobacterium canetti_GCF_000253375.1,1,1532,-1468.451171875,91,893,A,G,1,893_A,Mycobacterium,possible
GCF_000253375.1,Mycobacterium canetti,rrs_1_Mycobacterium canetti_GCF_000253375.1,1,1532,-1468.451171875,91,912,G,C,1,912_G,Mycobacterium,possible
GCF_000164135.1,Mycobacterium parascrofulaceum,rrs_1_Mycobacterium parascrofulaceum_GCF_000164135.1,1,1519,-1317.9273681640625,114,893,A,C,1,893_A,Mycobacterium,possible
GCF_000164135.1,Mycobacterium parascrofulaceum,rrs_1_Mycobacterium parascrofulaceum_GCF_000164135.1,1,1519,-1317.9273681640625,114,912,G,C,1,912_G,Mycobacterium,possible
GCF_000526915.1,Mycobacterium genavense,rrs_1_Mycobacterium genavense_GCF_000526915.1,1,1519,-1332.6676025390625,115,893,A,C,1,893_A,Mycobacterium,possible
GCF_000526915.1,Mycobacterium genavense,rrs_1_Mycobacterium genavense_GCF_000526915.1,1,1519,-1332.6676025390625,115,912,G,C,1,912_G,Mycobacterium,possible
GCF_000157895.3,Mycobacterium kansasii,rrs_1_Mycobacterium kansasii_GCF_000157895.3,1,1531,-1354.469970703125,105,523,C,G,1,523_C,Mycobacterium,possible
GCF_000157895.3,Mycobacterium kansasii,rrs_1_Mycobacterium kansasii_GCF_000157895.3,1,1531,-1354.469970703125,105,893,A,C,1,893_A,Mycobacterium,possible
GCF_000157895.3,Mycobacterium kansasii,rrs_1_Mycobacterium kansasii_GCF_000157895.3,1,1531,-1354.469970703125,105,912,G,C,1,912_G,Mycobacterium,possible
GCF_000005845.2,Escherichia coli,rrs_1_Escherichia coli_GCF_000005845.2,1,1542,2159.381591796875,0,523,C,A,1,523_C,Escherichia,possible
GCF_000005845.2,Escherichia coli,rrs_1_Escherichia coli_GCF_000005845.2,1,1542,2159.381591796875,0,893,A,C,1,893_A,Escherichia,possible
GCF_000005845.2,Escherichia coli,rrs_1_Escherichia coli_GCF_000005845.2,1,1542,2159.381591796875,0,912,G,C,1,912_G,Escherichia,possible
GCF_000005845.2,Escherichia coli,rrs_2_Escherichia coli_GCF_000005845.2,2,1542,2159.382080078125,0,523,C,A,1,523_C,Escherichia,possible
GCF_000005845.2,Escherichia coli,rrs_2_Escherichia coli_GCF_000005845.2,2,1542,2159.382080078125,0,893,A,C,1,893_A,Escherichia,possible
GCF_000005845.2,Escherichia coli,rrs_2_Escherichia coli_GCF_000005845.2,2,1542,2159.382080078125,0,912,G,C,1,912_G,Escherichia,possible
GCF_000005845.2,Escherichia coli,rrs_3_Escherichia coli_GCF_000005845.2,3,1542,2159.382080078125,0,523,C,A,1,523_C,Escherichia,possible
GCF_000005845.2,Escherichia coli,rrs_3_Escherichia coli_GCF_000005845.2,3,1542,2159.382080078125,0,893,A,C,1,893_A,Escherichia,possible
GCF_000005845.2,Escherichia coli,rrs_3_Escherichia coli_GCF_000005845.2,3,1542,2159.382080078125,0,912,G,C,1,912_G,Escherichia,possible
GCF_000005845.2,Escherichia coli,rrs_4_Escherichia coli_GCF_000005845.2,4,1542,2180.467529296875,0,523,C,A,1,523_C,Escherichia,possible
GCF_000005845.2,Escherichia coli,rrs_4_Escherichia coli_GCF_000005845.2,4,1542,2180.467529296875,0,893,A,C,1,893_A,Escherichia,possible
GCF_000005845.2,Escherichia coli,rrs_4_Escherichia coli_GCF_000005845.2,4,1542,2180.467529296875,0,912,G,C,1,912_G,Escherichia,possible
GCF_000005845.2,Escherichia coli,rrs_5_Escherichia coli_GCF_000005845.2,5,1542,2212.095703125,0,523,C,A,1,523_C,Escherichia,possible
GCF_000005845.2,Escherichia coli,rrs_5_Escherichia coli_GCF_000005845.2,5,1542,2212.095703125,0,893,A,C,1,893_A,Escherichia,possible
GCF_000005845.2,Escherichia coli,rrs_5_Escherichia coli_GCF_000005845.2,5,1542,2212.095703125,0,912,G,C,1,912_G,Escherichia,possible
GCF_000005845.2,Escherichia coli,rrs_6_Escherichia coli_GCF_000005845.2,6,1542,2212.095703125,0,523,C,A,1,523_C,Escherichia,possible
GCF_000005845.2,Escherichia coli,rrs_6_Escherichia coli_GCF_000005845.2,6,1542,2212.095703125,0,893,A,C,1,893_A,Escherichia,possible
GCF_000005845.2,Escherichia coli,rrs_6_Escherichia coli_GCF_000005845.2,6,1542,2212.095703125,0,912,G,C,1,912_G,Escherichia,possible
GCF_000005845.2,Escherichia coli,rrs_7_Escherichia coli_GCF_000005845.2,7,1542,2212.095703125,0,523,C,A,1,523_C,Escherichia,possible
GCF_000005845.2,Escherichia coli,rrs_7_Escherichia coli_GCF_000005845.2,7,1542,2212.095703125,0,893,A,C,1,893_A,Escherichia,possible
GCF_000005845.2,Escherichia coli,rrs_7_Escherichia coli_GCF_000005845.2,7,1542,2212.095703125,0,912,G,C,1,912_G,Escherichia,possible
